{"type":"FeatureCollection","metadata":{"title":"South China Sea Natural Earth 1:10m land and minor islands","source":"Natural Earth public-domain 1:10m land and minor-islands datasets","source_inputs":["https://raw.githubusercontent.com/nvkelso/natural-earth-vector/master/geojson/ne_10m_land.geojson","https://raw.githubusercontent.com/nvkelso/natural-earth-vector/master/geojson/ne_10m_minor_islands.geojson"],"bounds":{"west":105.0,"south":3.0,"east":130.0,"north":25.0},"coordinate_order":"longitude, latitude"},"features":[{"type":"Feature","properties":{},"geometry":{"type":"Polygon","coordinates":[[[105.0,25.0],[118.985709,25.0],[118.983246,24.995103],[118.987315,24.979722],[118.997325,24.953437],[119.013194,24.958197],[119.01767,24.960273],[119.009044,24.947333],[118.992686,24.936957],[118.977061,24.934027],[118.969981,24.943549],[118.963715,24.954413],[118.948497,24.956773],[118.911632,24.953437],[118.901134,24.937812],[118.909923,24.907172],[118.934174,24.886054],[118.969981,24.898871],[118.973237,24.893785],[118.973888,24.891913],[118.972504,24.890123],[118.969981,24.885199],[118.972992,24.883734],[118.974946,24.883857],[118.975841,24.882717],[118.976166,24.877753],[118.951996,24.870754],[118.924408,24.86994],[118.89796,24.8758],[118.877208,24.888617],[118.86671,24.891018],[118.837657,24.880561],[118.825938,24.877753],[118.812755,24.881659],[118.802745,24.888088],[118.792084,24.891099],[118.777599,24.885199],[118.780121,24.867825],[118.761974,24.857978],[118.736339,24.851386],[118.716075,24.843573],[118.706065,24.846625],[118.699799,24.851549],[118.69809,24.859524],[118.701752,24.871527],[118.707774,24.877265],[118.72519,24.882799],[118.729747,24.885199],[118.729503,24.900539],[118.72047,24.916897],[118.70753,24.93122],[118.695567,24.940416],[118.69752,24.906806],[118.695567,24.898871],[118.688813,24.895738],[118.684825,24.903306],[118.684337,24.915473],[118.68808,24.926174],[118.682709,24.930976],[118.677257,24.937405],[118.667735,24.953437],[118.661632,24.940863],[118.644054,24.92414],[118.640391,24.915595],[118.647472,24.908515],[118.66212,24.898383],[118.673432,24.886623],[118.671153,24.874661],[118.651215,24.866889],[118.624115,24.867825],[118.595795,24.874742],[118.572032,24.885199],[118.612804,24.85578],[118.619884,24.843573],[118.620616,24.829291],[118.618012,24.817532],[118.617931,24.805325],[118.632579,24.777248],[118.63795,24.772121],[118.640391,24.778754],[118.643809,24.782213],[118.651622,24.782538],[118.660655,24.781887],[118.667735,24.782172],[118.686534,24.792792],[118.69752,24.801663],[118.701752,24.810045],[118.711029,24.804877],[118.715099,24.798326],[118.716319,24.789944],[118.716075,24.778754],[118.719981,24.769355],[118.72877,24.769477],[118.743419,24.775336],[118.759532,24.767768],[118.76295,24.762681],[118.763927,24.751695],[118.748546,24.725165],[118.746837,24.720689],[118.732026,24.716457],[118.720225,24.705552],[118.698741,24.676011],[118.685395,24.66649],[118.675792,24.671454],[118.666515,24.68301],[118.654063,24.693427],[118.6421,24.678697],[118.635997,24.663764],[118.633881,24.647284],[118.633556,24.627875],[118.640229,24.616929],[118.653819,24.6164],[118.664154,24.61225],[118.661469,24.590318],[118.646576,24.568427],[118.620453,24.545478],[118.590831,24.528062],[118.565196,24.522691],[118.56129,24.520697],[118.557221,24.517239],[118.553966,24.518052],[118.551606,24.528957],[118.550873,24.537014],[118.551362,24.545966],[118.554454,24.553209],[118.561534,24.55622],[118.578136,24.560207],[118.571137,24.568996],[118.501231,24.60814],[118.486095,24.610826],[118.474864,24.614325],[118.445323,24.628974],[118.428071,24.631334],[118.432709,24.644721],[118.434662,24.659003],[118.434906,24.689643],[118.431244,24.699693],[118.422618,24.692857],[118.411469,24.680121],[118.40089,24.672309],[118.421886,24.624498],[118.404796,24.606635],[118.379893,24.590237],[118.351654,24.582343],[118.325043,24.590318],[118.317393,24.586982],[118.30714,24.588324],[118.284028,24.597805],[118.279796,24.584703],[118.27296,24.574408],[118.263194,24.57038],[118.249848,24.576117],[118.241791,24.543769],[118.219005,24.541449],[118.194347,24.556464],[118.181163,24.576117],[118.181651,24.597805],[118.191661,24.600898],[118.205089,24.5987],[118.215831,24.60399],[118.21518,24.614814],[118.203705,24.621527],[118.187836,24.624661],[118.174327,24.624498],[118.183849,24.642768],[118.187592,24.657375],[118.181407,24.672756],[118.160492,24.693427],[118.157481,24.662665],[118.15089,24.658637],[118.145274,24.658637],[118.141449,24.656968],[118.137462,24.633775],[118.130951,24.620063],[118.122162,24.607856],[118.112804,24.597805],[118.110362,24.584052],[118.103363,24.584784],[118.092296,24.597805],[118.044444,24.617662],[118.036957,24.597805],[118.04477,24.575995],[118.037364,24.560614],[118.021088,24.554999],[118.00294,24.562445],[118.009288,24.580715],[117.992442,24.571479],[117.974864,24.55272],[117.97877,24.542548],[118.020763,24.536566],[118.044037,24.528266],[118.058116,24.515855],[118.044281,24.498033],[118.036713,24.490871],[118.02711,24.487942],[118.013927,24.487616],[118.009369,24.485541],[118.006928,24.480455],[117.999522,24.470852],[118.007579,24.465725],[118.020274,24.454657],[118.021739,24.445746],[117.996104,24.446967],[117.911876,24.478949],[117.867686,24.489569],[117.825938,24.480455],[117.846283,24.475084],[117.866222,24.473578],[117.884858,24.468655],[117.901134,24.453192],[117.815684,24.471625],[117.79127,24.467475],[117.79127,24.460639],[117.874604,24.396308],[117.907319,24.384914],[117.98935,24.394761],[118.019542,24.406195],[118.030121,24.412828],[118.042979,24.406684],[118.047455,24.399075],[118.046886,24.389635],[118.040782,24.365627],[118.035737,24.361029],[118.03004,24.35814],[118.023936,24.350775],[118.01588,24.32685],[118.024181,24.323554],[118.037364,24.331285],[118.044444,24.340522],[118.052989,24.34691],[118.071788,24.348863],[118.090587,24.341457],[118.099132,24.319729],[118.102306,24.314276],[118.116466,24.304511],[118.11964,24.299262],[118.120616,24.279527],[118.122651,24.270738],[118.126475,24.26203],[118.108735,24.261054],[118.084727,24.249091],[118.071788,24.254584],[118.059337,24.24551],[118.038341,24.220201],[118.023936,24.206732],[118.016205,24.203111],[117.99643,24.197414],[117.989268,24.193101],[117.98642,24.187161],[117.982514,24.169176],[117.97877,24.162095],[117.967865,24.159817],[117.962657,24.173814],[117.958507,24.20307],[117.943614,24.212592],[117.93214,24.207953],[117.920909,24.196682],[117.907319,24.186265],[117.932384,24.17829],[117.937755,24.161689],[117.930512,24.141099],[117.901378,24.098619],[117.895763,24.086615],[117.893647,24.07331],[117.8956,24.060981],[117.898692,24.050523],[117.899425,24.040188],[117.893647,24.028022],[117.862315,24.035224],[117.839122,24.023627],[117.798106,23.980211],[117.771983,23.95893],[117.765473,23.947333],[117.763276,23.929348],[117.758637,23.915473],[117.748057,23.907538],[117.736583,23.908108],[117.729259,23.919379],[117.737885,23.950507],[117.791352,24.001532],[117.798106,24.021796],[117.786469,24.028144],[117.761729,24.014838],[117.757091,24.024888],[117.769786,24.031317],[117.776134,24.037299],[117.774181,24.045396],[117.770274,24.051459],[117.763276,24.070258],[117.757091,24.070258],[117.750011,24.037299],[117.724132,24.033759],[117.692231,24.046536],[117.667084,24.06273],[117.67099,24.048],[117.679698,24.039049],[117.692231,24.035224],[117.708751,24.035468],[117.688487,23.997504],[117.687266,23.979071],[117.695079,23.953559],[117.671565,23.931411],[117.648633,23.909234],[117.6336,23.874158],[117.625536,23.840153],[117.626008,23.812233],[117.639269,23.794102],[117.619395,23.774807],[117.612559,23.762681],[117.591669,23.737064],[117.589525,23.756154],[117.587462,23.77778],[117.602012,23.798949],[117.600108,23.83397],[117.598155,23.852444],[117.592052,23.870998],[117.582367,23.889309],[117.571056,23.903266],[117.556733,23.913235],[117.537364,23.919379],[117.47462,23.920966],[117.454845,23.925605],[117.430186,23.943752],[117.416596,23.946845],[117.407074,23.933051],[117.409679,23.913398],[117.427094,23.910386],[117.449799,23.913479],[117.468516,23.911933],[117.499596,23.874072],[117.490073,23.832579],[117.463477,23.788287],[117.434331,23.775922],[117.382416,23.795233],[117.368907,23.792629],[117.360932,23.785956],[117.354584,23.777411],[117.345551,23.768541],[117.319102,23.761623],[117.303966,23.77558],[117.292572,23.789496],[117.277354,23.782213],[117.292328,23.762152],[117.285737,23.746772],[117.271921,23.721306],[117.276242,23.687743],[117.267965,23.679792],[117.263649,23.655425],[117.279122,23.636268],[117.257093,23.615616],[117.238964,23.605473],[117.235964,23.624311],[117.235538,23.639819],[117.24409,23.657548],[117.235606,23.671454],[117.229503,23.692816],[117.22519,23.684719],[117.208507,23.664944],[117.217181,23.652511],[117.22041,23.640201],[117.219201,23.629628],[117.185883,23.621039],[117.174653,23.61636],[117.15083,23.606867],[117.12846,23.572354],[117.099464,23.55431],[117.084228,23.550606],[117.078407,23.564611],[117.080468,23.574347],[117.08356,23.58895],[117.076003,23.604627],[117.07919,23.622489],[117.077881,23.63883],[117.068413,23.651273],[117.057798,23.653965],[117.044444,23.655666],[117.034272,23.661322],[117.023448,23.658677],[117.018321,23.647895],[117.009502,23.644542],[116.985356,23.640228],[116.965072,23.615438],[116.950705,23.610883],[116.927582,23.624742],[116.917572,23.637926],[116.940929,23.658677],[116.927501,23.664496],[116.916515,23.662746],[116.908946,23.654608],[116.906098,23.641303],[116.900727,23.634263],[116.877452,23.618354],[116.872081,23.606879],[116.874278,23.598619],[116.879161,23.593573],[116.884044,23.586615],[116.886241,23.573065],[116.883311,23.559638],[116.875499,23.547065],[116.854991,23.524888],[116.849701,23.511298],[116.854259,23.497382],[116.872621,23.473807],[116.866628,23.450233],[116.773224,23.349432],[116.75294,23.350246],[116.746567,23.349207],[116.73241,23.351132],[116.712989,23.355629],[116.692882,23.359931],[116.680756,23.357001],[116.657844,23.354452],[116.621918,23.369127],[116.56894,23.391018],[116.557872,23.40176],[116.553477,23.414252],[116.543224,23.42121],[116.531749,23.422553],[116.523204,23.418524],[116.521739,23.4112],[116.523204,23.377509],[116.533214,23.361884],[116.552257,23.341498],[116.573009,23.323676],[116.587983,23.316107],[116.608409,23.320461],[116.641889,23.318835],[116.660976,23.337223],[116.69124,23.338977],[116.709414,23.31977],[116.727074,23.316116],[116.730112,23.330754],[116.748635,23.326288],[116.765631,23.297351],[116.768528,23.272821],[116.77711,23.240383],[116.786179,23.235723],[116.794269,23.239622],[116.804822,23.236122],[116.783946,23.212388],[116.754161,23.233385],[116.731293,23.257717],[116.705577,23.276597],[116.667247,23.281317],[116.67921,23.271389],[116.695079,23.265692],[116.708995,23.258531],[116.715099,23.243801],[116.705502,23.238344],[116.689308,23.229731],[116.671166,23.214639],[116.661748,23.193648],[116.646755,23.162991],[116.637021,23.164018],[116.629296,23.17397],[116.615216,23.178349],[116.613772,23.190607],[116.616754,23.20277],[116.618148,23.221479],[116.61151,23.23873],[116.588585,23.244934],[116.569976,23.246973],[116.516856,23.235175],[116.508881,23.234117],[116.509288,23.216376],[116.526988,23.200621],[116.541429,23.210105],[116.553158,23.216373],[116.563975,23.222968],[116.574555,23.224107],[116.602949,23.217738],[116.604504,23.209557],[116.601496,23.196581],[116.569916,23.177692],[116.545121,23.144775],[116.533648,23.109135],[116.551656,23.086724],[116.548496,23.066402],[116.554846,23.036094],[116.56325,23.018774],[116.547852,23.006039],[116.521936,22.998411],[116.518474,22.967456],[116.494688,22.939352],[116.45851,22.94742],[116.42629,22.937425],[116.379607,22.928984],[116.353038,22.938056],[116.338251,22.951857],[116.298487,22.963247],[116.289064,22.978943],[116.26226,22.973737],[116.234711,22.980414],[116.213634,22.982815],[116.20102,22.973456],[116.234874,22.960273],[116.252289,22.959052],[116.269379,22.96662],[116.281458,22.957857],[116.246181,22.93159],[116.221009,22.91901],[116.214563,22.908522],[116.200088,22.896555],[116.170989,22.864465],[116.14491,22.847823],[116.129651,22.839135],[116.113561,22.83291],[116.09569,22.8259],[116.084672,22.849765],[116.091253,22.86841],[116.123721,22.894729],[116.087006,22.906562],[116.042105,22.932918],[116.041881,22.922321],[116.0713,22.897773],[116.087254,22.889694],[116.076178,22.867871],[116.053772,22.855229],[116.047862,22.851793],[116.037446,22.850898],[116.026107,22.845127],[116.011796,22.838044],[115.996718,22.836684],[115.966075,22.817206],[115.958014,22.804743],[115.939488,22.807516],[115.933263,22.805994],[115.903738,22.789376],[115.883497,22.794619],[115.854882,22.77879],[115.843212,22.770025],[115.825956,22.746644],[115.81003,22.746091],[115.797812,22.75445],[115.79546,22.769988],[115.790484,22.7872],[115.788039,22.797842],[115.795014,22.800279],[115.799408,22.794664],[115.801362,22.786851],[115.806488,22.778266],[115.813569,22.776272],[115.814708,22.786119],[115.812755,22.799547],[115.809906,22.808336],[115.804779,22.81509],[115.798432,22.819525],[115.790375,22.821926],[115.785055,22.825678],[115.776344,22.832346],[115.763237,22.841487],[115.73687,22.851673],[115.697036,22.850671],[115.703581,22.869323],[115.684266,22.877779],[115.682465,22.88817],[115.692638,22.900092],[115.70517,22.907375],[115.713878,22.904527],[115.721283,22.904527],[115.72755,22.922756],[115.733735,22.931871],[115.730317,22.934231],[115.691987,22.929023],[115.683116,22.924262],[115.666596,22.904527],[115.653331,22.893744],[115.639415,22.88935],[115.583995,22.880316],[115.577891,22.877265],[115.574067,22.871731],[115.564952,22.853258],[115.560557,22.849311],[115.539887,22.852932],[115.53297,22.862047],[115.536632,22.874335],[115.546886,22.887152],[115.547618,22.895413],[115.533783,22.898261],[115.505626,22.897773],[115.496349,22.903062],[115.468272,22.9265],[115.450938,22.931871],[115.442393,22.929674],[115.438324,22.920356],[115.430186,22.918199],[115.423839,22.918769],[115.406016,22.925035],[115.418549,22.907701],[115.427257,22.900621],[115.437022,22.897773],[115.446137,22.89997],[115.455414,22.909735],[115.464203,22.912014],[115.483002,22.901842],[115.496104,22.880316],[115.494151,22.860785],[115.468028,22.856757],[115.468028,22.849311],[115.478608,22.84748],[115.505626,22.849311],[115.515147,22.847317],[115.530365,22.838324],[115.54005,22.836249],[115.559418,22.836086],[115.565929,22.837958],[115.577891,22.843166],[115.586925,22.849351],[115.593354,22.856391],[115.600597,22.861884],[115.612071,22.863593],[115.591319,22.84748],[115.556244,22.807435],[115.538966,22.788904],[115.527017,22.767042],[115.523936,22.741767],[115.555588,22.71437],[115.565753,22.737081],[115.567321,22.747281],[115.586192,22.745103],[115.590099,22.737209],[115.580903,22.723334],[115.562511,22.705634],[115.56422,22.684882],[115.575219,22.668336],[115.536156,22.668123],[115.522096,22.676503],[115.491193,22.687587],[115.464818,22.701034],[115.438265,22.700599],[115.421264,22.690236],[115.394298,22.689683],[115.373508,22.694177],[115.361272,22.704137],[115.348205,22.717369],[115.338471,22.7331],[115.350678,22.746894],[115.358409,22.748684],[115.388927,22.746894],[115.397553,22.748765],[115.40976,22.75788],[115.424133,22.761993],[115.422373,22.771797],[115.411208,22.788268],[115.386241,22.782904],[115.374767,22.773285],[115.363994,22.763645],[115.33057,22.78854],[115.289144,22.791553],[115.251081,22.78798],[115.233391,22.788209],[115.232767,22.80534],[115.258564,22.820463],[115.30304,22.838614],[115.32016,22.850531],[115.324799,22.859565],[115.313731,22.863593],[115.309418,22.869371],[115.310557,22.882473],[115.317149,22.904527],[115.303803,22.903022],[115.292247,22.895331],[115.272227,22.873847],[115.255951,22.847846],[115.245616,22.835354],[115.231456,22.830064],[115.217294,22.834891],[115.196013,22.831898],[115.172944,22.821194],[115.174407,22.806892],[115.180271,22.784806],[115.158273,22.792417],[115.150566,22.809634],[115.132878,22.811454],[115.111664,22.802151],[115.101085,22.800116],[115.065475,22.795985],[115.050304,22.781684],[115.045665,22.775865],[115.041026,22.761623],[115.036632,22.75373],[115.02233,22.743513],[115.017828,22.737044],[115.022081,22.726392],[115.030794,22.717322],[115.028903,22.708377],[115.018277,22.706869],[115.008513,22.70372],[114.998772,22.702201],[114.992521,22.697381],[114.985342,22.689309],[114.98003,22.688554],[114.971258,22.692735],[114.959835,22.696134],[114.95467,22.703544],[114.956584,22.71574],[114.95237,22.728833],[114.945811,22.742255],[114.941661,22.753852],[114.926768,22.761176],[114.916759,22.744045],[114.90311,22.748924],[114.889059,22.763748],[114.876719,22.767957],[114.862524,22.763216],[114.870379,22.753348],[114.881873,22.747523],[114.886217,22.736075],[114.878145,22.729638],[114.880736,22.72147],[114.890447,22.714055],[114.902858,22.713934],[114.909996,22.723615],[114.926726,22.71693],[114.937229,22.709492],[114.946689,22.696329],[114.955302,22.684794],[114.966629,22.676487],[114.95045,22.664984],[114.938731,22.657294],[114.924897,22.638658],[114.901938,22.598057],[114.905213,22.57844],[114.919119,22.561155],[114.895966,22.547524],[114.883641,22.550916],[114.880215,22.559113],[114.889234,22.572894],[114.88682,22.590872],[114.865816,22.601745],[114.832229,22.602077],[114.806416,22.592509],[114.774609,22.597693],[114.754145,22.589714],[114.743776,22.609404],[114.742242,22.62738],[114.742483,22.646964],[114.73745,22.669046],[114.74999,22.678724],[114.753778,22.693385],[114.738879,22.710647],[114.741951,22.732653],[114.752545,22.749662],[114.778551,22.762453],[114.795421,22.769924],[114.802013,22.773383],[114.813243,22.774848],[114.817638,22.77912],[114.821252,22.79056],[114.816954,22.800389],[114.807279,22.805383],[114.798466,22.808736],[114.792735,22.81094],[114.78476,22.815863],[114.775238,22.815823],[114.769786,22.810452],[114.762462,22.791083],[114.754893,22.781684],[114.734141,22.775784],[114.716732,22.790803],[114.695481,22.792642],[114.683812,22.781333],[114.664219,22.774176],[114.645484,22.767006],[114.637787,22.755072],[114.617198,22.750067],[114.602546,22.740458],[114.579378,22.733311],[114.563324,22.732733],[114.564986,22.717916],[114.571096,22.702354],[114.552338,22.694525],[114.542247,22.695299],[114.532481,22.69953],[114.522065,22.705959],[114.52378,22.687214],[114.5171,22.676418],[114.505926,22.663689],[114.499576,22.653114],[114.506607,22.646523],[114.534906,22.644648],[114.523411,22.645563],[114.548216,22.644541],[114.562511,22.648342],[114.573253,22.654446],[114.58253,22.65526],[114.590343,22.643866],[114.577647,22.635891],[114.560883,22.608791],[114.546641,22.602932],[114.529145,22.598334],[114.513927,22.587348],[114.502208,22.57392],[114.495372,22.561957],[114.502045,22.550849],[114.509288,22.549547],[114.518158,22.552802],[114.529552,22.555121],[114.529796,22.557359],[114.532481,22.562323],[114.53712,22.567206],[114.543224,22.569403],[114.547211,22.567084],[114.554779,22.557318],[114.559906,22.555121],[114.572765,22.551459],[114.593272,22.541897],[114.611583,22.528713],[114.617686,22.514146],[114.607514,22.504381],[114.587657,22.495592],[114.570532,22.484291],[114.542162,22.477993],[114.529667,22.468285],[114.515816,22.452643],[114.501557,22.452094],[114.492198,22.463975],[114.49114,22.464626],[114.485118,22.468329],[114.484467,22.474351],[114.483246,22.484565],[114.477224,22.489529],[114.476817,22.489895],[114.47698,22.490424],[114.480154,22.500149],[114.47641,22.509426],[114.484548,22.516995],[114.48699,22.521918],[114.485118,22.53441],[114.479584,22.539333],[114.479584,22.54621],[114.471202,22.551703],[114.462169,22.561754],[114.45574,22.570502],[114.446951,22.57156],[114.445323,22.571763],[114.440359,22.568671],[114.436778,22.577379],[114.437348,22.579372],[114.438487,22.582953],[114.433035,22.591091],[114.424327,22.601671],[114.414236,22.604804],[114.408702,22.61164],[114.395763,22.613511],[114.3956,22.613511],[114.380138,22.610338],[114.360688,22.604804],[114.340261,22.597886],[114.329112,22.605007],[114.328461,22.605455],[114.328054,22.604763],[114.324555,22.598538],[114.317149,22.602362],[114.316905,22.6022],[114.305349,22.594184],[114.30714,22.585435],[114.302175,22.582953],[114.276215,22.587958],[114.269623,22.582953],[114.249685,22.570502],[114.238292,22.559923],[114.229828,22.555813],[114.234711,22.556179],[114.227224,22.547065],[114.222179,22.541449],[114.214854,22.534491],[114.209972,22.534491],[114.209321,22.523708],[114.217947,22.526028],[114.218679,22.529853],[114.230398,22.532945],[114.234304,22.536933],[114.242035,22.550198],[114.245942,22.550971],[114.249034,22.547838],[114.254568,22.550971],[114.25766,22.547838],[114.253266,22.539455],[114.259207,22.540798],[114.265636,22.535264],[114.265147,22.528469],[114.27003,22.52558],[114.278005,22.529853],[114.279796,22.526028],[114.279796,22.519721],[114.27768,22.511664],[114.285167,22.511176],[114.289236,22.505194],[114.298513,22.501003],[114.326589,22.508775],[114.332774,22.511949],[114.335134,22.506415],[114.316335,22.492377],[114.305431,22.483018],[114.29363,22.478258],[114.280447,22.472886],[114.268728,22.465033],[114.264089,22.458075],[114.253754,22.451768],[114.245942,22.451768],[114.231212,22.469794],[114.217133,22.467353],[114.211762,22.470567],[114.209321,22.465806],[114.210948,22.457302],[114.215587,22.454983],[114.217133,22.447943],[114.209972,22.44949],[114.209321,22.454088],[114.20224,22.458075],[114.190603,22.456529],[114.186697,22.451768],[114.167491,22.448065],[114.176524,22.443223],[114.187511,22.436143],[114.200206,22.428168],[114.211762,22.4206],[114.209972,22.412746],[114.214854,22.408881],[114.209321,22.398668],[114.215587,22.400336],[114.223399,22.415025],[114.234223,22.42475],[114.23821,22.43537],[114.243826,22.435533],[114.251475,22.430732],[114.267182,22.430732],[114.269379,22.425523],[114.267182,22.415961],[114.272553,22.409654],[114.276459,22.419827],[114.288992,22.426011],[114.276459,22.443996],[114.288992,22.453315],[114.301606,22.456529],[114.300792,22.465033],[114.323741,22.480048],[114.325043,22.475206],[114.33074,22.474107],[114.325043,22.46426],[114.335704,22.461737],[114.338064,22.446357],[114.332774,22.440009],[114.337413,22.431586],[114.342784,22.43769],[114.347585,22.422919],[114.352306,22.423692],[114.351573,22.440985],[114.359874,22.461168],[114.367849,22.454983],[114.367361,22.446275],[114.370209,22.440009],[114.385753,22.439236],[114.39975,22.436143],[114.39739,22.428412],[114.401296,22.412746],[114.389334,22.417914],[114.381765,22.419053],[114.370209,22.397976],[114.375011,22.400539],[114.384939,22.387356],[114.38974,22.365953],[114.386567,22.36522],[114.385753,22.370185],[114.376394,22.370632],[114.379487,22.362087],[114.37558,22.353461],[114.370209,22.348822],[114.36085,22.345771],[114.357595,22.332424],[114.352306,22.339464],[114.352306,22.351915],[114.34197,22.345771],[114.339041,22.352688],[114.332774,22.359768],[114.334321,22.375312],[114.320404,22.380764],[114.318614,22.38939],[114.310069,22.383775],[114.300059,22.381578],[114.285981,22.390977],[114.278005,22.390977],[114.268728,22.378445],[114.273367,22.363634],[114.279796,22.355007],[114.276459,22.348049],[114.267182,22.35578],[114.266368,22.365953],[114.258393,22.362087],[114.255544,22.355902],[114.265798,22.34634],[114.272553,22.320705],[114.277192,22.3192],[114.29127,22.316555],[114.292084,22.305162],[114.29599,22.305162],[114.303884,22.306708],[114.311615,22.297309],[114.305675,22.290758],[114.297699,22.285631],[114.290538,22.28795],[114.288992,22.287177],[114.289724,22.281684],[114.289561,22.273912],[114.300059,22.277045],[114.303152,22.269192],[114.303152,22.262152],[114.296723,22.258287],[114.288992,22.264594],[114.278331,22.270453],[114.279796,22.279364],[114.273367,22.295762],[114.264822,22.301947],[114.265636,22.309801],[114.266368,22.315985],[114.255544,22.322333],[114.251475,22.305162],[114.253022,22.295762],[114.238943,22.281684],[114.228119,22.291856],[114.211762,22.310574],[114.214854,22.301174],[114.212494,22.301174],[114.195486,22.318264],[114.186534,22.308743],[114.191417,22.301947],[114.191417,22.298896],[114.183686,22.301947],[114.181651,22.29442],[114.176524,22.291083],[114.171886,22.288723],[114.167247,22.294176],[114.168224,22.305487],[114.165701,22.310574],[114.164887,22.315212],[114.159516,22.315212],[114.159516,22.322252],[114.152192,22.328518],[114.138194,22.336005],[114.12436,22.342231],[114.123546,22.337144],[114.113373,22.352688],[114.111013,22.365953],[114.104828,22.369859],[114.097504,22.363023],[114.079112,22.365953],[114.078298,22.36286],[114.070404,22.36286],[114.067231,22.358995],[114.057953,22.361314],[114.050222,22.358995],[114.039887,22.355007],[114.020518,22.350369],[114.014985,22.353461],[114.014985,22.358995],[113.998627,22.358995],[113.991873,22.364081],[113.982677,22.366767],[113.976736,22.379218],[113.972911,22.379991],[113.970632,22.387071],[113.964366,22.380683],[113.97462,22.372056],[113.954926,22.369859],[113.944835,22.362087],[113.930675,22.369086],[113.925955,22.369086],[113.914399,22.376125],[113.918305,22.387844],[113.910574,22.398668],[113.896983,22.408759],[113.909434,22.418606],[113.930675,22.419827],[113.94101,22.426785],[113.954112,22.44949],[113.97755,22.458848],[113.998627,22.488552],[114.004893,22.488552],[114.012706,22.486111],[114.011729,22.480048],[114.01116,22.472886],[114.014985,22.475206],[114.026785,22.478258],[114.029877,22.478258],[114.031423,22.482245],[114.03061,22.487657],[114.03061,22.49551],[114.042247,22.501003],[114.057953,22.504869],[114.061778,22.508775],[114.065766,22.515855],[114.073497,22.518175],[114.078298,22.519721],[114.085297,22.522935],[114.082367,22.529364],[114.079112,22.527574],[114.079682,22.523749],[114.067231,22.521918],[114.058442,22.516995],[114.055268,22.506944],[114.042003,22.506781],[114.038748,22.510565],[114.038097,22.511379],[114.035818,22.513821],[114.035492,22.514146],[114.035411,22.514228],[114.018565,22.522569],[113.999278,22.530626],[113.987478,22.531846],[113.984386,22.533718],[113.970632,22.533718],[113.963796,22.538113],[113.960297,22.528469],[113.951939,22.523841],[113.948901,22.5112],[113.948816,22.500348],[113.947758,22.490406],[113.935802,22.488918],[113.925059,22.487047],[113.915294,22.488674],[113.913422,22.487616],[113.91033,22.485826],[113.909679,22.477647],[113.890345,22.452712],[113.881479,22.473333],[113.874363,22.478184],[113.867873,22.494829],[113.866155,22.511493],[113.881847,22.514146],[113.893891,22.521145],[113.879893,22.536689],[113.843761,22.561957],[113.833832,22.571926],[113.822358,22.587226],[113.812836,22.604397],[113.799157,22.631001],[113.793568,22.661614],[113.772934,22.672448],[113.764659,22.734809],[113.758067,22.753404],[113.744395,22.761176],[113.712169,22.763332],[113.699718,22.761176],[113.695079,22.757473],[113.691173,22.751614],[113.684581,22.746894],[113.672374,22.746894],[113.653575,22.758734],[113.656261,22.776842],[113.662608,22.798082],[113.655284,22.819241],[113.643565,22.834174],[113.632579,22.853095],[113.617198,22.890286],[113.61085,22.87637],[113.610118,22.862047],[113.612885,22.848375],[113.617198,22.836249],[113.605561,22.847235],[113.602306,22.86636],[113.604991,22.887519],[113.610362,22.904527],[113.602875,22.89765],[113.597992,22.889635],[113.596039,22.880561],[113.592296,22.889065],[113.611339,22.933783],[113.617198,22.956041],[113.619151,22.979397],[113.62436,22.999213],[113.638194,23.034898],[113.630707,23.034898],[113.61671,23.00788],[113.612071,22.994696],[113.609141,22.962877],[113.601817,22.930609],[113.59669,22.918199],[113.594981,22.929592],[113.595063,22.94477],[113.597992,22.960517],[113.604096,22.973456],[113.602631,22.987738],[113.605072,23.00141],[113.617198,23.034898],[113.599213,23.009223],[113.586681,22.953559],[113.576182,22.938707],[113.582042,22.957465],[113.583832,22.978461],[113.583018,23.021226],[113.56422,22.996894],[113.553966,22.987616],[113.542003,22.986518],[113.532725,22.995754],[113.528819,23.01081],[113.528331,23.038031],[113.536388,23.063137],[113.556407,23.084133],[113.582123,23.098456],[113.637218,23.109117],[113.691987,23.132554],[113.720225,23.137926],[113.731456,23.133857],[113.744233,23.126044],[113.758067,23.121568],[113.784434,23.131741],[113.800873,23.128404],[113.830089,23.117499],[113.813243,23.129788],[113.797944,23.134345],[113.761078,23.137926],[113.745372,23.143012],[113.719819,23.155341],[113.703136,23.157782],[113.67392,23.150458],[113.626475,23.117987],[113.593272,23.110663],[113.587657,23.106106],[113.550873,23.087877],[113.542003,23.086412],[113.536876,23.075019],[113.524669,23.066596],[113.509125,23.062161],[113.494233,23.062812],[113.44516,23.089342],[113.417491,23.096991],[113.398692,23.083319],[113.419281,23.065497],[113.451427,23.062323],[113.481212,23.0515],[113.502312,23.020424],[113.503844,22.989833],[113.491232,22.953953],[113.480968,22.935696],[113.484223,22.929348],[113.483979,22.924262],[113.473725,22.918199],[113.467865,22.919013],[113.446381,22.928453],[113.429942,22.931342],[113.336518,22.897773],[113.307628,22.89411],[113.212983,22.912014],[113.212983,22.904527],[113.234874,22.899644],[113.258067,22.897773],[113.263927,22.894599],[113.283051,22.880439],[113.292247,22.877265],[113.312592,22.881008],[113.332042,22.887519],[113.350434,22.889716],[113.367931,22.880683],[113.425873,22.815823],[113.440033,22.804145],[113.494233,22.774848],[113.46339,22.762397],[113.451915,22.755113],[113.439545,22.739447],[113.426036,22.749416],[113.377533,22.767401],[113.39503,22.748196],[113.453624,22.725735],[113.466319,22.716498],[113.476329,22.699856],[113.516277,22.671418],[113.553043,22.638472],[113.563844,22.614444],[113.59917,22.57518],[113.594738,22.52339],[113.562511,22.480414],[113.546355,22.437585],[113.551571,22.395837],[113.558116,22.380764],[113.581635,22.371324],[113.610362,22.370185],[113.599457,22.350531],[113.59726,22.341539],[113.59669,22.325751],[113.592296,22.316148],[113.583018,22.309516],[113.573578,22.300727],[113.574702,22.284832],[113.57721,22.266637],[113.583748,22.263459],[113.589987,22.253415],[113.587655,22.237882],[113.561196,22.23373],[113.552857,22.219006],[113.538585,22.221747],[113.52296,22.213039],[113.52947,22.202867],[113.529877,22.202257],[113.528087,22.199937],[113.521495,22.191311],[113.49723,22.171641],[113.483745,22.155142],[113.459214,22.158004],[113.425629,22.186225],[113.419037,22.208808],[113.411876,22.225531],[113.364513,22.267768],[113.362315,22.27497],[113.360199,22.293158],[113.357026,22.301907],[113.351573,22.308336],[113.303233,22.343655],[113.276378,22.372056],[113.255626,22.403876],[113.242686,22.457465],[113.231944,22.479071],[113.177582,22.564114],[113.165294,22.575588],[113.158458,22.506741],[113.160167,22.487616],[113.165619,22.478746],[113.18922,22.462592],[113.227306,22.425279],[113.302989,22.30976],[113.318158,22.289166],[113.328506,22.268476],[113.354015,22.243557],[113.364513,22.230129],[113.401971,22.179574],[113.362559,22.171454],[113.350841,22.171536],[113.32545,22.183661],[113.312999,22.185777],[113.302745,22.183295],[113.297944,22.176825],[113.294688,22.167873],[113.285655,22.153266],[113.282237,22.145413],[113.278168,22.14053],[113.273529,22.138373],[113.263438,22.13703],[113.250987,22.115668],[113.246593,22.103461],[113.25587,22.082668],[113.254975,22.071112],[113.251231,22.060736],[113.247162,22.054267],[113.230561,22.043158],[113.214122,22.045315],[113.194692,22.046395],[113.178314,22.040914],[113.157467,22.0247],[113.13963,22.036852],[113.118857,22.065838],[113.110606,22.099189],[113.115326,22.113471],[113.124522,22.13109],[113.118244,22.143746],[113.127452,22.160956],[113.119151,22.171942],[113.113292,22.187405],[113.110362,22.204169],[113.110606,22.219306],[113.085053,22.207587],[113.07729,22.147267],[113.057893,22.121094],[113.026614,22.143212],[113.020638,22.125978],[113.02211,22.101146],[113.01762,22.081843],[113.016105,22.057712],[113.018304,22.03495],[113.018286,22.021158],[113.022729,22.002534],[113.021213,21.984605],[113.018969,21.97702],[113.021195,21.972191],[113.028618,21.961148],[113.02562,21.949425],[113.016676,21.942533],[113.001475,21.938707],[112.994721,21.938422],[112.98935,21.937323],[112.987071,21.928534],[112.985932,21.920559],[112.980968,21.907172],[112.979584,21.90119],[112.972667,21.892076],[112.957081,21.875653],[112.92878,21.865299],[112.911586,21.856291],[112.879405,21.87519],[112.871104,21.893744],[112.858979,21.932522],[112.851573,21.94831],[112.840831,21.960924],[112.82602,21.966132],[112.814789,21.961575],[112.807709,21.952826],[112.800385,21.94717],[112.788585,21.951809],[112.743744,21.931952],[112.740245,21.925442],[112.737641,21.896877],[112.730479,21.890326],[112.706065,21.891791],[112.70045,21.890326],[112.6963,21.88581],[112.690929,21.875149],[112.685557,21.869859],[112.645112,21.849351],[112.647553,21.822659],[112.633067,21.795803],[112.608002,21.775092],[112.579112,21.766832],[112.550873,21.772854],[112.443207,21.828437],[112.426036,21.84516],[112.41505,21.868476],[112.411143,21.90119],[112.424164,21.917792],[112.481456,21.944648],[112.493663,21.966132],[112.486176,21.966132],[112.468842,21.955959],[112.43629,21.945624],[112.404796,21.942857],[112.390636,21.955512],[112.388438,21.963121],[112.37851,21.976874],[112.376313,21.986558],[112.377208,21.994574],[112.381684,22.006741],[112.392833,22.056301],[112.397472,22.068508],[112.378184,22.058417],[112.364838,22.034491],[112.357514,22.005357],[112.356537,21.979722],[112.370128,21.938788],[112.387706,21.908759],[112.390636,21.90119],[112.387787,21.876166],[112.388438,21.86225],[112.394054,21.856269],[112.39796,21.850572],[112.401134,21.83747],[112.404307,21.81151],[112.40211,21.801418],[112.392833,21.785142],[112.38795,21.75609],[112.38144,21.748521],[112.372569,21.742621],[112.363292,21.733344],[112.332123,21.724066],[112.286225,21.708808],[112.244884,21.706529],[112.226817,21.729641],[112.216645,21.735541],[112.196869,21.742336],[112.182384,21.752997],[112.188975,21.770575],[112.198985,21.786811],[112.203136,21.806708],[112.200938,21.826728],[112.192638,21.843166],[112.182221,21.823147],[112.172699,21.814439],[112.085541,21.796088],[112.047211,21.794989],[112.028168,21.797349],[112.013031,21.804389],[112.007091,21.818671],[112.01295,21.834621],[112.037364,21.862494],[112.04127,21.884182],[112.034434,21.884182],[112.018809,21.859809],[111.993175,21.834174],[111.969249,21.824042],[111.951671,21.864976],[111.934093,21.890448],[111.911876,21.91356],[111.890391,21.925116],[111.888927,21.899115],[111.890636,21.867377],[111.895763,21.837063],[111.904063,21.815253],[111.920665,21.800035],[111.946381,21.785875],[111.975108,21.77619],[112.000255,21.774319],[111.991954,21.763821],[111.914561,21.719062],[111.905772,21.715888],[111.904063,21.708808],[111.904145,21.701728],[111.900645,21.698554],[111.895763,21.695868],[111.884288,21.682847],[111.87672,21.678127],[111.867931,21.676703],[111.838878,21.678127],[111.836925,21.685289],[111.842296,21.699042],[111.85377,21.707424],[111.869884,21.698554],[111.87672,21.698554],[111.875336,21.709703],[111.869477,21.716742],[111.860606,21.721503],[111.849376,21.725816],[111.836192,21.716986],[111.829356,21.728705],[111.828949,21.749213],[111.835053,21.766832],[111.822276,21.752102],[111.806895,21.743313],[111.793956,21.744534],[111.787934,21.759996],[111.769786,21.753607],[111.757904,21.753323],[111.725841,21.766832],[111.721202,21.762641],[111.700938,21.768378],[111.678071,21.781155],[111.695567,21.76142],[111.76059,21.725816],[111.772472,21.705471],[111.779633,21.675442],[111.773692,21.650133],[111.746918,21.643948],[111.760346,21.640204],[111.772472,21.635199],[111.782074,21.62759],[111.787934,21.616034],[111.748139,21.614447],[111.728363,21.61636],[111.712901,21.62344],[111.69044,21.603827],[111.665782,21.558661],[111.651378,21.54092],[111.640473,21.533149],[111.630463,21.529853],[111.619721,21.533026],[111.606456,21.544623],[111.600922,21.554145],[111.596528,21.565497],[111.591075,21.575751],[111.581879,21.581855],[111.580821,21.568345],[111.582042,21.555487],[111.586436,21.543769],[111.595551,21.534084],[111.577729,21.530015],[111.556651,21.522366],[111.537852,21.520453],[111.527192,21.534084],[111.521007,21.534084],[111.516612,21.524563],[111.504487,21.518215],[111.48935,21.514716],[111.476085,21.513617],[111.46811,21.518256],[111.467133,21.529446],[111.472667,21.554592],[111.455333,21.551174],[111.444102,21.563625],[111.432221,21.602973],[111.424327,21.590277],[111.41212,21.576321],[111.411143,21.568264],[111.415538,21.557685],[111.430919,21.544013],[111.437999,21.534084],[111.387787,21.541449],[111.362804,21.541205],[111.349701,21.526679],[111.363048,21.532416],[111.376475,21.532701],[111.404307,21.526679],[111.393565,21.51968],[111.362804,21.506781],[111.356456,21.501288],[111.34433,21.487494],[111.292491,21.450629],[111.267345,21.439358],[111.25294,21.444729],[111.269054,21.452135],[111.280284,21.465318],[111.30128,21.499335],[111.279796,21.506293],[111.255626,21.517279],[111.232188,21.524563],[111.212657,21.520453],[111.206309,21.53205],[111.192393,21.531195],[111.15797,21.520453],[111.15797,21.513617],[111.171641,21.513617],[111.167572,21.508612],[111.164968,21.506008],[111.171641,21.499335],[111.184174,21.505764],[111.198822,21.507799],[111.213634,21.505683],[111.226329,21.499335],[111.184581,21.485663],[111.161632,21.476386],[111.143647,21.465806],[111.134044,21.471625],[111.119884,21.473375],[111.08839,21.472642],[111.08839,21.480129],[111.129975,21.493109],[111.129975,21.499335],[111.12672,21.50259],[111.12379,21.506781],[111.11671,21.500963],[111.107677,21.495795],[111.097911,21.492662],[111.08839,21.493109],[111.079356,21.49787],[111.078461,21.502875],[111.079356,21.508124],[111.07545,21.513617],[111.034434,21.53148],[111.027599,21.54092],[111.023285,21.527818],[111.011729,21.521186],[110.985932,21.513617],[110.995697,21.507636],[111.002208,21.489936],[111.013927,21.485663],[111.001313,21.462877],[110.992442,21.454983],[110.979747,21.452135],[110.979747,21.444729],[110.995372,21.445299],[111.008149,21.449897],[111.016938,21.458075],[111.020112,21.469224],[111.026866,21.479315],[111.042247,21.484565],[111.058604,21.4831],[111.068614,21.472642],[111.043712,21.469387],[111.024913,21.456529],[110.992931,21.424872],[110.965912,21.432847],[110.941173,21.422065],[110.917247,21.405911],[110.893321,21.397528],[110.889659,21.395494],[110.877289,21.386135],[110.869884,21.383246],[110.869395,21.384711],[110.852306,21.389146],[110.829845,21.392239],[110.806163,21.401597],[110.790538,21.403754],[110.768158,21.397528],[110.743988,21.382554],[110.704845,21.348538],[110.690033,21.331],[110.67628,21.309638],[110.664887,21.285631],[110.657074,21.260403],[110.65089,21.260403],[110.654796,21.314602],[110.662852,21.337226],[110.677582,21.348538],[110.664561,21.348375],[110.655528,21.34276],[110.648936,21.333319],[110.643321,21.321845],[110.641856,21.337307],[110.635753,21.346422],[110.631847,21.355373],[110.636485,21.370266],[110.644786,21.374579],[110.671641,21.381293],[110.692393,21.399156],[110.72462,21.403144],[110.755382,21.413398],[110.766368,21.444729],[110.76002,21.444729],[110.727306,21.418891],[110.63559,21.381049],[110.61671,21.345404],[110.615733,21.301215],[110.619721,21.290758],[110.643321,21.252916],[110.636485,21.23017],[110.616954,21.229682],[110.575206,21.246731],[110.577159,21.240383],[110.58017,21.234605],[110.584076,21.229682],[110.588715,21.225572],[110.481456,21.21719],[110.463227,21.212144],[110.447602,21.203599],[110.431163,21.191474],[110.424327,21.191474],[110.427013,21.206],[110.435557,21.226304],[110.437348,21.239244],[110.433442,21.251288],[110.427013,21.261542],[110.425792,21.269232],[110.437348,21.273383],[110.435802,21.279202],[110.433116,21.282864],[110.429291,21.285346],[110.424327,21.287665],[110.427338,21.28856],[110.429942,21.288479],[110.431488,21.289496],[110.431163,21.293891],[110.437348,21.293891],[110.4463,21.289984],[110.456635,21.287746],[110.466319,21.283433],[110.472667,21.273383],[110.478852,21.273383],[110.480317,21.281684],[110.482188,21.286566],[110.486339,21.293891],[110.486339,21.301337],[110.478852,21.301337],[110.473155,21.295478],[110.466075,21.296088],[110.457042,21.299302],[110.444835,21.301337],[110.444835,21.307563],[110.486339,21.328681],[110.486339,21.335517],[110.478038,21.336371],[110.472667,21.334906],[110.468761,21.332017],[110.465343,21.328681],[110.465343,21.348538],[110.451182,21.331977],[110.441905,21.314358],[110.43393,21.308783],[110.424327,21.328681],[110.42392,21.34162],[110.437348,21.397528],[110.431163,21.397528],[110.419526,21.377427],[110.400971,21.38703],[110.368988,21.424872],[110.378673,21.437486],[110.383149,21.441474],[110.389496,21.444729],[110.389496,21.452135],[110.35849,21.435736],[110.372081,21.403022],[110.394379,21.364],[110.389496,21.328681],[110.385834,21.331488],[110.376475,21.335517],[110.38266,21.321845],[110.368175,21.325344],[110.344981,21.338853],[110.328136,21.342271],[110.328136,21.335517],[110.341401,21.330024],[110.3567,21.319159],[110.366303,21.306098],[110.362804,21.293891],[110.362804,21.287665],[110.37379,21.280585],[110.384858,21.271064],[110.393403,21.260403],[110.396983,21.249823],[110.399018,21.245551],[110.408214,21.238023],[110.410655,21.232367],[110.409923,21.223782],[110.407481,21.216986],[110.404552,21.212063],[110.403168,21.208482],[110.402354,21.193671],[110.399425,21.176581],[110.394054,21.162543],[110.386078,21.156724],[110.375336,21.152655],[110.347423,21.133205],[110.333751,21.11636],[110.315278,21.107652],[110.280284,21.095893],[110.269298,21.089179],[110.221772,21.03266],[110.218842,21.027574],[110.210216,21.034573],[110.205577,21.049384],[110.203868,21.066962],[110.2046,21.082221],[110.195567,21.071275],[110.190684,21.059068],[110.184093,21.03384],[110.177826,21.020087],[110.156749,20.986029],[110.143077,20.992255],[110.143077,20.986029],[110.154796,20.977281],[110.155121,20.961982],[110.150971,20.943183],[110.149262,20.923977],[110.154145,20.90644],[110.171641,20.877021],[110.177257,20.862494],[110.167247,20.872992],[110.164154,20.876776],[110.156749,20.876776],[110.160655,20.867906],[110.161876,20.862209],[110.160655,20.856676],[110.156749,20.848863],[110.160737,20.847846],[110.162934,20.847886],[110.16391,20.846747],[110.164154,20.842027],[110.168712,20.842678],[110.169444,20.84394],[110.168793,20.846096],[110.170421,20.848863],[110.177501,20.84748],[110.180186,20.846015],[110.18336,20.846096],[110.191498,20.848863],[110.191498,20.835842],[110.211681,20.840522],[110.28712,20.842027],[110.300792,20.852118],[110.319672,20.859931],[110.335785,20.858832],[110.341807,20.842027],[110.348643,20.848863],[110.355235,20.839667],[110.361095,20.835883],[110.365815,20.838568],[110.368988,20.848863],[110.386241,20.825995],[110.40268,20.790107],[110.409434,20.750963],[110.396983,20.718492],[110.383556,20.713446],[110.368988,20.719672],[110.356456,20.732327],[110.348643,20.746405],[110.34726,20.761786],[110.348155,20.803046],[110.341807,20.821519],[110.333751,20.805732],[110.328624,20.79975],[110.3213,20.794257],[110.333018,20.778754],[110.332123,20.76789],[110.32252,20.759955],[110.307628,20.753241],[110.314464,20.746405],[110.310639,20.745063],[110.308849,20.745103],[110.308116,20.743964],[110.307628,20.738959],[110.337494,20.725816],[110.329438,20.707221],[110.308849,20.683987],[110.300792,20.65705],[110.307709,20.660386],[110.313487,20.664862],[110.317963,20.6706],[110.3213,20.677558],[110.328136,20.677558],[110.3296,20.664455],[110.32838,20.652655],[110.323741,20.643052],[110.314464,20.636542],[110.325938,20.630764],[110.339366,20.631537],[110.352143,20.636542],[110.362804,20.643378],[110.362804,20.622301],[110.371837,20.634345],[110.380626,20.633775],[110.389171,20.625922],[110.396983,20.616116],[110.391938,20.606757],[110.397472,20.595445],[110.408539,20.585924],[110.425141,20.580064],[110.442963,20.570868],[110.451671,20.567694],[110.458018,20.567369],[110.472667,20.56859],[110.478852,20.567694],[110.495209,20.553168],[110.511485,20.527899],[110.53419,20.478258],[110.515391,20.43476],[110.502289,20.412746],[110.482677,20.403225],[110.475352,20.39765],[110.458507,20.36225],[110.40683,20.305162],[110.399994,20.300767],[110.37672,20.305243],[110.362071,20.304877],[110.355479,20.297349],[110.34433,20.279242],[110.319672,20.269721],[110.294037,20.262926],[110.280284,20.252997],[110.265636,20.264146],[110.256358,20.269355],[110.245616,20.273424],[110.237153,20.27497],[110.208018,20.273424],[110.196625,20.27025],[110.192638,20.263251],[110.191173,20.256171],[110.187755,20.252997],[110.127533,20.247992],[110.10963,20.252997],[110.09311,20.270575],[110.085704,20.273424],[110.077647,20.274563],[110.069835,20.277777],[110.063731,20.283026],[110.061127,20.290229],[110.057628,20.296373],[110.04892,20.300238],[110.037852,20.301703],[110.02711,20.300767],[110.021576,20.297024],[110.011811,20.283677],[110.005951,20.280341],[110.000987,20.280829],[109.995209,20.282782],[109.991466,20.28498],[109.992279,20.286526],[109.965831,20.280951],[109.950938,20.272162],[109.944428,20.25609],[109.941417,20.251858],[109.93393,20.244127],[109.924897,20.238267],[109.917247,20.239325],[109.914561,20.248481],[109.917247,20.259955],[109.921723,20.26968],[109.924083,20.273424],[109.928559,20.294582],[109.930919,20.317816],[109.928722,20.326361],[109.919444,20.342231],[109.917247,20.352281],[109.885753,20.36636],[109.874115,20.376288],[109.889903,20.382717],[109.862804,20.406317],[109.865733,20.410061],[109.878917,20.410875],[109.888031,20.414049],[109.893809,20.420478],[109.896088,20.431098],[109.903575,20.431098],[109.914887,20.418647],[109.945811,20.395738],[109.9581,20.382717],[109.974864,20.354641],[109.982432,20.351549],[109.985444,20.372138],[109.992442,20.384955],[110.006114,20.40119],[110.015473,20.418402],[110.009776,20.434231],[109.983979,20.453192],[109.97226,20.464545],[109.964936,20.478258],[109.962983,20.471991],[109.96046,20.466254],[109.958507,20.459906],[109.9581,20.451606],[109.943614,20.460679],[109.93922,20.473863],[109.937511,20.489651],[109.930919,20.506252],[109.929942,20.471381],[109.927013,20.454901],[109.917247,20.44477],[109.914806,20.457017],[109.909516,20.471177],[109.902924,20.484198],[109.896088,20.49258],[109.882823,20.497748],[109.849701,20.500922],[109.835216,20.506252],[109.827485,20.511461],[109.822113,20.516547],[109.819591,20.523505],[109.821056,20.534125],[109.825694,20.542792],[109.831798,20.544582],[109.837494,20.544379],[109.841401,20.547187],[109.843761,20.557074],[109.845225,20.581122],[109.848237,20.595649],[109.841401,20.595649],[109.827729,20.554633],[109.821056,20.554633],[109.818858,20.589097],[109.802013,20.616278],[109.77589,20.631334],[109.74586,20.629788],[109.75172,20.645413],[109.750255,20.660468],[109.751557,20.673733],[109.765717,20.684394],[109.775157,20.686184],[109.779796,20.683539],[109.785248,20.679592],[109.79713,20.677558],[109.805919,20.679511],[109.812755,20.684516],[109.827729,20.697984],[109.830658,20.693671],[109.837006,20.689154],[109.841401,20.684394],[109.844249,20.689683],[109.848888,20.696275],[109.854096,20.70185],[109.858735,20.70425],[109.861908,20.708157],[109.860444,20.715481],[109.854747,20.719916],[109.829438,20.707913],[109.813975,20.708441],[109.801036,20.706285],[109.793712,20.691148],[109.786876,20.691148],[109.760265,20.729967],[109.75644,20.749701],[109.773204,20.766913],[109.763438,20.776557],[109.758149,20.792792],[109.760265,20.807807],[109.773204,20.814114],[109.773204,20.821519],[109.752045,20.842027],[109.752045,20.848863],[109.759532,20.848863],[109.759532,20.855048],[109.753022,20.863715],[109.745372,20.867662],[109.737804,20.865383],[109.731537,20.855048],[109.739024,20.807847],[109.728363,20.815131],[109.713878,20.833686],[109.704356,20.842027],[109.706798,20.831855],[109.717865,20.807847],[109.689464,20.835395],[109.665619,20.880927],[109.661225,20.927558],[109.691254,20.958726],[109.678966,20.973863],[109.680675,20.994452],[109.69752,21.040595],[109.700776,21.03856],[109.708507,21.035875],[109.711681,21.03384],[109.709809,21.057196],[109.699962,21.082994],[109.685557,21.106594],[109.670177,21.123236],[109.676606,21.138495],[109.695893,21.170111],[109.704356,21.178453],[109.720225,21.183417],[109.728363,21.177883],[109.73642,21.169013],[109.752045,21.16413],[109.746674,21.179674],[109.754893,21.192939],[109.7671,21.204535],[109.773204,21.215399],[109.770274,21.271308],[109.765717,21.280829],[109.765717,21.287665],[109.773529,21.299709],[109.773936,21.318671],[109.765717,21.355943],[109.776378,21.353664],[109.783702,21.348293],[109.787364,21.339911],[109.786876,21.328681],[109.799815,21.332913],[109.803477,21.341213],[109.803966,21.350043],[109.807384,21.355943],[109.816254,21.357571],[109.841401,21.355943],[109.924083,21.362779],[109.924083,21.370266],[109.904796,21.390692],[109.917572,21.413804],[109.940522,21.437201],[109.951264,21.458401],[109.933442,21.453803],[109.924571,21.465033],[109.927257,21.479804],[109.944428,21.485663],[109.944428,21.493109],[109.917979,21.489407],[109.886974,21.481513],[109.858979,21.482815],[109.841401,21.506781],[109.827729,21.493109],[109.827729,21.485663],[109.835216,21.485663],[109.835216,21.480129],[109.826915,21.470526],[109.823741,21.465033],[109.821056,21.458401],[109.81422,21.458401],[109.802745,21.473334],[109.799083,21.498603],[109.800548,21.554592],[109.783295,21.546373],[109.770112,21.551581],[109.765147,21.563381],[109.773204,21.5751],[109.773204,21.581855],[109.748057,21.574937],[109.748057,21.574612],[109.747813,21.545233],[109.760265,21.511623],[109.773204,21.493109],[109.773204,21.485663],[109.765717,21.485663],[109.765717,21.493109],[109.759532,21.493109],[109.741466,21.474026],[109.708588,21.483303],[109.649669,21.520453],[109.659923,21.528062],[109.668224,21.559638],[109.677013,21.5751],[109.67335,21.582099],[109.671723,21.596625],[109.670177,21.602973],[109.673676,21.606391],[109.676768,21.610053],[109.677989,21.615302],[109.677013,21.62344],[109.658783,21.614936],[109.637218,21.60163],[109.625255,21.585395],[109.635997,21.568264],[109.628917,21.56684],[109.622325,21.567816],[109.615815,21.570705],[109.608002,21.5751],[109.608002,21.581855],[109.612804,21.589789],[109.613536,21.601223],[109.61085,21.611518],[109.604991,21.616034],[109.603038,21.620592],[109.615489,21.650133],[109.594493,21.634182],[109.585297,21.630845],[109.581391,21.640204],[109.579926,21.650458],[109.575938,21.659369],[109.569428,21.66649],[109.560883,21.671291],[109.56422,21.69123],[109.567719,21.698554],[109.560802,21.707261],[109.567882,21.719957],[109.581554,21.732367],[109.594493,21.74018],[109.594493,21.746405],[109.583344,21.744534],[109.574962,21.745673],[109.569428,21.750637],[109.567719,21.759996],[109.492686,21.698554],[109.498057,21.69538],[109.500987,21.691881],[109.503266,21.688381],[109.506196,21.684963],[109.503022,21.684516],[109.495942,21.685004],[109.492686,21.684963],[109.492686,21.678127],[109.499278,21.680162],[109.513438,21.682685],[109.519867,21.684963],[109.521007,21.665758],[109.506358,21.65766],[109.484711,21.658026],[109.464692,21.664455],[109.464692,21.65762],[109.529877,21.635688],[109.540538,21.626899],[109.543224,21.619574],[109.572765,21.581732],[109.571056,21.576239],[109.564952,21.57274],[109.560883,21.568264],[109.562266,21.536933],[109.560883,21.526679],[109.556977,21.521552],[109.543305,21.508246],[109.540538,21.503079],[109.530772,21.491645],[109.48585,21.474311],[109.472179,21.465806],[109.466889,21.47484],[109.465831,21.482896],[109.467865,21.490871],[109.472179,21.499335],[109.463878,21.492987],[109.4546,21.481838],[109.447276,21.47012],[109.444184,21.462104],[109.438243,21.455064],[109.424408,21.452379],[109.343761,21.453518],[109.335216,21.458157],[109.320811,21.480129],[109.315522,21.459052],[109.29892,21.443264],[109.277599,21.436998],[109.258637,21.444729],[109.253754,21.440334],[109.250255,21.4383],[109.247651,21.436265],[109.244965,21.431627],[109.23878,21.431627],[109.237153,21.458686],[109.23878,21.485663],[109.227061,21.472235],[109.219737,21.449123],[109.21461,21.417426],[109.171967,21.417548],[109.157074,21.423529],[109.149425,21.438544],[109.144298,21.427558],[109.144623,21.417955],[109.148936,21.40998],[109.156261,21.403754],[109.138682,21.401597],[109.096446,21.425198],[109.077403,21.431627],[109.050141,21.437161],[109.039806,21.450263],[109.043712,21.466254],[109.060069,21.480129],[109.08253,21.486029],[109.109874,21.489569],[109.132823,21.495917],[109.142589,21.510199],[109.1421,21.553453],[109.135753,21.602973],[109.128917,21.602973],[109.12436,21.590969],[109.116059,21.590562],[109.107188,21.597968],[109.101085,21.609198],[109.094819,21.609198],[109.087413,21.599555],[109.077647,21.596991],[109.069672,21.60224],[109.066742,21.616034],[109.060069,21.616034],[109.056651,21.611558],[109.046397,21.602973],[109.049815,21.614081],[109.054698,21.622056],[109.066742,21.636542],[109.066742,21.643948],[109.048432,21.636908],[109.013764,21.615383],[108.992442,21.609198],[108.970225,21.60635],[108.958995,21.606594],[108.944591,21.609198],[108.927989,21.615058],[108.920746,21.622016],[108.906505,21.650824],[108.901703,21.665188],[108.897472,21.671291],[108.891612,21.672675],[108.875499,21.670152],[108.869477,21.671291],[108.85727,21.683417],[108.855235,21.684963],[108.855235,21.694281],[108.860362,21.697903],[108.866466,21.700181],[108.869477,21.70539],[108.864268,21.731879],[108.86142,21.733344],[108.865489,21.739732],[108.867442,21.7414],[108.869965,21.742336],[108.875743,21.746405],[108.885997,21.750434],[108.916596,21.753811],[108.922374,21.762885],[108.924083,21.766832],[108.91684,21.76435],[108.904307,21.762763],[108.897472,21.759996],[108.903087,21.774319],[108.893809,21.771552],[108.886322,21.767157],[108.880626,21.761176],[108.875743,21.753811],[108.869477,21.753811],[108.86142,21.759996],[108.86142,21.766832],[108.866954,21.774156],[108.875743,21.800971],[108.869477,21.800971],[108.858246,21.787299],[108.855235,21.781155],[108.849864,21.791693],[108.850678,21.800523],[108.855235,21.808173],[108.86142,21.815253],[108.840831,21.811591],[108.801362,21.818345],[108.779552,21.815253],[108.78891,21.81094],[108.821056,21.800971],[108.817393,21.796576],[108.816254,21.793362],[108.815929,21.789008],[108.81422,21.781155],[108.832612,21.78384],[108.84254,21.768052],[108.843516,21.745022],[108.834727,21.725816],[108.828949,21.720038],[108.822113,21.715033],[108.816661,21.716376],[108.81422,21.729641],[108.814057,21.741116],[108.812104,21.752427],[108.805919,21.75845],[108.793061,21.753811],[108.798595,21.748277],[108.800548,21.744818],[108.799897,21.733344],[108.796641,21.736965],[108.795177,21.737982],[108.792817,21.73843],[108.786876,21.74018],[108.793061,21.733344],[108.789806,21.729153],[108.786388,21.727851],[108.78297,21.727444],[108.779552,21.725816],[108.799897,21.725816],[108.799897,21.719062],[108.793061,21.719062],[108.793061,21.712836],[108.816661,21.699693],[108.834321,21.685736],[108.838634,21.668036],[108.821056,21.643948],[108.842377,21.646389],[108.851817,21.645982],[108.86142,21.643948],[108.849946,21.625963],[108.833995,21.627997],[108.81544,21.637926],[108.796479,21.643948],[108.787364,21.641425],[108.782074,21.635484],[108.778087,21.62873],[108.772716,21.62344],[108.762787,21.620551],[108.745942,21.620266],[108.738536,21.616034],[108.745372,21.602973],[108.73349,21.612738],[108.731293,21.629462],[108.72755,21.644761],[108.711192,21.650133],[108.711192,21.65762],[108.733165,21.662421],[108.740326,21.660142],[108.745372,21.650133],[108.751557,21.650133],[108.751557,21.691718],[108.742442,21.684149],[108.740245,21.679999],[108.738536,21.671291],[108.7317,21.671291],[108.712657,21.688422],[108.715424,21.709133],[108.724701,21.729722],[108.724864,21.746405],[108.717865,21.74315],[108.711192,21.746405],[108.70045,21.72248],[108.694102,21.712144],[108.683197,21.70539],[108.674571,21.715399],[108.654307,21.723538],[108.649181,21.733344],[108.658783,21.733222],[108.667003,21.734849],[108.683197,21.74018],[108.683197,21.746405],[108.665375,21.751858],[108.652599,21.749986],[108.646332,21.75137],[108.649181,21.766832],[108.65561,21.778225],[108.664806,21.787177],[108.673106,21.798],[108.677013,21.815253],[108.669688,21.815253],[108.667003,21.809516],[108.660167,21.801337],[108.656016,21.794827],[108.64975,21.814154],[108.649181,21.822089],[108.642345,21.822089],[108.643077,21.809394],[108.642182,21.796861],[108.639659,21.78498],[108.635509,21.774319],[108.628673,21.774319],[108.623302,21.783515],[108.621837,21.787909],[108.615001,21.787909],[108.625011,21.767808],[108.629161,21.75609],[108.628673,21.746405],[108.594493,21.74018],[108.593761,21.754828],[108.597504,21.766547],[108.607514,21.787909],[108.580577,21.781317],[108.569428,21.794379],[108.571381,21.812812],[108.584239,21.822089],[108.600597,21.830634],[108.622081,21.87108],[108.635509,21.884182],[108.635509,21.890326],[108.622569,21.896226],[108.594493,21.91767],[108.594086,21.9112],[108.592296,21.906806],[108.589692,21.902899],[108.587657,21.897854],[108.583344,21.900539],[108.5796,21.901801],[108.567149,21.904608],[108.570893,21.901272],[108.573985,21.89997],[108.576996,21.899359],[108.580821,21.897854],[108.570323,21.893378],[108.560313,21.895494],[108.553722,21.903754],[108.552989,21.91767],[108.558116,21.923651],[108.566905,21.927802],[108.573822,21.935452],[108.573334,21.951809],[108.567149,21.951809],[108.566987,21.948554],[108.567393,21.941962],[108.567149,21.938788],[108.559825,21.938788],[108.55836,21.942572],[108.552989,21.951809],[108.550548,21.935452],[108.545665,21.923814],[108.53769,21.914496],[108.525645,21.904608],[108.521495,21.906724],[108.505138,21.910834],[108.505138,21.904608],[108.510753,21.901597],[108.513194,21.898505],[108.515391,21.894924],[108.518809,21.890326],[108.50172,21.88581],[108.484874,21.877102],[108.478363,21.8664],[108.491466,21.856269],[108.463145,21.862982],[108.460704,21.887112],[108.477794,21.945014],[108.470225,21.940253],[108.464692,21.934312],[108.460704,21.926947],[108.458018,21.91767],[108.457286,21.888332],[108.448741,21.86579],[108.455658,21.848782],[108.469574,21.832953],[108.48463,21.822089],[108.481537,21.821479],[108.470958,21.822089],[108.472016,21.817532],[108.473888,21.814439],[108.476085,21.811713],[108.477794,21.807807],[108.488292,21.814765],[108.497081,21.809027],[108.50294,21.797593],[108.505138,21.787909],[108.501964,21.776679],[108.496104,21.768256],[108.491303,21.757717],[108.491466,21.74018],[108.482188,21.743598],[108.475922,21.74433],[108.47047,21.743069],[108.463471,21.74018],[108.475434,21.736762],[108.486827,21.731879],[108.496918,21.725898],[108.505138,21.719062],[108.505138,21.712836],[108.491466,21.712836],[108.49171,21.708686],[108.493907,21.705878],[108.495046,21.705634],[108.497651,21.70539],[108.496349,21.704779],[108.493826,21.70539],[108.477794,21.70539],[108.477794,21.698554],[108.48642,21.697252],[108.496349,21.692939],[108.505138,21.691718],[108.505138,21.684963],[108.501475,21.680365],[108.500824,21.680325],[108.502289,21.679145],[108.505138,21.671291],[108.513031,21.700181],[108.520112,21.712633],[108.533051,21.719062],[108.530528,21.710191],[108.525971,21.70539],[108.521495,21.702297],[108.518809,21.698554],[108.517914,21.689276],[108.520763,21.680569],[108.518809,21.671291],[108.524018,21.675605],[108.527924,21.67768],[108.531016,21.679877],[108.533051,21.684963],[108.53712,21.68537],[108.538585,21.684027],[108.539317,21.678127],[108.542247,21.683824],[108.552989,21.698554],[108.559825,21.698554],[108.56544,21.678534],[108.557221,21.671617],[108.545177,21.666083],[108.539317,21.650133],[108.548839,21.656195],[108.552989,21.65762],[108.546886,21.643052],[108.535981,21.638007],[108.523448,21.639309],[108.511974,21.643948],[108.511974,21.636542],[108.517345,21.634955],[108.521007,21.633002],[108.525401,21.631171],[108.533051,21.630316],[108.530528,21.62051],[108.526866,21.614244],[108.521007,21.610785],[108.511974,21.609198],[108.516612,21.599189],[108.518809,21.595526],[108.490489,21.583686],[108.481212,21.581855],[108.480072,21.587836],[108.481781,21.599514],[108.489106,21.607611],[108.505138,21.602973],[108.505138,21.609198],[108.491466,21.62344],[108.478526,21.606147],[108.471772,21.600491],[108.463471,21.595526],[108.469981,21.5869],[108.471202,21.581204],[108.467133,21.577541],[108.458018,21.5751],[108.458018,21.568264],[108.461029,21.567857],[108.470958,21.568264],[108.470958,21.561998],[108.420014,21.556871],[108.40211,21.559801],[108.389659,21.5751],[108.390636,21.595364],[108.406749,21.600246],[108.420909,21.594224],[108.416352,21.581855],[108.431895,21.583238],[108.438731,21.594184],[108.443696,21.62344],[108.437511,21.62344],[108.432465,21.618109],[108.427582,21.616685],[108.422374,21.61872],[108.416352,21.62344],[108.416352,21.630316],[108.421235,21.635159],[108.427338,21.639146],[108.434825,21.642157],[108.443696,21.643948],[108.441417,21.652086],[108.44809,21.658108],[108.459483,21.662095],[108.470958,21.664455],[108.470958,21.671291],[108.423432,21.663275],[108.409679,21.664455],[108.423595,21.679389],[108.427013,21.68773],[108.423839,21.698554],[108.420909,21.693183],[108.413585,21.684801],[108.409679,21.678127],[108.408051,21.683295],[108.406993,21.683295],[108.403331,21.684963],[108.39796,21.672838],[108.385997,21.672919],[108.337657,21.697455],[108.335948,21.706855],[108.341319,21.725816],[108.321544,21.709662],[108.311371,21.681708],[108.312755,21.651842],[108.327647,21.630316],[108.306488,21.630316],[108.311127,21.61994],[108.313975,21.616034],[108.306407,21.612738],[108.300792,21.607245],[108.296641,21.599433],[108.293468,21.589301],[108.309093,21.588935],[108.313975,21.589301],[108.313975,21.581855],[108.30714,21.578111],[108.289561,21.564032],[108.285981,21.558295],[108.283783,21.544745],[108.277843,21.540107],[108.269135,21.538642],[108.258637,21.534084],[108.22641,21.508002],[108.211029,21.500637],[108.210297,21.513617],[108.21933,21.529364],[108.244965,21.564358],[108.251964,21.581855],[108.252778,21.588528],[108.252533,21.595282],[108.24936,21.603095],[108.24171,21.612616],[108.226817,21.625556],[108.227875,21.632066],[108.238292,21.643948],[108.216889,21.635403],[108.210297,21.630316],[108.209809,21.63349],[108.210297,21.643948],[108.206065,21.642564],[108.200938,21.638617],[108.197276,21.636542],[108.204682,21.631008],[108.208832,21.623928],[108.208832,21.616197],[108.204112,21.609198],[108.204112,21.602973],[108.210297,21.602973],[108.176362,21.575751],[108.15797,21.571519],[108.135265,21.581855],[108.128429,21.5751],[108.132335,21.565375],[108.128266,21.56273],[108.120942,21.566311],[108.114757,21.5751],[108.105805,21.559068],[108.092784,21.558661],[108.078461,21.563218],[108.066254,21.561998],[108.076996,21.545478],[108.071056,21.536566],[108.056895,21.536038],[108.031993,21.551907],[108.0171,21.555243],[108.002289,21.554267],[107.991222,21.548407],[108.027354,21.523342],[108.039561,21.520453],[108.018647,21.518948],[108.011241,21.506537],[108.013682,21.492418],[108.022227,21.485663],[108.036225,21.488227],[108.047618,21.49315],[108.061046,21.496161],[108.080577,21.493109],[108.080577,21.485663],[108.043224,21.481635],[108.016612,21.470364],[107.970714,21.431627],[107.963878,21.431627],[107.965343,21.447333],[107.972667,21.460273],[107.991222,21.480129],[107.991222,21.485663],[107.969981,21.475775],[107.948578,21.454983],[107.929698,21.442613],[107.916026,21.458401],[107.91627,21.468248],[107.921235,21.474799],[107.927013,21.479315],[107.929698,21.482856],[107.928559,21.490546],[107.926036,21.495917],[107.923432,21.499945],[107.922211,21.503079],[107.918712,21.517524],[107.909679,21.526516],[107.896739,21.531562],[107.881928,21.534084],[107.8838,21.52676],[107.88266,21.522528],[107.875092,21.513617],[107.868419,21.513617],[107.862804,21.530219],[107.855968,21.520941],[107.847911,21.493109],[107.835948,21.488349],[107.828868,21.49494],[107.825938,21.508979],[107.826671,21.526679],[107.820567,21.526679],[107.812999,21.520453],[107.812999,21.513617],[107.817393,21.509345],[107.81894,21.506252],[107.820567,21.493109],[107.812999,21.493109],[107.806895,21.506781],[107.800059,21.499335],[107.796235,21.519477],[107.783458,21.524319],[107.766856,21.520209],[107.752208,21.513617],[107.752208,21.506781],[107.768321,21.506903],[107.780365,21.503079],[107.788585,21.494452],[107.792572,21.480129],[107.778901,21.485663],[107.781098,21.479153],[107.783946,21.464911],[107.786388,21.458401],[107.775645,21.458564],[107.767589,21.455715],[107.761811,21.450751],[107.758556,21.444729],[107.765229,21.438544],[107.748546,21.4112],[107.730317,21.411811],[107.721446,21.410875],[107.717377,21.407457],[107.711518,21.398912],[107.69809,21.398383],[107.684174,21.403266],[107.676524,21.4112],[107.669037,21.4112],[107.666026,21.406806],[107.662852,21.403754],[107.662852,21.397528],[107.669444,21.385443],[107.663422,21.378079],[107.650238,21.376858],[107.63502,21.383246],[107.637299,21.377753],[107.637218,21.375434],[107.637787,21.373725],[107.642345,21.370266],[107.642345,21.362779],[107.634125,21.358588],[107.631196,21.354478],[107.633881,21.349351],[107.642345,21.342271],[107.635753,21.341376],[107.621349,21.335517],[107.625336,21.333726],[107.62672,21.333889],[107.627208,21.333157],[107.628754,21.328681],[107.624115,21.330715],[107.608165,21.335517],[107.603526,21.310492],[107.599213,21.298774],[107.590587,21.293891],[107.573741,21.294745],[107.562266,21.298041],[107.554047,21.304511],[107.546886,21.315009],[107.542572,21.326565],[107.540375,21.337348],[107.535167,21.345364],[107.522309,21.348538],[107.521983,21.344306],[107.525971,21.334418],[107.528819,21.323228],[107.525157,21.315009],[107.525157,21.307563],[107.537446,21.301947],[107.526622,21.298774],[107.504487,21.298407],[107.484141,21.301337],[107.481781,21.301337],[107.472179,21.303697],[107.461681,21.309272],[107.456798,21.318345],[107.450938,21.320502],[107.415294,21.328681],[107.409028,21.315009],[107.416026,21.308539],[107.443126,21.293891],[107.443126,21.287665],[107.423595,21.279608],[107.391612,21.280422],[107.367442,21.273383],[107.367442,21.266588],[107.373302,21.258979],[107.37086,21.253363],[107.364838,21.247626],[107.360606,21.239244],[107.358897,21.20307],[107.35434,21.191474],[107.362071,21.185614],[107.370697,21.181627],[107.379649,21.180976],[107.388438,21.184638],[107.382335,21.139797],[107.375499,21.116156],[107.360606,21.102118],[107.366303,21.093492],[107.367442,21.087877],[107.363536,21.084418],[107.35434,21.082221],[107.358246,21.067328],[107.360362,21.052436],[107.36435,21.040351],[107.374278,21.03384],[107.374278,21.027574],[107.357677,21.015204],[107.347748,21.009955],[107.333832,21.005845],[107.311046,21.005276],[107.292328,21.004625],[107.279552,20.999701],[107.266449,21.004299],[107.245291,21.003079],[107.224132,20.998236],[107.211192,20.992255],[107.216319,20.99022],[107.219574,20.988227],[107.223806,20.98664],[107.23113,20.986029],[107.23113,20.979193],[107.214854,20.975246],[107.19337,20.952704],[107.197032,20.937649],[107.181895,20.936754],[107.170909,20.93358],[107.160899,20.93244],[107.149181,20.937649],[107.149181,20.930813],[107.1338,20.94481],[107.084972,20.951402],[107.066091,20.958726],[107.066091,20.964911],[107.095225,21.000474],[107.149181,21.03384],[107.149181,21.040595],[107.135997,21.03974],[107.123057,21.037258],[107.111176,21.033108],[107.101329,21.027574],[107.096853,21.021064],[107.095388,21.014065],[107.092459,21.008246],[107.083751,21.005845],[107.079763,21.009101],[107.081065,21.016303],[107.084727,21.023668],[107.087169,21.027574],[107.082774,21.030178],[107.082367,21.030992],[107.080333,21.03384],[107.072276,21.017076],[107.063243,21.009345],[107.057628,21.013861],[107.059825,21.03384],[107.052989,21.03384],[107.053477,21.023017],[107.052501,21.013658],[107.050141,21.005927],[107.046153,20.999701],[107.046886,21.013983],[107.044607,21.025092],[107.037934,21.032172],[107.025645,21.03384],[107.025645,21.027574],[107.029145,21.024563],[107.034679,21.017808],[107.039317,21.013373],[107.036143,21.013007],[107.025645,21.013373],[107.039317,20.999701],[107.025157,20.999823],[107.015636,21.00434],[106.997813,21.020168],[106.995453,21.006415],[107.020844,20.986396],[107.025645,20.972357],[107.016775,20.957668],[107.000987,20.951077],[106.982107,20.949937],[106.963634,20.951239],[106.946951,20.954291],[106.931895,20.959418],[106.9192,20.965766],[106.908946,20.972357],[106.884613,20.993232],[106.873383,20.997138],[106.867442,20.986029],[106.863536,20.991604],[106.860199,20.993109],[106.85377,20.992255],[106.882823,20.960517],[106.895274,20.951239],[106.916352,20.941107],[106.922048,20.937649],[106.926117,20.930976],[106.928233,20.922756],[106.932384,20.915188],[106.943126,20.910305],[106.943126,20.90351],[106.917247,20.904039],[106.901703,20.907864],[106.891449,20.918036],[106.881602,20.937649],[106.874278,20.937649],[106.875499,20.928697],[106.878429,20.92121],[106.882335,20.915107],[106.88795,20.910305],[106.867931,20.882717],[106.859874,20.88939],[106.852224,20.90998],[106.833263,20.923977],[106.836681,20.929145],[106.83546,20.930609],[106.833263,20.937649],[106.826427,20.937649],[106.806,20.932074],[106.783214,20.942572],[106.772472,20.957424],[106.788829,20.964911],[106.806895,20.96601],[106.816905,20.969468],[106.820649,20.97602],[106.819591,20.986029],[106.812836,20.990627],[106.802419,20.995185],[106.798676,21.001939],[106.812185,21.013373],[106.805675,21.019843],[106.798106,21.024807],[106.789317,21.027533],[106.778575,21.027574],[106.780772,21.024115],[106.783214,21.016669],[106.785411,21.013373],[106.76238,21.015326],[106.746104,21.024563],[106.730805,21.029853],[106.710297,21.020168],[106.710297,21.013373],[106.717784,21.013373],[106.717784,21.005845],[106.680349,21.020453],[106.658702,21.024848],[106.6421,21.020168],[106.650727,21.018012],[106.65268,21.017524],[106.682953,21.005845],[106.682953,20.999701],[106.67628,21.001899],[106.655772,21.005845],[106.655772,20.999701],[106.665538,20.990546],[106.669119,20.979967],[106.671072,20.969062],[106.67628,20.958726],[106.686697,20.952704],[106.711925,20.951565],[106.733735,20.942206],[106.746104,20.942328],[106.755138,20.938544],[106.7588,20.920844],[106.756684,20.907904],[106.747244,20.894721],[106.744477,20.883002],[106.738292,20.883002],[106.717784,20.90351],[106.699962,20.882758],[106.70753,20.870754],[106.726899,20.861396],[106.744477,20.848863],[106.75294,20.825751],[106.749197,20.804348],[106.736583,20.794989],[106.717784,20.807847],[106.72462,20.790025],[106.738455,20.769721],[106.755626,20.751207],[106.772472,20.738959],[106.778575,20.746405],[106.788829,20.730536],[106.805919,20.677558],[106.785167,20.692288],[106.776134,20.701117],[106.772472,20.707953],[106.7671,20.713446],[106.755626,20.709296],[106.744884,20.701972],[106.741466,20.697984],[106.732677,20.696601],[106.725597,20.693752],[106.71697,20.691311],[106.704112,20.691148],[106.675548,20.698635],[106.662608,20.697984],[106.662608,20.691148],[106.687511,20.681342],[106.702891,20.671576],[106.703136,20.659654],[106.682953,20.643378],[106.669688,20.636461],[106.654063,20.630805],[106.637543,20.628079],[106.620942,20.629788],[106.612315,20.635484],[106.598155,20.655097],[106.586762,20.663275],[106.592621,20.648098],[106.593598,20.646715],[106.599376,20.638414],[106.614268,20.622301],[106.619395,20.618598],[106.624034,20.618801],[106.627208,20.616604],[106.628429,20.605862],[106.627452,20.600084],[106.624766,20.594631],[106.621349,20.590399],[106.604747,20.584418],[106.58253,20.565172],[106.518565,20.540961],[106.536143,20.531643],[106.550629,20.532416],[106.579926,20.547187],[106.579926,20.540961],[106.567719,20.524888],[106.57488,20.510728],[106.584483,20.496039],[106.579926,20.478258],[106.573741,20.477118],[106.545421,20.467597],[106.542491,20.465277],[106.536957,20.462063],[106.529796,20.454413],[106.523204,20.445217],[106.518565,20.437323],[106.52475,20.437323],[106.538097,20.446234],[106.561697,20.455064],[106.584239,20.457831],[106.594249,20.448188],[106.590587,20.404731],[106.584158,20.381822],[106.57309,20.368476],[106.568044,20.378079],[106.566417,20.382717],[106.566742,20.378892],[106.565684,20.376451],[106.563324,20.375474],[106.559581,20.375922],[106.577647,20.358954],[106.579776,20.350216],[106.583766,20.337975],[106.585489,20.322292],[106.588475,20.303275],[106.592593,20.275411],[106.581659,20.264177],[106.559581,20.286526],[106.549978,20.298977],[106.536957,20.309149],[106.521658,20.313463],[106.504405,20.308254],[106.498057,20.308254],[106.50294,20.300523],[106.504893,20.297431],[106.51295,20.29442],[106.520518,20.298407],[106.52475,20.308254],[106.548513,20.291449],[106.552745,20.286526],[106.556,20.277737],[106.566308,20.261077],[106.572325,20.246677],[106.569615,20.231994],[106.554268,20.224654],[106.541027,20.226066],[106.529291,20.222393],[106.504915,20.217025],[106.473155,20.215155],[106.460216,20.211982],[106.39503,20.204576],[106.39503,20.211982],[106.401866,20.211982],[106.401866,20.218207],[106.394705,20.217515],[106.390147,20.216295],[106.380707,20.211982],[106.380707,20.204576],[106.38795,20.197496],[106.381114,20.192084],[106.360199,20.184068],[106.353282,20.176825],[106.340343,20.14997],[106.305512,20.108588],[106.283702,20.094631],[106.259288,20.061265],[106.236176,20.048],[106.211925,20.021186],[106.197032,20.012763],[106.206391,20.03498],[106.210704,20.040107],[106.203298,20.047512],[106.195974,20.033433],[106.184093,20.003607],[106.176036,19.992336],[106.160899,19.984076],[106.124034,19.975002],[106.107107,19.964993],[106.10141,19.979967],[106.104503,19.995917],[106.11085,20.013414],[106.114513,20.033271],[106.107107,20.033271],[106.104015,20.017239],[106.088878,19.973863],[106.083507,19.964993],[106.068858,19.968492],[106.052745,19.977281],[106.039073,19.98843],[106.031912,19.999172],[106.025157,19.999172],[106.019786,19.986029],[106.008311,19.973456],[105.964366,19.935289],[105.955577,19.925482],[105.949474,19.910346],[105.949474,19.900824],[105.956554,19.885199],[105.956798,19.875637],[105.935802,19.848293],[105.93214,19.833441],[105.932302,19.805406],[105.928884,19.793647],[105.925792,19.797431],[105.915294,19.807318],[105.908946,19.796861],[105.894705,19.787299],[105.867442,19.773179],[105.873709,19.765692],[105.886974,19.771633],[105.915538,19.774482],[105.928884,19.780015],[105.92335,19.766791],[105.905447,19.743801],[105.901622,19.728217],[105.895274,19.72134],[105.881114,19.722154],[105.866954,19.721096],[105.860606,19.707994],[105.855968,19.691636],[105.833507,19.658149],[105.825938,19.642239],[105.824067,19.626614],[105.823904,19.598944],[105.819021,19.587592],[105.817556,19.610012],[105.803884,19.613023],[105.790863,19.603461],[105.791759,19.587592],[105.795746,19.59455],[105.802989,19.602932],[105.805431,19.60871],[105.810557,19.599595],[105.813162,19.589748],[105.813731,19.579047],[105.814708,19.574408],[105.819021,19.57392],[105.819347,19.536689],[105.808116,19.460761],[105.812755,19.423163],[105.798595,19.430569],[105.784923,19.403266],[105.771251,19.409491],[105.771251,19.403266],[105.782563,19.394355],[105.786876,19.383043],[105.791759,19.354885],[105.810069,19.321479],[105.812755,19.307034],[105.791759,19.320705],[105.7942,19.31094],[105.798595,19.299628],[105.805919,19.302151],[105.810802,19.299628],[105.808767,19.280178],[105.806244,19.274319],[105.805431,19.272284],[105.797537,19.26732],[105.788585,19.266832],[105.781016,19.264879],[105.772309,19.235989],[105.759532,19.235338],[105.745779,19.23725],[105.743419,19.23192],[105.731212,19.170233],[105.729828,19.133857],[105.737071,19.108466],[105.711762,19.096625],[105.701996,19.090481],[105.695567,19.081122],[105.668305,19.089545],[105.643809,19.065375],[105.624848,19.028469],[105.614268,18.998603],[105.613292,18.985541],[105.618663,18.976304],[105.621104,18.967841],[105.622244,18.954535],[105.629649,18.922309],[105.634776,18.909817],[105.648285,18.892727],[105.669932,18.874945],[105.694509,18.860785],[105.716645,18.85456],[105.716645,18.848334],[105.702891,18.834133],[105.698741,18.843004],[105.692882,18.849555],[105.684906,18.853461],[105.675059,18.85456],[105.685802,18.831285],[105.688731,18.826646],[105.695323,18.824693],[105.712657,18.826321],[105.720063,18.823554],[105.740977,18.801581],[105.751964,18.786322],[105.757579,18.77204],[105.742686,18.73078],[105.747081,18.72427],[105.756114,18.715969],[105.75766,18.696967],[105.754731,18.676256],[105.750743,18.662787],[105.77003,18.671576],[105.769867,18.695054],[105.766775,18.755601],[105.764415,18.758979],[105.783458,18.74726],[105.789724,18.718736],[105.790863,18.689683],[105.795177,18.676459],[105.802013,18.665432],[105.825938,18.593899],[105.879242,18.510932],[105.915294,18.47309],[105.949474,18.471015],[105.952159,18.452379],[105.958832,18.432563],[105.967784,18.41474],[105.977306,18.402086],[106.000499,18.385403],[106.008067,18.378485],[106.045746,18.332261],[106.098155,18.290025],[106.110118,18.275539],[106.112153,18.262885],[106.093435,18.258734],[106.103282,18.251532],[106.120128,18.254828],[106.141775,18.261786],[106.165782,18.26557],[106.181163,18.259711],[106.233653,18.220852],[106.240571,18.217108],[106.262218,18.209459],[106.270844,18.204088],[106.298839,18.169338],[106.332286,18.145209],[106.346039,18.132717],[106.354015,18.114691],[106.34669,18.114691],[106.336925,18.120673],[106.324067,18.118069],[106.312511,18.110175],[106.306326,18.100491],[106.319347,18.094224],[106.323741,18.097357],[106.327403,18.098782],[106.340343,18.100491],[106.334483,18.088609],[106.336436,18.079006],[106.34669,18.059475],[106.346934,18.071845],[106.349864,18.083645],[106.354503,18.093655],[106.360199,18.100491],[106.370779,18.105618],[106.377289,18.103461],[106.384125,18.09984],[106.39503,18.100491],[106.403494,18.106187],[106.422374,18.128363],[106.434825,18.123521],[106.43336,18.113267],[106.422374,18.094224],[106.427745,18.072903],[106.438975,18.051988],[106.518565,17.957017],[106.52475,17.949612],[106.52475,17.943427],[106.50408,17.93065],[106.484386,17.915473],[106.474294,17.902899],[106.466075,17.890204],[106.455089,17.881822],[106.436046,17.881985],[106.436046,17.874498],[106.447032,17.872138],[106.45102,17.865709],[106.449474,17.856635],[106.442882,17.846584],[106.451834,17.828192],[106.460704,17.799384],[106.470063,17.748196],[106.475108,17.737006],[106.495372,17.717963],[106.498057,17.710639],[106.489513,17.702582],[106.478526,17.703518],[106.448741,17.71601],[106.435557,17.739447],[106.425792,17.744778],[106.410655,17.747016],[106.374522,17.765286],[106.306651,17.771918],[106.292003,17.778266],[106.285167,17.772121],[106.29949,17.762274],[106.322765,17.753485],[106.346934,17.747219],[106.380626,17.743394],[106.42921,17.731147],[106.42921,17.7237],[106.422374,17.7237],[106.402599,17.731513],[106.383067,17.719184],[106.379649,17.698798],[106.408702,17.682766],[106.403005,17.69481],[106.400238,17.699164],[106.39503,17.703192],[106.417491,17.712958],[106.449962,17.708645],[106.48227,17.696438],[106.504405,17.682766],[106.514903,17.669908],[106.539073,17.627509],[106.565929,17.598049],[106.614757,17.518704],[106.625987,17.48664],[106.634613,17.470404],[106.638438,17.468899],[106.658214,17.453762],[106.65919,17.449937],[106.663585,17.447252],[106.67628,17.429511],[106.763927,17.335517],[106.946625,17.20539],[107.007498,17.162218],[107.111827,17.088284],[107.127208,17.05976],[107.121267,17.018541],[107.132579,17.009833],[107.186534,16.934394],[107.200694,16.926256],[107.203868,16.919257],[107.200694,16.914293],[107.193614,16.911078],[107.186534,16.906562],[107.18336,16.898139],[107.177419,16.893948],[107.141775,16.874579],[107.141775,16.867743],[107.167247,16.867621],[107.178966,16.869534],[107.190196,16.874579],[107.191417,16.879218],[107.189952,16.886176],[107.189464,16.89232],[107.20753,16.904975],[107.216482,16.907945],[107.223399,16.901353],[107.22934,16.892239],[107.234548,16.887641],[107.249278,16.880032],[107.378673,16.773383],[107.411632,16.750027],[107.497813,16.689032],[107.604666,16.595689],[107.635265,16.587226],[107.635265,16.579779],[107.596039,16.590522],[107.473643,16.653144],[107.44337,16.648017],[107.519786,16.606431],[107.543956,16.600572],[107.554942,16.596625],[107.563975,16.582709],[107.574555,16.580024],[107.586192,16.581692],[107.594249,16.587226],[107.601573,16.576565],[107.611095,16.569281],[107.635265,16.559272],[107.635265,16.551825],[107.624522,16.557115],[107.621593,16.559272],[107.614594,16.559272],[107.612478,16.555894],[107.61085,16.552639],[107.608409,16.544989],[107.623057,16.54442],[107.636729,16.545885],[107.663097,16.551825],[107.656993,16.545478],[107.652599,16.538723],[107.64975,16.530911],[107.648936,16.52143],[107.652599,16.522447],[107.659841,16.513129],[107.665294,16.501858],[107.663097,16.497219],[107.672862,16.49726],[107.677989,16.50137],[107.681651,16.507717],[107.686697,16.514594],[107.697113,16.520087],[107.703136,16.51439],[107.707205,16.504543],[107.711436,16.497219],[107.749522,16.472235],[107.7588,16.46308],[107.781749,16.427558],[107.799978,16.415717],[107.821625,16.387519],[107.841156,16.379788],[107.838878,16.376858],[107.833507,16.374213],[107.826915,16.373684],[107.820486,16.376532],[107.81422,16.381171],[107.806895,16.385443],[107.79656,16.387356],[107.794444,16.379218],[107.80714,16.32274],[107.812266,16.313178],[107.824067,16.304836],[107.848155,16.291693],[107.854991,16.291693],[107.864024,16.297797],[107.872569,16.295885],[107.878917,16.28856],[107.882172,16.278062],[107.891368,16.284166],[107.896495,16.278062],[107.933116,16.305406],[107.937511,16.312079],[107.930919,16.343411],[107.929942,16.353217],[107.94516,16.356838],[107.990408,16.324774],[108.011974,16.319037],[108.020518,16.325181],[108.025157,16.334377],[108.031016,16.342719],[108.042979,16.346381],[108.043793,16.339911],[108.053477,16.305406],[108.061778,16.288235],[108.094493,16.236518],[108.065929,16.257229],[108.052013,16.262112],[108.046072,16.247382],[108.053966,16.235989],[108.071951,16.228949],[108.090668,16.226874],[108.101329,16.230292],[108.108165,16.230292],[108.126313,16.22248],[108.151215,16.216986],[108.178722,16.214748],[108.204356,16.216702],[108.200125,16.211575],[108.18922,16.198472],[108.15447,16.170844],[108.142263,16.148383],[108.142833,16.119371],[108.159923,16.103746],[108.181977,16.091376],[108.19752,16.072008],[108.213064,16.086819],[108.220958,16.09162],[108.228282,16.089748],[108.236664,16.055121],[108.238536,16.052191],[108.233246,16.037095],[108.222911,16.022895],[108.210134,16.011298],[108.19752,16.00373],[108.216319,16.009467],[108.23463,16.019355],[108.249848,16.023261],[108.258962,16.010565],[108.249197,16.061916],[108.241954,16.075751],[108.240896,16.090522],[108.247732,16.10871],[108.247325,16.123236],[108.224864,16.127265],[108.224864,16.134711],[108.232758,16.140326],[108.238617,16.146715],[108.242686,16.153957],[108.245372,16.162014],[108.252696,16.158922],[108.254161,16.156643],[108.254893,16.156968],[108.258962,16.162014],[108.265798,16.162014],[108.274587,16.153469],[108.286306,16.144517],[108.300548,16.137519],[108.317393,16.134711],[108.318207,16.139553],[108.324474,16.148871],[108.331391,16.155341],[108.334727,16.151516],[108.336599,16.147773],[108.348399,16.134711],[108.337169,16.125393],[108.326182,16.119045],[108.317638,16.111762],[108.31422,16.099921],[108.304942,16.107164],[108.279552,16.102037],[108.265798,16.107408],[108.258556,16.07099],[108.26531,16.031562],[108.279145,15.995673],[108.282319,15.990058],[108.293712,15.969631],[108.305919,15.955227],[108.358653,15.915432],[108.374278,15.908271],[108.388194,15.898383],[108.396169,15.880845],[108.385265,15.878892],[108.377126,15.874213],[108.375173,15.869452],[108.382498,15.867174],[108.388357,15.870551],[108.395356,15.877265],[108.40268,15.882392],[108.409923,15.880845],[108.414806,15.867418],[108.424083,15.805732],[108.455333,15.747016],[108.618663,15.529242],[108.646251,15.513861],[108.683442,15.517768],[108.67449,15.489407],[108.667735,15.482652],[108.656261,15.496649],[108.644542,15.493109],[108.629405,15.486518],[108.620942,15.474758],[108.628917,15.455715],[108.652517,15.438788],[108.668468,15.447821],[108.690929,15.490424],[108.697113,15.490424],[108.702647,15.469916],[108.703949,15.445136],[108.709483,15.43769],[108.733409,15.417914],[108.73878,15.411322],[108.7435,15.407294],[108.761567,15.396552],[108.765961,15.393866],[108.77296,15.386786],[108.774587,15.375067],[108.773285,15.363186],[108.773611,15.351264],[108.779796,15.339586],[108.776134,15.334459],[108.77475,15.331366],[108.77296,15.325344],[108.779796,15.325344],[108.781261,15.331],[108.78712,15.345852],[108.794119,15.344672],[108.802257,15.344306],[108.8213,15.345852],[108.8213,15.352688],[108.796235,15.356391],[108.788585,15.374172],[108.795584,15.395087],[108.814464,15.407904],[108.814464,15.41474],[108.808442,15.41767],[108.805675,15.420559],[108.800141,15.429023],[108.807953,15.425238],[108.814708,15.42357],[108.820811,15.42475],[108.827485,15.429023],[108.832693,15.413886],[108.839041,15.374335],[108.84547,15.366278],[108.853282,15.362616],[108.877452,15.34398],[108.882823,15.336168],[108.881033,15.29914],[108.886567,15.2862],[108.91212,15.263495],[108.924327,15.256415],[108.93214,15.253974],[108.945486,15.252916],[108.951671,15.25023],[108.943614,15.236884],[108.932953,15.2272],[108.91977,15.222113],[108.903331,15.222886],[108.903331,15.215481],[108.913341,15.216376],[108.919607,15.215237],[108.922862,15.210761],[108.924327,15.201809],[108.910004,15.209296],[108.905447,15.197943],[108.902354,15.168647],[108.897716,15.153998],[108.881602,15.160631],[108.868175,15.159654],[108.862478,15.152493],[108.869802,15.140367],[108.875987,15.140367],[108.884125,15.143948],[108.892263,15.141343],[108.897472,15.133205],[108.897716,15.119859],[108.903331,15.119859],[108.903819,15.12816],[108.905284,15.134345],[108.910004,15.146633],[108.9192,15.057807],[108.942638,14.97956],[109.005626,14.838772],[108.985525,14.836615],[108.990245,14.830634],[109.012462,14.821967],[109.016775,14.813056],[109.036957,14.783637],[109.043468,14.777289],[109.080821,14.729478],[109.086111,14.715318],[109.095063,14.667426],[109.086681,14.671332],[109.080577,14.677476],[109.076427,14.685614],[109.077322,14.672471],[109.081798,14.606391],[109.087087,14.596096],[109.088227,14.58926],[109.086111,14.585273],[109.076671,14.585679],[109.071056,14.5751],[109.064464,14.57038],[109.061046,14.563707],[109.067068,14.550727],[109.073578,14.570502],[109.074474,14.578599],[109.108165,14.488715],[109.125743,14.465399],[109.130219,14.451606],[109.129161,14.397406],[109.131196,14.38345],[109.136485,14.366848],[109.149669,14.338446],[109.181407,14.304755],[109.190603,14.291246],[109.194591,14.277493],[109.201182,14.236029],[109.190929,14.220526],[109.205251,14.186103],[109.239024,14.133002],[109.220225,14.13524],[109.212657,14.14468],[109.207774,14.156968],[109.19752,14.167792],[109.17449,14.172065],[109.172618,14.156562],[109.184093,14.136298],[109.215099,14.119574],[109.225434,14.10399],[109.252696,14.03262],[109.266368,13.920722],[109.275157,13.906724],[109.301606,13.88581],[109.307384,13.87637],[109.300466,13.797797],[109.303966,13.759263],[109.295746,13.755601],[109.269786,13.755601],[109.267426,13.766303],[109.273204,13.82453],[109.259532,13.87401],[109.251475,13.890937],[109.239024,13.879788],[109.236176,13.869615],[109.232188,13.831977],[109.221853,13.813218],[109.220714,13.806138],[109.232188,13.810858],[109.239513,13.787665],[109.246104,13.779608],[109.258962,13.77733],[109.247813,13.765448],[109.235362,13.75609],[109.226248,13.743598],[109.224783,13.722113],[109.236827,13.699612],[109.237071,13.698594],[109.239024,13.691392],[109.239024,13.663764],[109.241384,13.644029],[109.247569,13.622707],[109.257172,13.605618],[109.269786,13.598578],[109.270518,13.594184],[109.282481,13.58515],[109.295746,13.577704],[109.300466,13.578111],[109.303884,13.568793],[109.303477,13.562201],[109.298106,13.558498],[109.286794,13.557603],[109.286794,13.550767],[109.291189,13.546576],[109.292735,13.543524],[109.2942,13.530341],[109.285655,13.539008],[109.263438,13.577053],[109.25294,13.60163],[109.226085,13.631903],[109.218516,13.646959],[109.211192,13.646959],[109.210134,13.630805],[109.215587,13.623684],[109.224132,13.619534],[109.232188,13.61225],[109.237153,13.601386],[109.241222,13.581529],[109.245291,13.571234],[109.258311,13.55976],[109.267426,13.554674],[109.266368,13.548733],[109.262462,13.543931],[109.258962,13.544623],[109.26588,13.533881],[109.286794,13.509223],[109.2942,13.509223],[109.298025,13.514716],[109.301768,13.517524],[109.31422,13.522895],[109.310802,13.513129],[109.302257,13.501532],[109.300466,13.492743],[109.303722,13.479885],[109.312185,13.471625],[109.323253,13.469794],[109.334646,13.475735],[109.339692,13.465481],[109.331309,13.452094],[109.334646,13.440904],[109.324962,13.422309],[109.318533,13.413764],[109.307384,13.406806],[109.299164,13.417467],[109.277517,13.421617],[109.273204,13.431057],[109.278087,13.437934],[109.288585,13.442206],[109.298188,13.448432],[109.300466,13.461371],[109.294444,13.468166],[109.262543,13.489325],[109.25294,13.488674],[109.245128,13.485175],[109.238536,13.476752],[109.232188,13.461371],[109.237559,13.453192],[109.235118,13.44538],[109.23463,13.437079],[109.245291,13.427232],[109.237559,13.420071],[109.234141,13.410061],[109.232188,13.393134],[109.24936,13.384711],[109.266368,13.361802],[109.28004,13.352769],[109.291026,13.363105],[109.299327,13.364691],[109.307384,13.352769],[109.308849,13.341457],[109.305675,13.333889],[109.298025,13.330268],[109.286794,13.331041],[109.286794,13.324897],[109.291759,13.32038],[109.294281,13.314643],[109.295095,13.307278],[109.2942,13.297553],[109.289317,13.301174],[109.278087,13.306871],[109.273204,13.310614],[109.268565,13.301825],[109.266368,13.301215],[109.258962,13.297553],[109.272634,13.263251],[109.281505,13.248969],[109.2942,13.2355],[109.292735,13.266791],[109.296235,13.278876],[109.307384,13.283881],[109.307384,13.290107],[109.302989,13.297797],[109.303722,13.303168],[109.307953,13.303778],[109.31422,13.297553],[109.318126,13.288886],[109.320079,13.279527],[109.321056,13.259019],[109.318858,13.25141],[109.307384,13.228664],[109.307628,13.218655],[109.31422,13.197943],[109.311778,13.181708],[109.306977,13.166327],[109.30421,13.150621],[109.307384,13.133043],[109.315603,13.119452],[109.325369,13.106879],[109.331391,13.093573],[109.32838,13.084662],[109.341156,13.076606],[109.349457,13.068264],[109.370128,13.031806],[109.396658,13.002753],[109.416352,12.971747],[109.458263,12.924058],[109.465017,12.913316],[109.467296,12.897691],[109.466319,12.878974],[109.462901,12.862128],[109.458181,12.851874],[109.453624,12.849921],[109.435883,12.844875],[109.430919,12.84512],[109.428396,12.852118],[109.433604,12.856838],[109.440766,12.860663],[109.444509,12.864936],[109.446788,12.869045],[109.450043,12.873236],[109.448985,12.876695],[109.438243,12.878607],[109.417247,12.864936],[109.414073,12.859768],[109.407888,12.844143],[109.403494,12.838202],[109.395274,12.834906],[109.386567,12.834418],[109.384613,12.83397],[109.377696,12.832424],[109.368826,12.824612],[109.375499,12.816352],[109.376475,12.804348],[109.375662,12.790351],[109.376231,12.77619],[109.420746,12.691311],[109.436209,12.674221],[109.451345,12.673774],[109.469493,12.660346],[109.472423,12.656399],[109.469981,12.648627],[109.464122,12.645901],[109.457286,12.64411],[109.451345,12.638983],[109.448985,12.624091],[109.452403,12.583238],[109.451345,12.570746],[109.440278,12.564602],[109.429942,12.575873],[109.417247,12.605455],[109.413341,12.610256],[109.408865,12.613105],[109.405121,12.617987],[109.403494,12.628811],[109.406586,12.630683],[109.424083,12.64643],[109.424083,12.652655],[109.403494,12.687445],[109.401622,12.677965],[109.396007,12.673082],[109.38738,12.671861],[109.376231,12.673774],[109.380138,12.664862],[109.381521,12.656399],[109.380138,12.647895],[109.376231,12.638983],[109.370372,12.649115],[109.363536,12.656236],[109.354259,12.660061],[109.342052,12.660102],[109.360118,12.685289],[109.362559,12.690497],[109.366873,12.693427],[109.376231,12.696926],[109.38559,12.70246],[109.389903,12.711615],[109.386404,12.727525],[109.368907,12.75023],[109.362559,12.762519],[109.362559,12.792914],[109.358897,12.797309],[109.34783,12.794827],[109.344412,12.788642],[109.34311,12.780748],[109.33839,12.773098],[109.303966,12.750881],[109.2942,12.742011],[109.269542,12.712307],[109.255382,12.699123],[109.242198,12.69359],[109.233572,12.687079],[109.204926,12.64643],[109.2046,12.636908],[109.208018,12.598049],[109.20045,12.591254],[109.201345,12.575914],[109.204926,12.559719],[109.204926,12.550238],[109.207774,12.549221],[109.210216,12.549262],[109.211599,12.548041],[109.211192,12.543402],[109.218516,12.543402],[109.221934,12.553616],[109.223643,12.565253],[109.227875,12.57453],[109.239024,12.577582],[109.239024,12.583726],[109.232188,12.583726],[109.232188,12.591254],[109.249034,12.585517],[109.247081,12.571967],[109.237804,12.555406],[109.232188,12.540351],[109.237153,12.522284],[109.24936,12.509508],[109.29835,12.477973],[109.303559,12.469631],[109.293468,12.449042],[109.294281,12.439032],[109.298513,12.430813],[109.303966,12.427395],[109.318696,12.422187],[109.336681,12.410142],[109.345958,12.396308],[109.334646,12.385728],[109.342052,12.378892],[109.334646,12.372138],[109.32252,12.386054],[109.315684,12.376899],[109.309093,12.360053],[109.297374,12.35102],[109.2824,12.355943],[109.272227,12.367743],[109.258962,12.392564],[109.215505,12.440172],[109.185069,12.45893],[109.156505,12.454657],[109.161388,12.448798],[109.16684,12.437974],[109.170177,12.433539],[109.159841,12.437934],[109.156505,12.440375],[109.149669,12.440375],[109.154633,12.426907],[109.170421,12.410386],[109.176931,12.3994],[109.1963,12.402777],[109.206554,12.387152],[109.21046,12.363186],[109.211192,12.341376],[109.214122,12.332913],[109.221202,12.322496],[109.229259,12.313707],[109.242035,12.305406],[109.242198,12.296576],[109.236339,12.291083],[109.224783,12.296373],[109.218516,12.296373],[109.214692,12.289781],[109.204926,12.262885],[109.182384,12.27261],[109.176931,12.276516],[109.182465,12.267808],[109.19158,12.260403],[109.211192,12.248603],[109.204845,12.233385],[109.208995,12.221666],[109.217621,12.211493],[109.224783,12.200832],[109.198497,12.207953],[109.188243,12.205756],[109.184337,12.193996],[109.190929,12.200181],[109.190603,12.200832],[109.204356,12.193793],[109.209646,12.186021],[109.211192,12.172838],[109.213064,12.166002],[109.212657,12.162665],[109.214203,12.158596],[109.22169,12.149604],[109.226817,12.137885],[109.222667,12.129055],[109.211192,12.118232],[109.209972,12.109687],[109.213878,12.068101],[109.220551,12.050605],[109.249197,11.997382],[109.258311,11.986762],[109.286794,11.967434],[109.286794,11.961168],[109.283458,11.943508],[109.283458,11.940131],[109.266368,11.926459],[109.26588,11.909898],[109.270844,11.895006],[109.280772,11.883938],[109.2942,11.878648],[109.2942,11.871243],[109.277843,11.864814],[109.261404,11.865709],[109.247569,11.872952],[109.239024,11.885443],[109.235606,11.883368],[109.228282,11.880805],[109.224783,11.878648],[109.216563,11.90884],[109.222667,11.981635],[109.211192,12.015815],[109.218516,12.015815],[109.195811,12.074897],[109.186209,12.117743],[109.176768,12.129462],[109.163341,12.112006],[109.176036,12.088568],[109.180675,12.084703],[109.18214,12.081041],[109.176931,12.053046],[109.182384,12.042873],[109.205821,12.021633],[109.211192,12.005601],[109.208181,11.97663],[109.198741,11.948147],[109.181814,11.921698],[109.156505,11.899115],[109.137218,11.896064],[109.125824,11.863593],[109.131602,11.830024],[109.163341,11.824042],[109.168224,11.833197],[109.182872,11.853013],[109.197927,11.869452],[109.204926,11.868109],[109.200938,11.853827],[109.194102,11.841132],[109.192882,11.827541],[109.204926,11.81037],[109.203868,11.788682],[109.203624,11.784573],[109.242931,11.735663],[109.232188,11.714179],[109.224783,11.721625],[109.217784,11.714097],[109.208995,11.693671],[109.191254,11.671942],[109.188813,11.663235],[109.188324,11.653306],[109.184337,11.638495],[109.178559,11.631659],[109.160411,11.616441],[109.156505,11.608344],[109.154063,11.596991],[109.148285,11.586086],[109.135997,11.570217],[109.129161,11.570217],[109.117198,11.580268],[109.10255,11.581041],[109.085704,11.579779],[109.067068,11.583808],[109.055675,11.596625],[109.048106,11.631334],[109.043468,11.638495],[109.020274,11.632799],[109.021739,11.620307],[109.033214,11.607652],[109.040375,11.601508],[109.038341,11.587714],[109.034679,11.574123],[109.034028,11.559556],[109.040375,11.542873],[109.019298,11.542304],[109.012462,11.542873],[109.027843,11.517483],[109.028331,11.47427],[109.019298,11.406317],[109.022472,11.367621],[109.018077,11.355902],[109.005626,11.343655],[108.980724,11.323717],[108.966075,11.314765],[108.951671,11.310126],[108.93336,11.311184],[108.889659,11.330634],[108.873871,11.333889],[108.85613,11.33397],[108.838064,11.330756],[108.8213,11.323717],[108.787852,11.300686],[108.775157,11.288479],[108.766124,11.275946],[108.757823,11.257799],[108.745616,11.207099],[108.738048,11.189683],[108.72934,11.181545],[108.717459,11.179185],[108.700531,11.179145],[108.69044,11.181464],[108.6692,11.19123],[108.656261,11.192816],[108.646251,11.190497],[108.625987,11.181789],[108.615245,11.179145],[108.577403,11.179145],[108.571625,11.176011],[108.559418,11.162421],[108.531261,11.153266],[108.514008,11.138739],[108.500336,11.120836],[108.49171,11.104682],[108.481944,11.064032],[108.472341,11.053168],[108.447032,11.049465],[108.439138,11.046698],[108.403575,11.028957],[108.393077,11.027086],[108.376313,11.026272],[108.368826,11.022773],[108.362804,11.009711],[108.349864,10.963853],[108.344981,10.953803],[108.325206,10.951565],[108.31544,10.944322],[108.300059,10.912828],[108.293712,10.912828],[108.28533,10.943345],[108.258637,10.951809],[108.13502,10.92768],[108.106456,10.918158],[108.094493,10.902004],[108.089122,10.892035],[108.065684,10.867987],[108.060313,10.854193],[108.05714,10.842108],[108.042979,10.81391],[108.035411,10.772773],[107.998302,10.699368],[107.991466,10.699368],[107.980642,10.705797],[107.93629,10.718695],[107.919444,10.721096],[107.898204,10.719957],[107.882335,10.716986],[107.823904,10.692369],[107.782237,10.657782],[107.768321,10.650214],[107.731293,10.637885],[107.66627,10.603746],[107.644542,10.600653],[107.621349,10.592597],[107.586518,10.573513],[107.580577,10.570258],[107.570486,10.562242],[107.5442,10.5362],[107.539073,10.52558],[107.530528,10.512926],[107.511404,10.501654],[107.44752,10.473334],[107.429535,10.468451],[107.384613,10.462836],[107.344981,10.450426],[107.334158,10.453559],[107.32602,10.44245],[107.296641,10.415717],[107.271983,10.378485],[107.254405,10.378892],[107.216319,10.401557],[107.190196,10.405178],[107.194998,10.414049],[107.203136,10.417222],[107.211681,10.419379],[107.21754,10.425605],[107.21697,10.434475],[107.211925,10.443549],[107.205414,10.45067],[107.20045,10.453559],[107.195649,10.457017],[107.175955,10.477444],[107.171235,10.476467],[107.160899,10.476508],[107.149425,10.477932],[107.141775,10.480862],[107.141775,10.46662],[107.135509,10.46662],[107.122732,10.480211],[107.102794,10.489936],[107.081798,10.491604],[107.066091,10.480862],[107.059825,10.480862],[107.062673,10.489569],[107.063243,10.495063],[107.059825,10.508205],[107.050466,10.488471],[107.043224,10.479804],[107.031912,10.474066],[107.026215,10.493109],[107.025645,10.50137],[107.010997,10.494127],[107.003591,10.488593],[106.997813,10.480862],[106.991466,10.480862],[106.994395,10.496649],[107.004161,10.504706],[107.014171,10.508694],[107.015961,10.509426],[107.025645,10.515041],[107.032725,10.525946],[107.03419,10.535875],[107.031912,10.607489],[107.028982,10.613837],[107.015798,10.627753],[107.011404,10.637885],[107.014659,10.635484],[107.025645,10.631049],[107.02532,10.635281],[107.023692,10.656317],[107.013194,10.672675],[106.984141,10.699368],[106.979747,10.68476],[106.990082,10.67357],[107.004242,10.664252],[107.011404,10.65526],[107.002615,10.630439],[107.002452,10.617092],[107.014822,10.611233],[107.025076,10.603909],[107.022716,10.587592],[107.011404,10.562812],[107.014415,10.555487],[107.021332,10.550116],[107.026866,10.544176],[107.025645,10.535468],[107.019054,10.533881],[107.009776,10.538967],[106.997813,10.54914],[107.005138,10.555976],[106.991466,10.570258],[106.991466,10.576483],[106.996349,10.585191],[106.99822,10.597235],[106.997813,10.624905],[106.991466,10.624905],[106.984874,10.596829],[106.984141,10.566881],[106.991954,10.540107],[107.011404,10.521877],[107.003591,10.517768],[106.994395,10.512885],[106.972179,10.47427],[106.963634,10.46662],[106.957205,10.471666],[106.958669,10.480455],[106.962657,10.491034],[106.963634,10.50137],[106.959321,10.511868],[106.9546,10.516506],[106.948985,10.520575],[106.943126,10.529283],[106.937755,10.548733],[106.938243,10.566636],[106.943126,10.600653],[106.890554,10.644639],[106.881602,10.652167],[106.867768,10.645209],[106.848643,10.635565],[106.828624,10.630276],[106.819591,10.641303],[106.81422,10.652167],[106.80128,10.666938],[106.793549,10.673529],[106.785818,10.680121],[106.772472,10.686347],[106.768158,10.684678],[106.767263,10.684312],[106.747569,10.673651],[106.741466,10.669257],[106.736827,10.658149],[106.743663,10.651516],[106.753673,10.646796],[106.7588,10.641303],[106.760997,10.631537],[106.772472,10.603746],[106.769054,10.592271],[106.763927,10.586656],[106.757823,10.582709],[106.751964,10.576483],[106.746104,10.56037],[106.74407,10.552232],[106.740977,10.539984],[106.733409,10.522447],[106.720876,10.515041],[106.688813,10.503648],[106.672374,10.504218],[106.662608,10.521877],[106.655772,10.521877],[106.65919,10.507066],[106.662446,10.501125],[106.668712,10.494534],[106.657725,10.492133],[106.646495,10.48664],[106.638031,10.47899],[106.630382,10.458686],[106.620128,10.452623],[106.606781,10.447659],[106.594249,10.439276],[106.5949,10.456],[106.592133,10.468695],[106.587169,10.478827],[106.579926,10.487738],[106.581879,10.452786],[106.586762,10.438707],[106.597423,10.433051],[106.615408,10.436591],[106.630056,10.445787],[106.641368,10.45893],[106.648936,10.474066],[106.655772,10.474066],[106.660655,10.46011],[106.662934,10.443915],[106.670177,10.432563],[106.689789,10.433051],[106.698009,10.440985],[106.713634,10.468085],[106.724132,10.474066],[106.741059,10.468004],[106.75172,10.453518],[106.759776,10.436347],[106.769054,10.422512],[106.781993,10.407782],[106.788097,10.393134],[106.795421,10.30683],[106.790782,10.284857],[106.775564,10.275377],[106.756033,10.277167],[106.704112,10.289049],[106.598318,10.28852],[106.525238,10.302558],[106.487559,10.30272],[106.468028,10.307318],[106.452322,10.316148],[106.437673,10.321845],[106.422374,10.316962],[106.480317,10.280829],[106.720876,10.199693],[106.726248,10.196479],[106.742361,10.182359],[106.748302,10.179185],[106.753591,10.177069],[106.758311,10.172349],[106.765147,10.16767],[106.775564,10.165513],[106.785655,10.164944],[106.793142,10.162502],[106.797618,10.157213],[106.799083,10.148139],[106.79713,10.125393],[106.79127,10.110175],[106.737071,10.054145],[106.720876,10.044908],[106.704112,10.048896],[106.709239,10.056627],[106.710297,10.065863],[106.708344,10.075263],[106.704112,10.083645],[106.696625,10.083645],[106.692149,10.066596],[106.689789,10.062567],[106.676768,10.049221],[106.671153,10.041002],[106.668712,10.032416],[106.672537,10.029486],[106.679535,10.020982],[106.684093,10.01203],[106.679535,10.007961],[106.664236,10.00609],[106.660818,10.001451],[106.660981,9.994859],[106.653982,9.985012],[106.651541,9.977525],[106.648936,9.974351],[106.644867,9.973375],[106.607432,9.97484],[106.591075,9.98078],[106.576915,9.991034],[106.562999,10.004462],[106.547862,10.015367],[106.498057,10.035834],[106.468923,10.058987],[106.44337,10.089545],[106.359874,10.220689],[106.331228,10.249498],[106.292003,10.261705],[106.297374,10.255927],[106.302745,10.253323],[106.307872,10.25141],[106.337901,10.228095],[106.349376,10.21483],[106.358165,10.176581],[106.3685,10.155911],[106.461681,10.035712],[106.484386,10.015326],[106.561534,9.979153],[106.614268,9.939032],[106.670584,9.90941],[106.686371,9.905463],[106.6963,9.896552],[106.693207,9.87641],[106.682465,9.855129],[106.668712,9.842841],[106.668712,9.850246],[106.675059,9.857611],[106.676443,9.866767],[106.674083,9.876125],[106.668712,9.883734],[106.662608,9.883734],[106.657888,9.848619],[106.637869,9.825995],[106.611339,9.817043],[106.586762,9.822943],[106.563324,9.841783],[106.504405,9.905463],[106.479747,9.923977],[106.39503,9.974351],[106.144867,10.228583],[106.136485,10.234565],[106.127289,10.239447],[106.121349,10.240668],[106.118175,10.238105],[106.113292,10.23428],[106.117849,10.229234],[106.127452,10.224799],[106.13502,10.22016],[106.157888,10.19538],[106.166026,10.181098],[106.172862,10.147528],[106.18214,10.133043],[106.19337,10.120266],[106.215099,10.100287],[106.24643,10.07746],[106.283214,10.050686],[106.292003,10.04206],[106.298188,10.033271],[106.306651,10.016669],[106.312511,10.007961],[106.363617,9.96011],[106.369314,9.956936],[106.388927,9.932807],[106.475759,9.861802],[106.500987,9.834052],[106.518565,9.801825],[106.527517,9.762193],[106.537852,9.751166],[106.562999,9.747219],[106.574962,9.739081],[106.579845,9.720364],[106.580577,9.699693],[106.575531,9.648627],[106.563162,9.614325],[106.543712,9.585028],[106.518565,9.562893],[106.497244,9.549994],[106.484874,9.547105],[106.473481,9.551988],[106.464366,9.554755],[106.453949,9.550523],[106.439464,9.541164],[106.398204,9.54206],[106.38502,9.548285],[106.337169,9.584703],[106.250336,9.631171],[106.064708,9.804267],[105.97047,9.920844],[105.932872,9.95539],[105.904063,9.976467],[105.869477,9.985338],[105.838064,10.005032],[105.819021,10.007961],[105.83839,9.979438],[105.90211,9.916693],[106.073497,9.747952],[106.079763,9.73078],[106.083507,9.71308],[106.092947,9.692939],[106.197032,9.541164],[106.203624,9.526842],[106.207774,9.511461],[106.210704,9.470038],[106.205821,9.457343],[106.1692,9.418199],[106.178884,9.408433],[106.187836,9.404486],[106.194591,9.398993],[106.197032,9.384711],[106.19337,9.36933],[106.18393,9.362209],[106.155447,9.356838],[106.01824,9.315253],[105.868256,9.254706],[105.759939,9.210924],[105.538748,9.12934],[105.514171,9.108588],[105.470225,9.061957],[105.443614,9.04149],[105.432953,9.028306],[105.428559,9.010728],[105.426036,9.008002],[105.413259,9.004706],[105.408214,9.000556],[105.4074,8.995917],[105.408946,8.984768],[105.408214,8.980048],[105.333976,8.839699],[105.315126,8.812237],[105.293184,8.787855],[105.25882,8.760465],[105.216752,8.75451],[105.184031,8.740882],[105.154407,8.705858],[105.12636,8.660141],[105.101472,8.634275],[105.034728,8.616218],[105.0,8.606367],[105.0,9.893034],[105.054861,9.933417],[105.076671,9.943427],[105.086681,9.93594],[105.089366,9.919867],[105.113292,9.857082],[105.113129,9.871039],[105.107107,9.908596],[105.107107,9.952704],[105.100434,9.974107],[105.087657,9.996731],[105.042654,10.05508],[105.003266,10.092108],[105.0,10.093999],[105.0,25.0]]]}},{"type":"Feature","properties":{},"geometry":{"type":"Polygon","coordinates":[[[119.278087,5.344631],[119.27589,5.322943],[119.266449,5.289781],[119.264415,5.272691],[119.269298,5.226223],[119.2671,5.201077],[119.244151,5.181342],[119.195567,5.128648],[119.155935,5.106187],[118.973155,5.039944],[118.786632,4.986029],[118.750743,4.964057],[118.727306,4.953925],[118.702485,4.946601],[118.681488,4.944322],[118.665863,4.947984],[118.634451,4.96133],[118.605805,4.965766],[118.584972,4.971869],[118.572276,4.971625],[118.560232,4.967434],[118.530772,4.944322],[118.509044,4.931057],[118.49936,4.931464],[118.486339,4.940619],[118.480724,4.947984],[118.462657,4.978746],[118.428396,5.018785],[118.396983,5.034817],[118.376231,5.041083],[118.366873,5.035875],[118.357188,5.038804],[118.335785,5.025133],[118.304861,4.998928],[118.296723,5.004584],[118.291677,5.000922],[118.289724,4.990953],[118.29127,4.977851],[118.252696,4.987128],[118.21697,4.965806],[118.160818,4.902777],[118.143891,4.890286],[118.136485,4.88231],[118.133556,4.871731],[118.134939,4.859605],[118.139008,4.855373],[118.145763,4.853217],[118.171397,4.836575],[118.177989,4.830756],[118.183849,4.821845],[118.194998,4.792914],[118.219005,4.756293],[118.24643,4.723822],[118.277599,4.695136],[118.312266,4.669908],[118.325206,4.657864],[118.333507,4.651557],[118.342621,4.648871],[118.351817,4.648627],[118.372813,4.645819],[118.380544,4.642646],[118.385265,4.636664],[118.39324,4.618354],[118.397716,4.611314],[118.404063,4.605862],[118.411143,4.601508],[118.428396,4.594306],[118.430837,4.611274],[118.444591,4.614936],[118.462413,4.610012],[118.476736,4.601142],[118.487478,4.587592],[118.489513,4.5751],[118.484386,4.56273],[118.473318,4.549872],[118.469412,4.537177],[118.478201,4.526068],[118.490408,4.516506],[118.496593,4.508287],[118.504893,4.502387],[118.523285,4.511623],[118.551931,4.532782],[118.563162,4.527248],[118.587413,4.52383],[118.59962,4.519192],[118.594005,4.50552],[118.605642,4.486884],[118.645274,4.444037],[118.645763,4.436754],[118.637218,4.426011],[118.626231,4.419338],[118.617524,4.420722],[118.607595,4.425523],[118.592133,4.429145],[118.597423,4.412299],[118.592784,4.397366],[118.582774,4.384589],[118.572276,4.374579],[118.556895,4.363511],[118.542817,4.360012],[118.503429,4.361518],[118.486583,4.359524],[118.454356,4.350287],[118.435232,4.347235],[118.391938,4.346381],[118.368907,4.350572],[118.353282,4.361518],[118.34018,4.344062],[118.33253,4.339016],[118.242035,4.313666],[118.160818,4.30622],[118.137055,4.298651],[118.004568,4.231635],[117.982677,4.231147],[117.921072,4.249091],[117.90447,4.251654],[117.892263,4.256985],[117.853689,4.292629],[117.83961,4.300849],[117.831228,4.304674],[117.82252,4.30622],[117.818858,4.310533],[117.812022,4.329291],[117.808279,4.333564],[117.79477,4.334906],[117.76352,4.347235],[117.738455,4.351793],[117.729503,4.354682],[117.70753,4.36994],[117.696137,4.387763],[117.687022,4.40705],[117.671153,4.426011],[117.656016,4.424221],[117.634125,4.410102],[117.614594,4.393052],[117.605805,4.382025],[117.60963,4.373358],[117.628754,4.361762],[117.633311,4.350979],[117.633311,4.309638],[117.636974,4.299018],[117.65211,4.284857],[117.653656,4.272162],[117.649099,4.260728],[117.640473,4.25137],[117.61964,4.237372],[117.613048,4.230902],[117.608084,4.222235],[117.602061,4.215277],[117.598969,4.206936],[117.602712,4.201728],[117.620291,4.184719],[117.627126,4.1765],[117.617035,4.177436],[117.608409,4.176215],[117.567068,4.159613],[117.555512,4.151842],[117.528331,4.127509],[117.518565,4.12226],[117.507823,4.123481],[117.373057,4.169745],[117.373871,4.165269],[117.377126,4.154364],[117.379242,4.149237],[117.386892,4.142483],[117.396169,4.139635],[117.403982,4.135484],[117.4074,4.124986],[117.403087,4.120347],[117.396332,4.109687],[117.395844,4.098944],[117.410411,4.09394],[117.431326,4.092597],[117.450694,4.088121],[117.466482,4.079901],[117.475597,4.067328],[117.468272,4.052924],[117.468272,4.043524],[117.479015,4.039374],[117.488943,4.042955],[117.499685,4.049791],[117.510427,4.053941],[117.520274,4.049302],[117.61378,3.957099],[117.62794,3.947089],[117.661469,3.940172],[117.678477,3.93244],[117.689301,3.921454],[117.688487,3.909003],[117.672699,3.897773],[117.65089,3.895209],[117.628103,3.900377],[117.590668,3.926093],[117.570079,3.933173],[117.523448,3.936347],[117.523448,3.929511],[117.552094,3.927151],[117.579438,3.914537],[117.60377,3.896715],[117.623302,3.878607],[117.636729,3.87287],[117.652354,3.875149],[117.668224,3.880032],[117.681651,3.88227],[117.689708,3.878811],[117.719086,3.860582],[117.725108,3.850898],[117.777192,3.79914],[117.781993,3.78734],[117.782888,3.779039],[117.776703,3.774115],[117.760509,3.772406],[117.702159,3.778713],[117.714854,3.763577],[117.734223,3.752143],[117.777192,3.737738],[117.817882,3.730048],[117.829275,3.721584],[117.826182,3.703599],[117.817231,3.69481],[117.787934,3.678656],[117.777192,3.66885],[117.761078,3.643744],[117.748546,3.636949],[117.650645,3.627875],[117.628673,3.632066],[117.587657,3.650865],[117.56837,3.655097],[117.546641,3.664008],[117.533702,3.68476],[117.524262,3.708889],[117.508556,3.735907],[117.505382,3.746772],[117.503591,3.768744],[117.499197,3.77558],[117.488943,3.782172],[117.468761,3.792304],[117.479991,3.771186],[117.482432,3.76496],[117.491954,3.707099],[117.499766,3.692694],[117.513357,3.674872],[117.523448,3.650214],[117.524262,3.625434],[117.509776,3.607367],[117.494395,3.608344],[117.45102,3.629299],[117.430919,3.63467],[117.302257,3.633246],[117.219493,3.647366],[117.090505,3.645819],[117.055675,3.631903],[117.030528,3.594387],[117.053966,3.608303],[117.083181,3.616645],[117.114268,3.620592],[117.169281,3.621039],[117.199229,3.616278],[117.216563,3.603013],[117.205333,3.576972],[117.199962,3.554999],[117.210297,3.528876],[117.22755,3.505194],[117.242849,3.490668],[117.253103,3.48607],[117.290701,3.477037],[117.304535,3.469387],[117.312022,3.461127],[117.32545,3.436021],[117.344981,3.446519],[117.37436,3.448635],[117.404959,3.444485],[117.427745,3.436021],[117.43572,3.434312],[117.442149,3.435696],[117.446544,3.43476],[117.448253,3.426093],[117.448253,3.398505],[117.446544,3.385199],[117.441905,3.373033],[117.434418,3.364325],[117.424327,3.360989],[117.414399,3.356187],[117.405528,3.345608],[117.393728,3.326239],[117.386892,3.319892],[117.377778,3.313137],[117.36964,3.305243],[117.366384,3.295803],[117.363129,3.254869],[117.359548,3.244289],[117.344737,3.230455],[117.333669,3.232123],[117.311778,3.251695],[117.281586,3.263251],[117.273774,3.264797],[117.264659,3.261786],[117.264415,3.25434],[117.267833,3.244534],[117.27003,3.23432],[117.281505,3.22309],[117.352712,3.182807],[117.370291,3.177191],[117.389903,3.175198],[117.430919,3.17536],[117.453949,3.17121],[117.457774,3.160346],[117.454112,3.145168],[117.455089,3.12816],[117.4817,3.101264],[117.52003,3.098456],[117.563731,3.101874],[117.605805,3.093411],[117.617198,3.085883],[117.62086,3.079495],[117.62322,3.072455],[117.630138,3.062974],[117.634288,3.052395],[117.629405,3.042385],[117.61964,3.034898],[117.609223,3.031968],[117.600841,3.02497],[117.580776,3.0],[112.445921,3.0],[112.574718,3.033922],[112.727306,3.066107],[112.788829,3.090277],[112.800548,3.090033],[112.974376,3.144232],[113.007823,3.161689],[113.061209,3.218655],[113.082286,3.256781],[113.069347,3.278998],[113.076915,3.287787],[113.103363,3.30565],[113.151378,3.347724],[113.16212,3.353461],[113.166189,3.362942],[113.199555,3.415513],[113.277599,3.484198],[113.295909,3.511786],[113.299083,3.519599],[113.301117,3.527737],[113.302745,3.549262],[113.308116,3.559312],[113.331554,3.577541],[113.336762,3.583808],[113.343598,3.594468],[113.391449,3.648342],[113.414887,3.688707],[113.423025,3.711249],[113.426117,3.734605],[113.434255,3.75316],[113.453136,3.768744],[113.494477,3.792304],[113.736827,4.001288],[113.946788,4.27383],[113.967784,4.32217],[113.960623,4.361518],[113.981944,4.394721],[113.992198,4.437079],[113.991873,4.484442],[113.969412,4.578518],[113.975841,4.594713],[113.99879,4.601142],[114.25172,4.592678],[114.326671,4.606879],[114.395763,4.645738],[114.494477,4.68126],[114.529307,4.693793],[114.550304,4.714423],[114.565684,4.743354],[114.601817,4.779975],[114.722667,4.876044],[114.760183,4.898749],[114.928396,5.000556],[115.057791,5.054104],[115.082856,5.057196],[115.101736,5.049872],[115.103201,5.036851],[115.088634,5.026597],[115.057384,5.012641],[115.049083,4.999172],[115.032481,4.959418],[115.029552,4.947455],[115.022797,4.933743],[114.99171,4.904975],[114.9817,4.889065],[114.992442,4.894232],[115.001964,4.900051],[115.009939,4.907172],[115.015798,4.916409],[115.022634,4.895901],[115.023611,4.857082],[115.029552,4.820868],[115.029796,4.820624],[115.048106,4.801825],[115.066417,4.813544],[115.086192,4.835639],[115.108572,4.84748],[115.130219,4.852037],[115.13087,4.863715],[115.122325,4.879381],[115.116466,4.896064],[115.118663,4.903754],[115.125173,4.90766],[115.134532,4.90884],[115.145844,4.908515],[115.146169,4.908515],[115.162852,4.908026],[115.178233,4.910061],[115.189464,4.917467],[115.198904,4.950751],[115.210623,4.959703],[115.224376,4.958319],[115.235525,4.944322],[115.238617,4.937323],[115.243907,4.935452],[115.265636,4.936916],[115.275238,4.935248],[115.28533,4.93122],[115.293224,4.925727],[115.303966,4.906155],[115.321625,4.900133],[115.342296,4.899807],[115.358409,4.902777],[115.370291,4.910875],[115.403494,4.944322],[115.407888,4.950344],[115.447765,4.985297],[115.479747,5.026028],[115.492198,5.032457],[115.512462,5.035875],[115.531749,5.044623],[115.547618,5.055813],[115.556977,5.067206],[115.562999,5.083157],[115.569835,5.123725],[115.5713,5.160061],[115.573497,5.169664],[115.584239,5.190131],[115.59254,5.198676],[115.601329,5.204576],[115.605235,5.212104],[115.598643,5.225491],[115.560802,5.207831],[115.523774,5.208808],[115.489757,5.222968],[115.400645,5.299994],[115.398123,5.309312],[115.400401,5.317857],[115.39975,5.324205],[115.389171,5.326646],[115.384776,5.324408],[115.365245,5.30744],[115.35963,5.319648],[115.362641,5.333889],[115.368663,5.349311],[115.375255,5.381985],[115.382335,5.39525],[115.389415,5.405666],[115.392589,5.413275],[115.404307,5.423896],[115.456391,5.454332],[115.468272,5.474677],[115.479503,5.489691],[115.550141,5.540188],[115.585216,5.616156],[115.604828,5.63581],[115.618826,5.61286],[115.584321,5.548489],[115.604828,5.519721],[115.610037,5.530097],[115.614431,5.557278],[115.619151,5.568061],[115.653331,5.538642],[115.674083,5.529364],[115.76238,5.523139],[115.79127,5.524888],[115.817719,5.533352],[115.848643,5.560004],[115.87436,5.599351],[115.894216,5.643256],[115.906505,5.68358],[115.914073,5.727444],[115.919932,5.746772],[115.930675,5.763007],[115.945323,5.774848],[116.035167,5.824937],[116.050792,5.842271],[116.057384,5.865139],[116.060313,5.911282],[116.066417,5.93065],[116.127696,6.029771],[116.141856,6.073065],[116.126231,6.102525],[116.10377,6.094713],[116.095958,6.107733],[116.105968,6.126451],[116.136404,6.136054],[116.154063,6.147284],[116.201345,6.217963],[116.222667,6.237209],[116.235362,6.243476],[116.252208,6.245917],[116.264008,6.241889],[116.278982,6.234931],[116.291515,6.232611],[116.296886,6.242499],[116.292735,6.275784],[116.280528,6.278551],[116.261404,6.269355],[116.236095,6.266343],[116.236095,6.27261],[116.263357,6.286851],[116.279063,6.303941],[116.283214,6.307359],[116.290538,6.30858],[116.310557,6.307359],[116.319998,6.313381],[116.322032,6.316718],[116.321951,6.322333],[116.330577,6.354234],[116.333263,6.360582],[116.33839,6.368842],[116.347667,6.379584],[116.436371,6.446845],[116.451427,6.4619],[116.469493,6.475775],[116.488292,6.48428],[116.503184,6.495185],[116.509125,6.516547],[116.509776,6.534613],[116.513194,6.553697],[116.520681,6.568752],[116.533946,6.574856],[116.551524,6.588365],[116.613536,6.671088],[116.628591,6.68537],[116.639008,6.699286],[116.64503,6.716946],[116.646983,6.742418],[116.645356,6.776313],[116.646983,6.786526],[116.651134,6.79442],[116.663341,6.811021],[116.667491,6.821275],[116.665782,6.859605],[116.6692,6.87641],[116.69752,6.889716],[116.705821,6.905341],[116.715343,6.94477],[116.716563,6.966742],[116.718923,6.975409],[116.726085,6.978949],[116.730235,6.982408],[116.740977,6.99844],[116.74643,7.010443],[116.755056,7.018744],[116.76588,7.025092],[116.777354,7.02676],[116.780528,7.022773],[116.790863,7.000067],[116.832042,6.973334],[116.838145,6.962144],[116.851817,6.890204],[116.833263,6.900824],[116.82252,6.90412],[116.817638,6.900092],[116.811209,6.868842],[116.810802,6.86286],[116.822276,6.852851],[116.838145,6.847398],[116.852387,6.838528],[116.858653,6.817857],[116.854666,6.77851],[116.843923,6.752265],[116.810802,6.704576],[116.792735,6.669745],[116.778494,6.626532],[116.783946,6.59162],[116.824474,6.581732],[116.84547,6.592027],[116.861013,6.610541],[116.873057,6.628363],[116.883067,6.636298],[116.896739,6.642076],[116.941173,6.68476],[116.973806,6.708075],[116.980235,6.720364],[116.984141,6.75495],[116.989024,6.759182],[116.995616,6.761135],[117.002615,6.766669],[117.016287,6.793931],[117.052501,6.830756],[117.057872,6.845526],[117.051768,6.866197],[117.029307,6.90998],[117.030528,6.931138],[117.038585,6.942613],[117.04656,6.943793],[117.055837,6.940375],[117.068126,6.937974],[117.076671,6.941311],[117.083263,6.948472],[117.085948,6.955756],[117.082042,6.959052],[117.074474,6.963772],[117.07252,6.974311],[117.074474,6.985663],[117.07838,6.992621],[117.088878,6.994696],[117.100841,6.991604],[117.112153,6.987291],[117.119884,6.985785],[117.128673,6.990668],[117.143809,7.00373],[117.150238,7.003119],[117.158051,6.998725],[117.183442,6.98786],[117.191661,6.985785],[117.194998,6.981838],[117.246755,6.950507],[117.252452,6.945787],[117.256521,6.937974],[117.257335,6.920844],[117.250987,6.872789],[117.246593,6.86286],[117.232758,6.855455],[117.228363,6.83808],[117.230317,6.817532],[117.236013,6.800767],[117.271983,6.75373],[117.277599,6.735663],[117.280284,6.67357],[117.284434,6.657416],[117.295909,6.636298],[117.30893,6.628811],[117.349294,6.630113],[117.364757,6.625149],[117.378184,6.613471],[117.399913,6.588568],[117.424815,6.565579],[117.442231,6.553046],[117.458507,6.547553],[117.474864,6.551459],[117.48585,6.562445],[117.509776,6.6022],[117.525401,6.620998],[117.533702,6.621039],[117.536957,6.605699],[117.537608,6.578315],[117.541759,6.577582],[117.564952,6.554389],[117.561046,6.555732],[117.558442,6.551215],[117.557384,6.544745],[117.558116,6.540107],[117.561778,6.538316],[117.574555,6.53498],[117.578624,6.533271],[117.593598,6.519599],[117.603282,6.514716],[117.616222,6.512844],[117.630219,6.519843],[117.64088,6.521715],[117.650645,6.516547],[117.674653,6.488959],[117.685313,6.47309],[117.695323,6.451361],[117.702159,6.451361],[117.705821,6.460028],[117.710704,6.463772],[117.716319,6.462958],[117.722504,6.458197],[117.727061,6.451158],[117.728282,6.443671],[117.728201,6.43476],[117.729503,6.423407],[117.732758,6.41413],[117.741954,6.396715],[117.743826,6.389879],[117.740001,6.380561],[117.733084,6.371568],[117.728526,6.362372],[117.73878,6.335679],[117.729503,6.269477],[117.722992,6.254625],[117.708018,6.252875],[117.674815,6.258979],[117.656261,6.252753],[117.638194,6.240627],[117.609223,6.21483],[117.600352,6.197821],[117.605642,6.18183],[117.627126,6.15648],[117.643321,6.117499],[117.657888,6.111274],[117.661143,6.105618],[117.662608,6.095771],[117.665212,6.088202],[117.665538,6.079901],[117.661143,6.067776],[117.652843,6.059312],[117.643565,6.056301],[117.636078,6.051947],[117.633311,6.039862],[117.639903,6.023424],[117.654145,6.019761],[117.668305,6.013414],[117.674815,5.988959],[117.668956,5.972642],[117.654633,5.958686],[117.61964,5.937445],[117.492849,5.89468],[117.468761,5.868557],[117.486501,5.871772],[117.543793,5.89643],[117.569347,5.902899],[117.640147,5.903266],[117.707042,5.911607],[117.756602,5.906155],[117.774262,5.908026],[117.780284,5.91942],[117.771658,5.944281],[117.782237,5.950629],[117.792654,5.950019],[117.804454,5.946479],[117.818858,5.944281],[117.836599,5.945502],[117.884044,5.954657],[117.893891,5.96133],[117.900076,5.973944],[117.91391,5.986477],[117.941091,6.005683],[117.973643,6.047756],[117.991384,6.056789],[117.995453,6.061713],[118.002615,6.064602],[118.016856,6.060981],[118.050955,6.02619],[118.053233,6.016303],[118.052501,6.005316],[118.053722,5.996324],[118.070974,5.987372],[118.073578,5.975287],[118.072032,5.954779],[118.077159,5.931586],[118.118988,5.875393],[118.124522,5.870347],[118.125173,5.863918],[118.095958,5.824164],[118.081065,5.815375],[118.058849,5.808987],[118.035411,5.807766],[118.016856,5.814521],[118.000011,5.808987],[117.937999,5.814521],[117.921153,5.809027],[117.910411,5.796861],[117.908458,5.784654],[117.917735,5.779202],[117.922048,5.771715],[117.951996,5.694078],[117.960297,5.687161],[117.964854,5.686225],[117.970551,5.688544],[117.982677,5.691067],[117.998057,5.69595],[118.037852,5.714301],[118.054698,5.718329],[118.062755,5.71662],[118.069591,5.707994],[118.078868,5.704657],[118.086599,5.706366],[118.096202,5.710517],[118.106619,5.712592],[118.116466,5.708075],[118.12672,5.693549],[118.134044,5.689643],[118.143728,5.694078],[118.151541,5.705146],[118.151622,5.714097],[118.147146,5.724555],[118.153819,5.742133],[118.158214,5.74901],[118.164561,5.756171],[118.167247,5.76439],[118.159353,5.782782],[118.160818,5.793402],[118.17628,5.805162],[118.220958,5.809556],[118.262218,5.827867],[118.283702,5.823228],[118.335785,5.795844],[118.340668,5.794257],[118.345714,5.798407],[118.3567,5.810777],[118.365245,5.813788],[118.375336,5.809882],[118.384532,5.803941],[118.390798,5.80093],[118.410655,5.796129],[118.513031,5.736762],[118.548106,5.708075],[118.56186,5.699774],[118.579275,5.691718],[118.594005,5.682074],[118.59962,5.669257],[118.595958,5.659369],[118.588634,5.653632],[118.581716,5.64997],[118.578461,5.646308],[118.568696,5.589545],[118.562022,5.56802],[118.558849,5.546861],[118.56544,5.525946],[118.572276,5.525946],[118.582205,5.551337],[118.58839,5.56269],[118.595958,5.571234],[118.600597,5.581285],[118.598969,5.607978],[118.603038,5.61872],[118.62908,5.636623],[118.651052,5.63642],[118.670258,5.623033],[118.717296,5.565823],[118.736583,5.547838],[118.753917,5.540188],[118.780284,5.535346],[118.800059,5.522121],[118.812999,5.502346],[118.819347,5.478095],[118.826834,5.483629],[118.831065,5.488593],[118.832774,5.495266],[118.832367,5.505439],[118.879568,5.469794],[118.89796,5.464504],[118.918793,5.454983],[118.93572,5.433987],[118.939464,5.412828],[118.921723,5.403022],[118.932628,5.39411],[118.948253,5.388577],[118.964529,5.388414],[118.97641,5.395575],[118.979259,5.409125],[118.973399,5.419582],[118.970876,5.42829],[118.983897,5.43651],[119.008311,5.435858],[119.055675,5.410956],[119.085704,5.409857],[119.163829,5.446967],[119.189301,5.450751],[119.204845,5.443345],[119.219574,5.427924],[119.243337,5.395575],[119.264985,5.374213],[119.274262,5.361151],[119.278087,5.344631]]]}},{"type":"Feature","properties":{},"geometry":{"type":"Polygon","coordinates":[[[126.569184,7.301093],[126.577403,7.295315],[126.610362,7.277045],[126.617686,7.276842],[126.612315,7.25788],[126.58839,7.226793],[126.582856,7.208645],[126.579763,7.201077],[126.571951,7.198188],[126.562999,7.196357],[126.555675,7.19184],[126.550304,7.183051],[126.529633,7.129136],[126.523204,7.118842],[126.491059,7.088813],[126.47641,7.06623],[126.468516,7.038764],[126.466156,7.003119],[126.451508,6.983547],[126.417491,6.980048],[126.378591,6.987372],[126.349457,7.000067],[126.323985,6.978095],[126.309581,6.94892],[126.303233,6.918647],[126.301768,6.893256],[126.307465,6.881415],[126.334483,6.858588],[126.343272,6.849189],[126.347504,6.833889],[126.349294,6.812934],[126.347016,6.794501],[126.33961,6.786526],[126.308849,6.798041],[126.29127,6.825832],[126.268321,6.890204],[126.242686,6.919257],[126.212901,6.934027],[126.191905,6.925116],[126.192556,6.883368],[126.18572,6.883368],[126.183116,6.889472],[126.17213,6.903876],[126.167979,6.882554],[126.178559,6.861396],[126.192882,6.841702],[126.207856,6.805894],[126.225759,6.78974],[126.244314,6.776516],[126.254568,6.766669],[126.257172,6.744818],[126.244151,6.703925],[126.22877,6.616197],[126.226899,6.46894],[126.210216,6.390204],[126.206065,6.299302],[126.200206,6.283189],[126.18572,6.286851],[126.18214,6.300727],[126.177745,6.351467],[126.175548,6.362616],[126.141287,6.386176],[126.137218,6.395575],[126.136974,6.407416],[126.138194,6.419867],[126.137869,6.430854],[126.112966,6.477362],[126.100108,6.49372],[126.095063,6.514106],[126.082693,6.639716],[126.084321,6.663072],[126.096365,6.725043],[126.095958,6.747219],[126.085297,6.78262],[126.082693,6.804511],[126.082693,6.830878],[126.079112,6.842515],[126.067149,6.847886],[126.041759,6.855414],[126.022146,6.866767],[125.983409,6.920885],[125.976817,6.939602],[125.985688,6.98607],[125.986501,7.006293],[125.974783,7.027737],[125.91505,7.085028],[125.902599,7.101142],[125.89796,7.116034],[125.89088,7.15705],[125.850597,7.253892],[125.849864,7.294257],[125.853201,7.31623],[125.853201,7.336005],[125.845388,7.350246],[125.83074,7.354275],[125.82545,7.355699],[125.806895,7.351142],[125.746837,7.307929],[125.687836,7.274644],[125.676768,7.264635],[125.676606,7.264472],[125.668305,7.257025],[125.656912,7.237047],[125.653982,7.215074],[125.659353,7.149848],[125.658051,7.129136],[125.654552,7.119574],[125.646169,7.107856],[125.644379,7.099066],[125.639008,7.088772],[125.603526,7.054633],[125.57545,7.038723],[125.541759,7.030585],[125.509939,7.01557],[125.487478,6.978949],[125.48463,6.935126],[125.480642,6.913235],[125.469737,6.903876],[125.424653,6.849189],[125.403575,6.811835],[125.388927,6.768297],[125.380382,6.721503],[125.377615,6.674221],[125.380626,6.657213],[125.394298,6.618232],[125.397472,6.598456],[125.405528,6.588853],[125.421886,6.582343],[125.434581,6.588202],[125.43214,6.61579],[125.465099,6.594672],[125.508067,6.539496],[125.534516,6.512844],[125.553233,6.524848],[125.573578,6.516913],[125.589854,6.499172],[125.59669,6.481757],[125.597667,6.442694],[125.60141,6.427883],[125.630138,6.366197],[125.640961,6.352362],[125.644786,6.344143],[125.645518,6.332587],[125.644379,6.310492],[125.645844,6.299628],[125.649262,6.292426],[125.658051,6.280015],[125.706554,6.149726],[125.710134,6.132066],[125.710623,6.111029],[125.706554,6.089545],[125.696056,6.071194],[125.692393,6.060981],[125.699229,6.040473],[125.696056,6.029934],[125.692149,6.021877],[125.685313,5.992662],[125.667328,5.950141],[125.594574,5.862128],[125.499034,5.726142],[125.436371,5.617662],[125.421641,5.598212],[125.403005,5.580878],[125.387543,5.573798],[125.371267,5.572943],[125.322765,5.575507],[125.30836,5.579576],[125.302419,5.59219],[125.300141,5.671332],[125.295095,5.691067],[125.288259,5.706041],[125.278656,5.716498],[125.264334,5.722561],[125.243175,5.724555],[125.237804,5.727973],[125.231944,5.736274],[125.227306,5.746568],[125.225434,5.756171],[125.220958,5.766425],[125.21046,5.772121],[125.198985,5.77558],[125.191417,5.779202],[125.181163,5.798326],[125.185069,5.814521],[125.194021,5.829495],[125.198741,5.844916],[125.201834,5.860541],[125.208995,5.876858],[125.225434,5.903266],[125.264008,5.949937],[125.278005,5.979234],[125.280772,6.019355],[125.276703,6.036038],[125.263194,6.072211],[125.260265,6.08454],[125.250743,6.093085],[125.240082,6.094224],[125.229259,6.095404],[125.191417,6.09512],[125.179454,6.106757],[125.168956,6.111965],[125.157888,6.108791],[125.155284,6.100165],[125.157725,6.074286],[125.15447,6.064358],[125.145274,6.050035],[125.112234,5.953355],[125.088715,5.884711],[125.069102,5.861721],[125.049815,5.861396],[125.002208,5.871975],[124.963634,5.858588],[124.938731,5.863959],[124.837413,5.912258],[124.810883,5.918606],[124.767914,5.938056],[124.756114,5.938178],[124.743663,5.936957],[124.732677,5.937445],[124.708018,5.946601],[124.643321,5.985256],[124.636485,5.97842],[124.605805,5.992336],[124.596202,5.998928],[124.592459,6.00552],[124.589692,6.014635],[124.585948,6.022691],[124.579112,6.02619],[124.561371,6.030015],[124.421886,6.110297],[124.370128,6.132717],[124.245779,6.18651],[124.22877,6.197008],[124.201671,6.221747],[124.189464,6.240546],[124.176606,6.277818],[124.164806,6.294338],[124.097911,6.364651],[124.071951,6.401516],[124.054942,6.43769],[124.042491,6.488471],[124.04127,6.509711],[124.034841,6.530585],[124.03297,6.542426],[124.037446,6.547553],[124.051768,6.548896],[124.055837,6.55272],[124.054942,6.559027],[124.054942,6.646552],[124.052257,6.669379],[124.033865,6.73192],[124.037201,6.758409],[124.039806,6.77912],[124.036632,6.799709],[124.0171,6.808295],[124.014334,6.806098],[124.003266,6.790229],[123.997325,6.786078],[123.994477,6.787909],[123.992686,6.791815],[123.989431,6.793931],[123.982188,6.79682],[123.974946,6.8039],[123.968923,6.81273],[123.965505,6.821275],[123.96518,6.832343],[123.971202,6.850775],[123.972911,6.859117],[123.974864,6.965318],[123.988536,7.015611],[124.02947,7.115139],[124.051117,7.136623],[124.06837,7.141343],[124.091319,7.152777],[124.129405,7.177558],[124.166759,7.208401],[124.183767,7.226386],[124.194591,7.253648],[124.212738,7.270575],[124.219249,7.279975],[124.220876,7.289293],[124.219249,7.32095],[124.220876,7.346584],[124.225841,7.36579],[124.246755,7.40412],[124.23227,7.41474],[124.219005,7.415758],[124.187755,7.410346],[124.176036,7.415717],[124.167328,7.431912],[124.163097,7.439643],[124.153575,7.445054],[124.142426,7.461249],[124.095225,7.561184],[124.065196,7.602729],[124.020763,7.63349],[124.013357,7.634345],[123.959239,7.673896],[123.910899,7.69892],[123.903494,7.691474],[123.886078,7.699408],[123.862966,7.703437],[123.861664,7.703477],[123.818126,7.705146],[123.7942,7.710517],[123.777843,7.723944],[123.723806,7.7956],[123.703949,7.809394],[123.680675,7.815009],[123.65797,7.817206],[123.614594,7.833523],[123.609223,7.835517],[123.586925,7.839342],[123.52296,7.835517],[123.504893,7.831732],[123.479991,7.822659],[123.456879,7.811469],[123.444672,7.801337],[123.448253,7.766425],[123.475597,7.739325],[123.497813,7.708808],[123.485688,7.66356],[123.477061,7.653306],[123.466563,7.643866],[123.455414,7.635932],[123.444672,7.630072],[123.40919,7.623481],[123.400076,7.619452],[123.396251,7.611762],[123.395274,7.600409],[123.396251,7.578559],[123.392345,7.575629],[123.371593,7.588039],[123.362153,7.589057],[123.353526,7.572089],[123.366873,7.552191],[123.386404,7.53262],[123.396251,7.516791],[123.402599,7.492092],[123.417654,7.478664],[123.43572,7.468207],[123.451671,7.452541],[123.458669,7.431301],[123.457774,7.408637],[123.451427,7.387926],[123.441254,7.372748],[123.431,7.36872],[123.419444,7.37226],[123.388031,7.395413],[123.355968,7.410346],[123.342133,7.420478],[123.313162,7.451321],[123.304373,7.467434],[123.289806,7.477607],[123.286388,7.482611],[123.286388,7.504584],[123.284434,7.513251],[123.280284,7.520209],[123.264415,7.526353],[123.243826,7.524075],[123.225841,7.515611],[123.21811,7.503404],[123.212576,7.489325],[123.199474,7.482001],[123.183604,7.480943],[123.170421,7.486029],[123.140636,7.513129],[123.127452,7.53148],[123.122081,7.550605],[123.127615,7.572577],[123.141775,7.57982],[123.159679,7.582099],[123.177257,7.589057],[123.187511,7.605862],[123.186778,7.626207],[123.175304,7.643297],[123.153331,7.650539],[123.140391,7.661363],[123.135427,7.686469],[123.133474,7.714179],[123.129405,7.7331],[123.117931,7.74136],[123.10727,7.73192],[123.096446,7.714301],[123.084727,7.695217],[123.05714,7.667304],[123.050304,7.655097],[123.051524,7.644965],[123.054698,7.634833],[123.053722,7.622545],[123.049571,7.617987],[123.036143,7.60932],[123.033214,7.605862],[123.034516,7.598619],[123.037771,7.594672],[123.040212,7.590155],[123.04005,7.58161],[123.034516,7.56387],[123.019054,7.541978],[123.012218,7.527655],[123.01059,7.512844],[123.012218,7.482611],[123.006602,7.472357],[122.995616,7.467271],[122.990001,7.470364],[122.98463,7.47606],[122.974864,7.479193],[122.973643,7.480373],[122.950694,7.486029],[122.942393,7.499701],[122.927257,7.538153],[122.917247,7.547512],[122.905284,7.543402],[122.892345,7.53144],[122.881684,7.517401],[122.87615,7.507148],[122.875255,7.492825],[122.87794,7.48371],[122.876475,7.475979],[122.862559,7.465562],[122.85141,7.461005],[122.83725,7.458441],[122.822032,7.459418],[122.807384,7.465562],[122.813487,7.477769],[122.810313,7.48607],[122.803966,7.49018],[122.800548,7.489732],[122.798595,7.487128],[122.794444,7.485256],[122.789887,7.484687],[122.786876,7.486029],[122.785655,7.491767],[122.788097,7.496812],[122.791677,7.499945],[122.793712,7.499701],[122.792491,7.522691],[122.79713,7.53559],[122.80893,7.537543],[122.82838,7.527655],[122.83074,7.549791],[122.822765,7.564439],[122.812348,7.57689],[122.807384,7.592475],[122.799978,7.654202],[122.793712,7.671047],[122.801524,7.684394],[122.80836,7.70425],[122.812999,7.725531],[122.814708,7.743354],[122.804373,7.758612],[122.780447,7.759833],[122.739024,7.754136],[122.730479,7.760728],[122.714854,7.780951],[122.704275,7.788316],[122.659841,7.788316],[122.651052,7.786078],[122.630707,7.776313],[122.618663,7.774075],[122.59669,7.76142],[122.511485,7.695705],[122.485606,7.666897],[122.443858,7.608588],[122.433849,7.590644],[122.433604,7.578559],[122.451671,7.574408],[122.471853,7.579901],[122.485606,7.578518],[122.485118,7.553697],[122.47877,7.539862],[122.46754,7.522854],[122.454438,7.507758],[122.443614,7.499701],[122.451427,7.534166],[122.45102,7.540676],[122.439952,7.541938],[122.428477,7.532904],[122.419688,7.520168],[122.41627,7.51024],[122.405935,7.499945],[122.359874,7.472846],[122.347992,7.452541],[122.354259,7.430406],[122.368826,7.410468],[122.37908,7.391588],[122.372569,7.372748],[122.36378,7.362209],[122.344981,7.331773],[122.333507,7.323879],[122.322927,7.323147],[122.312266,7.323961],[122.300141,7.32095],[122.280447,7.294501],[122.26588,7.249091],[122.25172,7.164496],[122.24936,7.118109],[122.2435,7.09927],[122.202403,7.042629],[122.167328,6.952704],[122.15447,6.928127],[122.134288,6.914211],[122.123709,6.899644],[122.118663,6.89643],[122.095714,6.897406],[122.086762,6.899644],[122.037934,6.917385],[121.961192,6.958197],[121.937022,6.978949],[121.898936,7.057196],[121.897797,7.140286],[121.933442,7.217922],[122.005382,7.279975],[122.03891,7.2956],[122.046886,7.301093],[122.051036,7.307807],[122.053477,7.316881],[122.051768,7.324897],[122.043224,7.328355],[122.032563,7.33983],[122.034679,7.36579],[122.046886,7.410346],[122.045584,7.442532],[122.046886,7.452541],[122.052094,7.463284],[122.064952,7.481106],[122.067393,7.489732],[122.069998,7.513658],[122.077647,7.528022],[122.09018,7.537543],[122.107758,7.547512],[122.11964,7.556545],[122.137218,7.572984],[122.146007,7.588813],[122.113536,7.603258],[122.111583,7.620673],[122.122081,7.657375],[122.122732,7.700385],[122.117524,7.723212],[122.104747,7.7331],[122.096528,7.744696],[122.104991,7.770819],[122.128917,7.815009],[122.214529,7.921129],[122.239594,7.965725],[122.25172,7.980129],[122.263031,7.989814],[122.292247,8.009914],[122.322765,8.018215],[122.360037,8.040473],[122.437999,8.066555],[122.462576,8.07099],[122.478282,8.061998],[122.482432,8.070543],[122.489594,8.0751],[122.497813,8.074652],[122.505056,8.068264],[122.522716,8.076361],[122.599946,8.092922],[122.638438,8.108547],[122.649669,8.116034],[122.667735,8.14997],[122.67921,8.164211],[122.684418,8.153957],[122.691905,8.131659],[122.710948,8.119778],[122.735199,8.115465],[122.7588,8.116034],[122.855235,8.132473],[122.8685,8.141832],[122.879568,8.143988],[122.903087,8.14468],[122.91391,8.146552],[122.924571,8.150133],[122.945323,8.161851],[123.002615,8.209133],[123.013682,8.232408],[123.000743,8.250393],[122.964366,8.274359],[122.962087,8.280829],[122.958181,8.302395],[122.958181,8.308498],[122.96339,8.313951],[122.981619,8.324693],[122.985362,8.325873],[122.987478,8.330634],[122.991954,8.335761],[122.99643,8.342719],[122.998383,8.353176],[122.997244,8.364651],[122.992035,8.385484],[122.992198,8.397203],[122.999278,8.414944],[123.021739,8.444403],[123.026378,8.462714],[123.031016,8.474555],[123.042003,8.490139],[123.055431,8.50495],[123.067393,8.514553],[123.082042,8.519232],[123.160492,8.530666],[123.195079,8.542222],[123.211274,8.541815],[123.215505,8.538316],[123.225597,8.525092],[123.231944,8.520697],[123.242035,8.51911],[123.300955,8.524237],[123.318207,8.533515],[123.331065,8.546617],[123.346446,8.56977],[123.34962,8.576606],[123.363536,8.623277],[123.371593,8.63345],[123.386729,8.637437],[123.392345,8.635728],[123.397634,8.632392],[123.403331,8.629828],[123.410655,8.630561],[123.415538,8.633694],[123.427582,8.644232],[123.436371,8.649482],[123.431977,8.661078],[123.400076,8.697659],[123.391856,8.709418],[123.390147,8.719387],[123.397146,8.723212],[123.411143,8.726386],[123.424815,8.726955],[123.431,8.722805],[123.436697,8.721829],[123.461925,8.707261],[123.477794,8.695299],[123.488455,8.692125],[123.500255,8.693101],[123.51295,8.698879],[123.514171,8.647284],[123.521821,8.622545],[123.539724,8.623765],[123.545909,8.620063],[123.549001,8.618842],[123.561371,8.613837],[123.567638,8.610093],[123.571788,8.604682],[123.581309,8.582831],[123.590994,8.59276],[123.59254,8.602281],[123.592133,8.612372],[123.594981,8.623765],[123.600352,8.632554],[123.615489,8.651068],[123.603282,8.663072],[123.61671,8.670722],[123.633067,8.668443],[123.62908,8.651068],[123.710297,8.633246],[123.722504,8.628079],[123.730968,8.618883],[123.738943,8.602688],[123.745779,8.602688],[123.75408,8.610297],[123.7588,8.607489],[123.766856,8.589016],[123.764903,8.589097],[123.777029,8.557359],[123.780528,8.551744],[123.786388,8.537665],[123.82838,8.486558],[123.844737,8.452216],[123.857595,8.40941],[123.866059,8.364325],[123.869314,8.243313],[123.884776,8.185452],[123.882986,8.164496],[123.873302,8.153266],[123.767751,8.059027],[123.745779,8.048407],[123.702403,8.045803],[123.684744,8.036811],[123.677664,8.010728],[123.677582,8.010606],[123.677501,8.010199],[123.676443,8.000067],[123.671723,7.980658],[123.670665,7.969224],[123.67213,7.96776],[123.676443,7.963406],[123.676687,7.963487],[123.688975,7.968329],[123.700857,7.976467],[123.704845,7.980129],[123.740977,8.000434],[123.873709,8.10517],[123.886404,8.109198],[123.907481,8.113227],[123.922048,8.123236],[123.945079,8.150133],[123.968923,8.167792],[124.000255,8.181342],[124.036306,8.189846],[124.155772,8.190253],[124.198497,8.196479],[124.23227,8.212877],[124.242442,8.225328],[124.258067,8.255927],[124.270274,8.270941],[124.274669,8.281073],[124.270763,8.291449],[124.263927,8.301825],[124.260427,8.311916],[124.261729,8.32453],[124.265391,8.33397],[124.273936,8.350043],[124.274587,8.35456],[124.273204,8.364814],[124.273936,8.369289],[124.277029,8.373521],[124.283946,8.378607],[124.286957,8.383531],[124.296235,8.404731],[124.29949,8.415473],[124.302013,8.45246],[124.305919,8.4737],[124.321788,8.514553],[124.34254,8.548651],[124.371104,8.581366],[124.405772,8.607896],[124.444591,8.623765],[124.469981,8.624823],[124.476085,8.614569],[124.475352,8.5987],[124.480154,8.582831],[124.485199,8.582465],[124.508556,8.577338],[124.510509,8.575995],[124.517426,8.574652],[124.52589,8.571112],[124.540782,8.561713],[124.571544,8.528144],[124.58253,8.520697],[124.599946,8.516181],[124.657481,8.514553],[124.648448,8.496324],[124.640961,8.47602],[124.636485,8.454291],[124.636485,8.431952],[124.643321,8.431952],[124.650645,8.458197],[124.663097,8.475816],[124.682953,8.481838],[124.712169,8.472968],[124.716482,8.479804],[124.732677,8.493394],[124.736339,8.495022],[124.749766,8.498725],[124.753184,8.50023],[124.753673,8.506578],[124.750987,8.512519],[124.747732,8.517401],[124.746349,8.520697],[124.750499,8.5515],[124.753184,8.561713],[124.757335,8.569078],[124.769786,8.58633],[124.773611,8.596422],[124.771495,8.615871],[124.751475,8.650458],[124.746349,8.670966],[124.751231,8.692776],[124.763194,8.706],[124.77711,8.717353],[124.787852,8.733629],[124.78004,8.752875],[124.780772,8.774604],[124.787852,8.818996],[124.787852,8.904283],[124.780772,8.949123],[124.781749,8.971137],[124.791026,8.990627],[124.799083,8.999986],[124.809418,9.009467],[124.820811,9.014553],[124.832042,9.010728],[124.843598,9.00373],[124.85377,9.003974],[124.864024,9.006741],[124.87672,9.007392],[124.895193,9.002753],[124.915294,8.994127],[124.931407,8.982733],[124.938162,8.969794],[124.947276,8.96247],[125.026378,8.918524],[125.034434,8.91177],[125.057384,8.88227],[125.072765,8.872789],[125.093028,8.839789],[125.105968,8.829779],[125.115733,8.830552],[125.137462,8.843492],[125.159353,8.851142],[125.176443,8.860582],[125.187348,8.875922],[125.195323,8.960883],[125.191417,8.980048],[125.187755,8.985907],[125.183116,8.9914],[125.17921,8.997992],[125.177745,9.007392],[125.179942,9.019477],[125.18922,9.039374],[125.191417,9.052069],[125.191905,9.064927],[125.194102,9.072414],[125.199474,9.078274],[125.208751,9.086493],[125.218516,9.088121],[125.227224,9.078843],[125.239757,9.055162],[125.269298,9.01557],[125.288748,9.000434],[125.311778,8.99433],[125.37672,8.99136],[125.419932,8.981594],[125.441173,8.980414],[125.462169,8.985175],[125.516612,9.015937],[125.526541,9.02619],[125.534516,9.048977],[125.540701,9.084052],[125.542003,9.189195],[125.539317,9.206692],[125.533214,9.217597],[125.526052,9.226955],[125.521007,9.239488],[125.520274,9.248236],[125.521495,9.266181],[125.521007,9.274848],[125.517833,9.284491],[125.509044,9.303697],[125.50294,9.329169],[125.483735,9.361274],[125.477306,9.390611],[125.472911,9.398342],[125.468272,9.404242],[125.466319,9.408352],[125.466319,9.439358],[125.465261,9.444688],[125.462413,9.459296],[125.440684,9.515937],[125.438162,9.525824],[125.435557,9.546047],[125.398692,9.681057],[125.397472,9.699408],[125.400401,9.717434],[125.407074,9.73371],[125.45574,9.812812],[125.459483,9.822943],[125.471365,9.808905],[125.488455,9.792914],[125.507091,9.779934],[125.540375,9.771064],[125.569021,9.756659],[125.589203,9.754625],[125.584646,9.73078],[125.592621,9.702338],[125.604503,9.673326],[125.610362,9.647895],[125.620128,9.629788],[125.643565,9.611274],[125.670909,9.600084],[125.692882,9.603827],[125.691091,9.600165],[125.690115,9.59691],[125.68865,9.593492],[125.685313,9.589545],[125.698497,9.589993],[125.705903,9.58515],[125.712738,9.575873],[125.722667,9.575507],[125.743988,9.577379],[125.753673,9.575873],[125.772472,9.554836],[125.781016,9.54857],[125.790863,9.545315],[125.848969,9.537177],[125.868012,9.526923],[125.901134,9.497056],[125.910655,9.494208],[125.923188,9.494289],[125.934093,9.492336],[125.938731,9.48371],[125.94044,9.475002],[125.948985,9.46308],[125.952403,9.45303],[125.96339,9.47248],[125.965994,9.480292],[125.97283,9.480292],[125.972667,9.464016],[125.971202,9.454088],[125.967459,9.44717],[125.959727,9.439358],[125.948578,9.434231],[125.920258,9.426907],[125.911876,9.418199],[125.910981,9.404934],[125.916759,9.395413],[125.926931,9.388902],[125.938731,9.384711],[125.955821,9.381781],[125.966645,9.384263],[125.993907,9.397773],[125.991954,9.357856],[125.996593,9.324652],[126.011729,9.29385],[126.057953,9.245998],[126.06544,9.241767],[126.075857,9.239488],[126.089122,9.240871],[126.109874,9.251207],[126.143403,9.26142],[126.179373,9.297187],[126.199962,9.308417],[126.2199,9.30565],[126.22462,9.290961],[126.219412,9.272203],[126.200369,9.240627],[126.19337,9.216376],[126.18572,9.17182],[126.18572,9.138332],[126.178966,9.093004],[126.183604,9.081488],[126.194509,9.07746],[126.207042,9.076117],[126.217052,9.072496],[126.222992,9.06391],[126.233653,9.039374],[126.240245,9.028469],[126.312755,8.956244],[126.322276,8.93537],[126.323578,8.922349],[126.335948,8.884467],[126.331879,8.870022],[126.332367,8.86107],[126.34547,8.853258],[126.34311,8.84512],[126.338227,8.837633],[126.335948,8.836086],[126.328787,8.81273],[126.316905,8.787991],[126.300059,8.768297],[126.278168,8.760321],[126.240245,8.735053],[126.234141,8.733629],[126.234141,8.719184],[126.241873,8.710598],[126.261485,8.698879],[126.261485,8.692694],[126.257579,8.690497],[126.257009,8.689683],[126.256847,8.688544],[126.254568,8.685207],[126.242198,8.690009],[126.231619,8.692206],[126.209972,8.692694],[126.197765,8.6883],[126.173676,8.669094],[126.138438,8.654039],[126.118907,8.630561],[126.110525,8.607123],[126.130382,8.586493],[126.148204,8.540676],[126.158458,8.527574],[126.167247,8.526597],[126.199962,8.527574],[126.219574,8.521715],[126.22877,8.52147],[126.240245,8.527574],[126.220714,8.540432],[126.214203,8.548245],[126.22047,8.555487],[126.231781,8.554836],[126.244802,8.549302],[126.257498,8.546861],[126.268321,8.555487],[126.291515,8.544623],[126.356944,8.534369],[126.356212,8.536282],[126.359141,8.539374],[126.364431,8.541815],[126.370128,8.541815],[126.369802,8.538886],[126.37322,8.530829],[126.380626,8.517646],[126.401052,8.502183],[126.405284,8.492621],[126.39796,8.479153],[126.402029,8.476304],[126.406912,8.470404],[126.411632,8.466132],[126.38502,8.467353],[126.37436,8.464545],[126.370128,8.455552],[126.366873,8.432074],[126.370128,8.427639],[126.3838,8.431952],[126.387706,8.415351],[126.380056,8.395575],[126.356944,8.363715],[126.352306,8.362372],[126.340505,8.35517],[126.33253,8.347073],[126.33961,8.343207],[126.343272,8.338121],[126.356944,8.311916],[126.365001,8.304999],[126.379893,8.302069],[126.388438,8.292914],[126.377615,8.267524],[126.345876,8.231391],[126.338634,8.214586],[126.346446,8.195502],[126.361583,8.187161],[126.377615,8.191596],[126.393321,8.200507],[126.42335,8.211005],[126.459321,8.24018],[126.463064,8.229926],[126.457286,8.144721],[126.453949,8.12934],[126.455333,8.115058],[126.466156,8.095526],[126.442882,8.081448],[126.431488,8.0456],[126.434255,8.005927],[126.453136,7.980129],[126.434825,7.961819],[126.395518,7.933336],[126.3838,7.9112],[126.383474,7.899563],[126.383067,7.885688],[126.391368,7.858303],[126.406098,7.833238],[126.425304,7.815009],[126.454926,7.797309],[126.459321,7.791693],[126.46339,7.781073],[126.487478,7.746731],[126.510997,7.732733],[126.562266,7.727525],[126.582856,7.719428],[126.575694,7.697089],[126.571788,7.674954],[126.569184,7.62637],[126.573578,7.603502],[126.592784,7.5539],[126.600922,7.506415],[126.60727,7.485175],[126.608653,7.465318],[126.597341,7.445054],[126.585704,7.437323],[126.574718,7.43301],[126.566417,7.426011],[126.562999,7.410346],[126.566742,7.406684],[126.589692,7.389838],[126.582042,7.367377],[126.58074,7.320014],[126.569184,7.301093]]]}},{"type":"Feature","properties":{},"geometry":{"type":"Polygon","coordinates":[[[122.297211,18.403876],[122.317149,18.377427],[122.324962,18.336615],[122.32016,18.292548],[122.306977,18.251288],[122.288585,18.218207],[122.262706,18.186103],[122.246755,18.171942],[122.213715,18.14997],[122.180024,18.120754],[122.174327,18.113471],[122.16977,18.100491],[122.169119,18.088121],[122.171886,18.079413],[122.175548,18.071845],[122.177257,18.063178],[122.177257,18.029039],[122.183116,17.996487],[122.183442,17.984361],[122.140147,17.798285],[122.139903,17.787909],[122.14324,17.765286],[122.142345,17.757066],[122.136078,17.744289],[122.135753,17.737291],[122.139822,17.730048],[122.153168,17.715522],[122.156261,17.706936],[122.156586,17.619289],[122.162934,17.593329],[122.193858,17.519192],[122.197113,17.494615],[122.206065,17.475287],[122.224457,17.45189],[122.239594,17.426825],[122.23878,17.402167],[122.243663,17.391099],[122.246349,17.374905],[122.25115,17.360175],[122.262706,17.353746],[122.266449,17.355373],[122.271495,17.358629],[122.278331,17.361233],[122.28712,17.360582],[122.305349,17.344184],[122.313731,17.340074],[122.32602,17.340888],[122.352875,17.351142],[122.365408,17.353746],[122.381602,17.347398],[122.390147,17.316881],[122.402599,17.305976],[122.397797,17.329088],[122.414561,17.319078],[122.435395,17.292426],[122.443614,17.265611],[122.425141,17.279527],[122.414317,17.283637],[122.409434,17.275214],[122.411632,17.260443],[122.420909,17.232327],[122.423106,17.220608],[122.420584,17.205878],[122.410411,17.175523],[122.409434,17.161933],[122.41684,17.145819],[122.441417,17.127997],[122.45102,17.114163],[122.454438,17.11872],[122.460948,17.123481],[122.464692,17.127834],[122.480479,17.123481],[122.490245,17.13288],[122.500987,17.139797],[122.519298,17.127834],[122.529145,17.109605],[122.529063,17.090522],[122.521495,17.072008],[122.5088,17.055854],[122.503917,17.046536],[122.500499,17.034125],[122.496104,17.023261],[122.488292,17.018541],[122.483572,17.013658],[122.472911,16.989691],[122.459727,16.912014],[122.464692,16.895087],[122.448985,16.864976],[122.422699,16.794338],[122.373383,16.713528],[122.365001,16.685126],[122.34547,16.642524],[122.33839,16.631293],[122.325206,16.616156],[122.300141,16.565497],[122.286388,16.54682],[122.253184,16.519965],[122.24464,16.510565],[122.23878,16.504055],[122.234223,16.495103],[122.232188,16.486518],[122.231944,16.466498],[122.229177,16.461615],[122.211436,16.449408],[122.204275,16.43476],[122.205333,16.423896],[122.217621,16.394761],[122.224132,16.408515],[122.225108,16.415269],[122.231944,16.415269],[122.224946,16.380764],[122.191905,16.317369],[122.197113,16.291693],[122.214529,16.307074],[122.231944,16.319037],[122.228689,16.304633],[122.203868,16.263821],[122.20338,16.257473],[122.205333,16.242499],[122.203868,16.236518],[122.198741,16.23371],[122.182465,16.232001],[122.177257,16.230292],[122.149425,16.195543],[122.115245,16.168891],[122.083995,16.137356],[122.080414,16.135321],[122.076996,16.132717],[122.073578,16.127265],[122.071788,16.11933],[122.072439,16.111558],[122.073578,16.104926],[122.073578,16.099921],[122.059255,16.077786],[122.016124,16.051459],[121.997895,16.031073],[121.99171,16.03852],[122.011567,16.065741],[122.021658,16.08393],[122.02589,16.103705],[122.033458,16.117133],[122.081065,16.148383],[122.087576,16.164455],[122.092784,16.187323],[122.101573,16.20775],[122.132579,16.225491],[122.14088,16.244086],[122.135265,16.260728],[122.107758,16.263821],[122.087413,16.255316],[122.077403,16.241278],[122.073985,16.224026],[122.073578,16.205756],[122.066905,16.190131],[122.050548,16.180854],[122.012218,16.168891],[121.954763,16.139146],[121.940196,16.134711],[121.903982,16.129828],[121.868175,16.120429],[121.855968,16.111314],[121.844086,16.100002],[121.829926,16.090399],[121.799978,16.083238],[121.788422,16.077216],[121.77768,16.073188],[121.769542,16.075751],[121.761078,16.079983],[121.752289,16.07689],[121.684418,16.021145],[121.678722,16.010728],[121.642263,15.969631],[121.593272,15.944892],[121.57781,15.932074],[121.567393,15.915717],[121.560069,15.895209],[121.552989,15.852932],[121.554861,15.828925],[121.570649,15.793769],[121.574555,15.774359],[121.585216,15.765448],[121.608653,15.763088],[121.631847,15.757025],[121.642263,15.736884],[121.636567,15.72248],[121.594493,15.67475],[121.611095,15.671088],[121.619802,15.667467],[121.629161,15.661119],[121.590994,15.640448],[121.573741,15.627265],[121.56658,15.610256],[121.561534,15.591376],[121.549001,15.576402],[121.495616,15.532457],[121.487559,15.520413],[121.479259,15.456204],[121.472911,15.43769],[121.464122,15.421536],[121.42628,15.373765],[121.408865,15.377753],[121.397716,15.382717],[121.389903,15.377875],[121.381602,15.352688],[121.379161,15.308173],[121.391124,15.266262],[121.413748,15.231635],[121.443614,15.209296],[121.468435,15.196112],[121.481456,15.182522],[121.487559,15.163316],[121.508149,15.062812],[121.51531,15.051663],[121.527843,15.040758],[121.560069,14.989651],[121.56658,14.972805],[121.570649,14.94599],[121.581798,14.919664],[121.597341,14.894843],[121.615001,14.87287],[121.60963,14.86994],[121.59962,14.862006],[121.594493,14.859198],[121.635753,14.811591],[121.642263,14.800849],[121.649913,14.792182],[121.712657,14.744371],[121.724946,14.73078],[121.726085,14.72016],[121.707367,14.715806],[121.670909,14.714342],[121.649181,14.710517],[121.629161,14.702826],[121.613943,14.689887],[121.608084,14.674262],[121.608165,14.630194],[121.610688,14.612616],[121.647227,14.492255],[121.651378,14.456122],[121.662446,14.417385],[121.670177,14.401109],[121.682384,14.385443],[121.724864,14.345893],[121.734711,14.328681],[121.736095,14.314887],[121.731619,14.280422],[121.73585,14.273139],[121.754649,14.255764],[121.758962,14.246568],[121.757172,14.230618],[121.752126,14.215725],[121.743663,14.203437],[121.731619,14.195054],[121.731619,14.188218],[121.744884,14.177151],[121.78004,14.126166],[121.847667,14.078355],[121.917247,14.009508],[121.93629,13.995185],[122.087901,13.937812],[122.231944,13.90644],[122.233165,13.933051],[122.222016,13.952094],[122.183442,13.988959],[122.202403,13.994574],[122.293305,13.97012],[122.298513,13.972561],[122.300141,13.985582],[122.296397,14.002753],[122.299815,14.007554],[122.313731,14.010077],[122.313731,14.016303],[122.290782,14.023098],[122.251964,14.067694],[122.235362,14.078355],[122.208669,14.087633],[122.186209,14.110541],[122.170177,14.139635],[122.162934,14.167792],[122.173188,14.160224],[122.175548,14.155951],[122.177257,14.146674],[122.183442,14.146674],[122.184093,14.169867],[122.195567,14.183783],[122.231944,14.20185],[122.244395,14.196031],[122.247569,14.212795],[122.247813,14.236151],[122.25172,14.250312],[122.263682,14.247382],[122.266612,14.227607],[122.264008,14.203681],[122.259288,14.188218],[122.266856,14.17886],[122.268891,14.167304],[122.269542,14.154242],[122.272797,14.140448],[122.271495,14.136664],[122.273204,14.132514],[122.279633,14.126166],[122.284353,14.125881],[122.288585,14.130194],[122.291759,14.136054],[122.293305,14.140448],[122.298513,14.12934],[122.300304,14.11758],[122.300141,14.092027],[122.318696,14.100043],[122.334972,14.113227],[122.345714,14.131334],[122.347992,14.15412],[122.344249,14.16059],[122.330089,14.180569],[122.327485,14.188218],[122.331309,14.200263],[122.337657,14.207587],[122.344005,14.206936],[122.347992,14.195054],[122.355479,14.195054],[122.3567,14.204657],[122.355724,14.212226],[122.352794,14.218085],[122.347992,14.222357],[122.366954,14.222154],[122.376801,14.228502],[122.37672,14.239651],[122.365408,14.253404],[122.366222,14.261461],[122.381358,14.29328],[122.388927,14.304918],[122.394542,14.29149],[122.403656,14.295396],[122.412446,14.309027],[122.41627,14.324774],[122.431163,14.318061],[122.444591,14.324652],[122.45753,14.336615],[122.470958,14.345893],[122.483165,14.346666],[122.49464,14.341376],[122.519298,14.324774],[122.514903,14.329901],[122.505056,14.345893],[122.527843,14.3487],[122.575369,14.329291],[122.601248,14.324774],[122.598888,14.311225],[122.604666,14.301256],[122.61378,14.299709],[122.622325,14.311184],[122.625662,14.296536],[122.634613,14.286038],[122.644298,14.284735],[122.649669,14.297512],[122.677989,14.294664],[122.690684,14.291246],[122.674327,14.316107],[122.671397,14.339423],[122.679861,14.350531],[122.69752,14.338446],[122.704275,14.345893],[122.711681,14.329535],[122.72169,14.315741],[122.735118,14.313544],[122.752696,14.332221],[122.757498,14.325832],[122.762706,14.321357],[122.768891,14.318793],[122.784434,14.316962],[122.785411,14.314154],[122.784434,14.310045],[122.786876,14.304918],[122.802582,14.287177],[122.809825,14.28441],[122.824718,14.28384],[122.853282,14.278551],[122.873302,14.265204],[122.903575,14.229193],[122.904552,14.224026],[122.903331,14.21719],[122.903087,14.211249],[122.906993,14.208686],[122.919932,14.208157],[122.925059,14.206122],[122.930837,14.20185],[122.954356,14.167792],[122.965505,14.159247],[123.002696,14.118883],[123.012218,14.105699],[123.021739,14.111396],[123.032725,14.107815],[123.042247,14.098049],[123.046886,14.085191],[123.043956,14.06977],[123.036388,14.05744],[123.030528,14.043443],[123.033214,14.023139],[123.053722,14.002631],[123.078136,13.988105],[123.081554,13.988959],[123.084239,13.97427],[123.081554,13.928168],[123.08839,13.901435],[123.087738,13.893459],[123.082042,13.884426],[123.074962,13.881659],[123.067638,13.879584],[123.060557,13.872952],[123.055919,13.861314],[123.048839,13.821967],[123.046886,13.810858],[123.049815,13.775824],[123.066661,13.75609],[123.088715,13.741645],[123.108246,13.722113],[123.115896,13.722113],[123.136729,13.732815],[123.160899,13.734076],[123.214692,13.728949],[123.224946,13.731147],[123.255626,13.743313],[123.266612,13.749416],[123.301768,13.789455],[123.307465,13.801256],[123.309581,13.807929],[123.313162,13.814114],[123.314952,13.820543],[123.308279,13.833319],[123.296641,13.869818],[123.280935,13.891832],[123.280284,13.90644],[123.313487,13.93008],[123.317719,13.934394],[123.325531,13.940009],[123.331391,13.953355],[123.334809,13.969184],[123.33546,13.982164],[123.32488,13.971503],[123.312511,13.940823],[123.304047,13.934394],[123.29005,13.934556],[123.28061,13.936103],[123.23463,13.963813],[123.222992,13.975816],[123.21811,13.992743],[123.227712,14.000434],[123.245291,14.006781],[123.254242,14.013739],[123.23878,14.023139],[123.259044,14.031195],[123.261729,14.042304],[123.252289,14.068101],[123.261485,14.072903],[123.282074,14.066474],[123.314301,14.051093],[123.314301,14.057278],[123.310313,14.060248],[123.300792,14.071519],[123.3296,14.070299],[123.33546,14.071519],[123.335297,14.078762],[123.327159,14.096015],[123.331798,14.099514],[123.345063,14.093695],[123.353282,14.079413],[123.362153,14.043606],[123.345388,14.039537],[123.342052,14.027777],[123.346446,14.016303],[123.352306,14.01317],[123.370128,14.029853],[123.378673,14.035102],[123.390147,14.03734],[123.385102,14.030911],[123.375824,14.010077],[123.386241,14.014106],[123.390147,14.016303],[123.396251,14.010077],[123.392345,13.991848],[123.411794,13.96426],[123.403819,13.948676],[123.410655,13.939439],[123.415212,13.929389],[123.417328,13.918443],[123.417328,13.90644],[123.424164,13.90644],[123.429454,13.919379],[123.437266,13.929145],[123.443696,13.941352],[123.444672,13.961656],[123.464692,13.956448],[123.477794,13.950507],[123.486339,13.940009],[123.492524,13.920722],[123.538829,13.924954],[123.612804,13.897162],[123.681407,13.88467],[123.711681,13.934394],[123.73406,13.897121],[123.76531,13.864325],[123.804047,13.837633],[123.876313,13.807318],[123.878917,13.8039],[123.880056,13.800727],[123.882986,13.797797],[123.895274,13.794094],[123.919444,13.793769],[123.931407,13.790351],[123.937755,13.784003],[123.951915,13.755601],[123.968761,13.740058],[123.972667,13.729315],[123.965505,13.714667],[123.948578,13.728176],[123.942719,13.734565],[123.937511,13.742621],[123.931407,13.742621],[123.929942,13.73843],[123.924571,13.728949],[123.909923,13.735989],[123.892589,13.740058],[123.859386,13.742621],[123.850271,13.734076],[123.836274,13.715277],[123.81837,13.696479],[123.797374,13.687974],[123.779307,13.692125],[123.742931,13.710435],[123.688162,13.718695],[123.666677,13.718329],[123.656993,13.711575],[123.64796,13.703559],[123.626964,13.710842],[123.603852,13.722886],[123.588145,13.728949],[123.570486,13.722968],[123.560069,13.709621],[123.528494,13.626776],[123.526622,13.606024],[123.535004,13.603949],[123.53891,13.600979],[123.536632,13.59516],[123.534028,13.590644],[123.533214,13.585598],[123.533458,13.574693],[123.536306,13.5633],[123.542979,13.560248],[123.551768,13.563625],[123.560802,13.571234],[123.593598,13.529446],[123.598318,13.523586],[123.605479,13.516669],[123.667247,13.485582],[123.680024,13.469957],[123.704845,13.427232],[123.709239,13.423529],[123.722504,13.415188],[123.725352,13.409898],[123.725271,13.399075],[123.726329,13.390855],[123.731456,13.362535],[123.743419,13.340318],[123.759288,13.323879],[123.77711,13.317369],[123.794607,13.308417],[123.805675,13.287095],[123.821544,13.242906],[123.82545,13.260159],[123.836192,13.25609],[123.848155,13.241889],[123.855642,13.228664],[123.789317,13.232408],[123.767589,13.224311],[123.759451,13.197943],[123.756847,13.180976],[123.752208,13.167629],[123.749522,13.154731],[123.753184,13.139309],[123.770193,13.110785],[123.768077,13.098538],[123.745779,13.092108],[123.745779,13.084662],[123.750011,13.077623],[123.749848,13.072659],[123.745779,13.064154],[123.7671,13.053371],[123.775401,13.050767],[123.787364,13.051174],[123.797699,13.055162],[123.812755,13.068183],[123.818126,13.07099],[123.855642,13.118801],[123.861095,13.127875],[123.865001,13.136379],[123.870942,13.14289],[123.882986,13.146064],[123.894542,13.1435],[123.905284,13.129055],[123.914317,13.125637],[123.924327,13.125067],[123.931651,13.122707],[123.936209,13.11758],[123.937511,13.108588],[123.943614,13.107896],[123.979177,13.098334],[123.992361,13.09162],[124.008149,13.080024],[124.021332,13.066596],[124.027029,13.054267],[124.071137,13.016099],[124.081554,13.009508],[124.091319,13.018744],[124.112315,13.060492],[124.116222,13.074408],[124.12672,13.078681],[124.149913,13.072903],[124.173188,13.063544],[124.184581,13.057318],[124.188243,13.039537],[124.185802,13.020819],[124.177501,13.009996],[124.164806,13.016343],[124.153005,13.001288],[124.146495,12.989936],[124.136892,12.961737],[124.118826,12.925482],[124.116222,12.916449],[124.119477,12.900824],[124.133637,12.878485],[124.142833,12.814399],[124.143077,12.797309],[124.129405,12.677191],[124.123057,12.662299],[124.094737,12.643541],[124.08839,12.628811],[124.091482,12.611884],[124.096202,12.60163],[124.095063,12.593655],[124.081554,12.583726],[124.086599,12.577379],[124.095225,12.557074],[124.083344,12.553412],[124.066742,12.541449],[124.054942,12.537258],[124.042247,12.535834],[124.010102,12.537258],[123.983165,12.54678],[123.959972,12.568915],[123.931407,12.611721],[123.93336,12.622219],[123.929942,12.623684],[123.923025,12.62108],[123.914317,12.619127],[123.899181,12.635891],[123.878591,12.645209],[123.870128,12.660346],[123.862966,12.679429],[123.84254,12.716213],[123.843028,12.735785],[123.847179,12.755805],[123.848806,12.77619],[123.842052,12.801215],[123.829845,12.811998],[123.813162,12.818671],[123.79363,12.831448],[123.819102,12.831855],[123.838715,12.839301],[123.853201,12.853095],[123.863048,12.872382],[123.873871,12.866929],[123.889985,12.850735],[123.897227,12.84512],[123.906749,12.84162],[123.912283,12.842027],[123.917979,12.84394],[123.927989,12.84512],[123.94044,12.848293],[123.943533,12.856147],[123.943858,12.866116],[123.948497,12.875474],[123.958832,12.880032],[123.969574,12.878079],[123.979015,12.87401],[123.986013,12.872382],[124.002452,12.879706],[124.017833,12.893785],[124.029307,12.91177],[124.033865,12.930406],[124.025157,12.955308],[124.004893,12.96133],[123.958669,12.954291],[123.940929,12.957261],[123.910167,12.971503],[123.893403,12.974799],[123.881602,12.966498],[123.873871,12.947496],[123.8685,12.926825],[123.863048,12.913316],[123.839366,12.88817],[123.823009,12.877021],[123.799327,12.871243],[123.79005,12.866116],[123.783946,12.864936],[123.778331,12.867092],[123.769216,12.876451],[123.763194,12.878607],[123.758311,12.874905],[123.747569,12.857489],[123.738943,12.851874],[123.735362,12.850328],[123.729747,12.846259],[123.725352,12.84512],[123.720063,12.859076],[123.711681,12.872382],[123.722667,12.87637],[123.731293,12.883287],[123.732677,12.889879],[123.722179,12.89289],[123.6963,12.891547],[123.690115,12.888739],[123.694835,12.882799],[123.69752,12.874945],[123.698009,12.864936],[123.677257,12.884182],[123.686534,12.905422],[123.703298,12.927191],[123.698253,12.930894],[123.690929,12.927802],[123.680675,12.926988],[123.668468,12.92414],[123.663422,12.917141],[123.661388,12.908352],[123.656993,12.900295],[123.649669,12.890326],[123.648936,12.886298],[123.646007,12.885688],[123.632498,12.886054],[123.615733,12.889472],[123.605154,12.89289],[123.598399,12.896552],[123.571137,12.927965],[123.559093,12.937893],[123.539724,12.948065],[123.529307,12.951646],[123.521007,12.953437],[123.513031,12.956692],[123.503103,12.96483],[123.488048,12.985582],[123.46811,12.995998],[123.450206,13.029283],[123.441254,13.036851],[123.418793,13.039252],[123.402029,13.04328],[123.38502,13.044094],[123.362153,13.036851],[123.330414,13.019029],[123.310069,13.012356],[123.300792,13.019761],[123.296153,13.036078],[123.287852,13.054348],[123.284434,13.071519],[123.293956,13.084662],[123.278982,13.120185],[123.305186,13.198635],[123.300792,13.2355],[123.284434,13.253607],[123.247325,13.279202],[123.231944,13.297553],[123.227794,13.306301],[123.222423,13.322008],[123.21811,13.331041],[123.190929,13.359036],[123.197032,13.386542],[123.187755,13.420478],[123.168793,13.449205],[123.146251,13.461371],[123.117931,13.468899],[123.065196,13.501776],[123.036632,13.509223],[123.019705,13.511379],[122.997081,13.520697],[122.9817,13.522895],[122.972016,13.527533],[122.947765,13.549994],[122.885509,13.593329],[122.872813,13.598578],[122.859141,13.606106],[122.828949,13.64175],[122.814708,13.653795],[122.862559,13.69477],[122.813731,13.74844],[122.789317,13.768541],[122.7588,13.783596],[122.7588,13.77733],[122.752696,13.783596],[122.7588,13.790351],[122.771495,13.790961],[122.766856,13.799547],[122.753103,13.810492],[122.739024,13.818305],[122.699962,13.825832],[122.690684,13.831977],[122.678722,13.820787],[122.665782,13.819485],[122.653168,13.826077],[122.642833,13.838813],[122.644867,13.843004],[122.651703,13.84809],[122.656586,13.854315],[122.653005,13.862372],[122.622732,13.891995],[122.610362,13.899319],[122.596934,13.904486],[122.584483,13.90644],[122.580333,13.913275],[122.577647,13.926459],[122.572113,13.935045],[122.560313,13.928168],[122.555919,13.937893],[122.542979,13.952582],[122.540294,13.958564],[122.536876,13.961127],[122.51588,13.934394],[122.459483,13.937893],[122.434906,13.94599],[122.41627,13.961656],[122.413097,13.948065],[122.420665,13.932278],[122.433849,13.919338],[122.447276,13.913886],[122.450857,13.906195],[122.499766,13.837795],[122.509613,13.820014],[122.5088,13.807766],[122.502696,13.793158],[122.503917,13.771918],[122.512462,13.735785],[122.490571,13.740627],[122.485525,13.721625],[122.491384,13.677069],[122.497569,13.652045],[122.51295,13.630439],[122.549978,13.59516],[122.621755,13.55272],[122.635997,13.537095],[122.632335,13.520697],[122.609548,13.531968],[122.567149,13.56387],[122.572927,13.548041],[122.598888,13.508287],[122.642833,13.457587],[122.654307,13.440416],[122.663259,13.420478],[122.672699,13.379299],[122.677013,13.341946],[122.677013,13.300971],[122.678884,13.289862],[122.682953,13.282294],[122.687673,13.276109],[122.690684,13.269599],[122.692556,13.248765],[122.692231,13.236802],[122.690684,13.228664],[122.685232,13.225246],[122.675792,13.222113],[122.667166,13.218085],[122.663259,13.211615],[122.653168,13.200995],[122.630138,13.188056],[122.604828,13.177558],[122.588145,13.174018],[122.570974,13.184556],[122.505056,13.239203],[122.507579,13.259467],[122.518077,13.294867],[122.519298,13.310614],[122.50115,13.368069],[122.402599,13.496161],[122.400238,13.502875],[122.398448,13.515815],[122.395193,13.522895],[122.375987,13.540839],[122.369477,13.549791],[122.341319,13.561103],[122.334972,13.574693],[122.319021,13.592231],[122.258556,13.592027],[122.259288,13.606024],[122.241547,13.611965],[122.20753,13.614325],[122.194021,13.622789],[122.189952,13.631049],[122.186371,13.648017],[122.180431,13.656928],[122.172211,13.666693],[122.118419,13.752102],[122.09311,13.780585],[122.059906,13.804633],[122.053722,13.785142],[122.03891,13.789618],[122.021983,13.803127],[122.0088,13.810858],[121.989431,13.810045],[121.98585,13.812079],[121.94988,13.84455],[121.937022,13.851793],[121.924815,13.855373],[121.913585,13.857123],[121.903005,13.860541],[121.882335,13.877997],[121.87086,13.885728],[121.85963,13.891303],[121.827159,13.899726],[121.812999,13.914944],[121.801768,13.933092],[121.786306,13.948676],[121.778005,13.949042],[121.740245,13.9619],[121.724864,13.969143],[121.718435,13.955308],[121.70102,13.94477],[121.69752,13.931301],[121.689952,13.925971],[121.642263,13.913886],[121.636892,13.909613],[121.621755,13.893459],[121.613129,13.893052],[121.595958,13.897406],[121.591075,13.896796],[121.577891,13.888007],[121.549327,13.87816],[121.530528,13.864976],[121.523285,13.861884],[121.51588,13.860012],[121.499034,13.859076],[121.494395,13.8581],[121.48463,13.851793],[121.4546,13.819241],[121.433442,13.796373],[121.440766,13.726386],[121.43629,13.700995],[121.445811,13.700914],[121.452322,13.699449],[121.464122,13.69477],[121.434337,13.66356],[121.430024,13.656928],[121.388845,13.666734],[121.374766,13.667467],[121.355642,13.657131],[121.298106,13.614895],[121.278819,13.595038],[121.26352,13.600043],[121.249197,13.608629],[121.244965,13.61225],[121.217784,13.623236],[121.2046,13.625718],[121.186697,13.626532],[121.177989,13.629096],[121.169444,13.634589],[121.158702,13.639472],[121.142589,13.640204],[121.110118,13.632961],[121.094493,13.626899],[121.080414,13.619086],[121.070486,13.622504],[121.047537,13.627265],[121.03891,13.632758],[121.033946,13.641832],[121.037364,13.647121],[121.043224,13.652981],[121.046397,13.663764],[121.048839,13.6883],[121.052745,13.705878],[121.053477,13.722113],[121.039806,13.758694],[121.035899,13.7626],[121.016287,13.775295],[121.003754,13.780911],[120.990977,13.783637],[120.980968,13.780463],[120.903087,13.692939],[120.89503,13.687974],[120.887462,13.693508],[120.882335,13.705227],[120.880707,13.716864],[120.88502,13.722113],[120.89324,13.727281],[120.898204,13.738837],[120.901866,13.750393],[120.905772,13.755601],[120.918712,13.757025],[120.926036,13.761664],[120.928966,13.77025],[120.929047,13.783596],[120.912608,13.800035],[120.90919,13.804633],[120.908702,13.816107],[120.91391,13.837348],[120.915375,13.8487],[120.914887,13.864936],[120.912364,13.881781],[120.906261,13.89647],[120.89503,13.90644],[120.87672,13.912258],[120.786876,13.923326],[120.745942,13.933783],[120.723643,13.934394],[120.704845,13.927436],[120.697439,13.913886],[120.700938,13.896145],[120.714366,13.87637],[120.722911,13.855414],[120.70338,13.851711],[120.662283,13.85928],[120.652599,13.845526],[120.656261,13.827094],[120.664887,13.806627],[120.669688,13.786933],[120.663422,13.775377],[120.649669,13.784247],[120.628103,13.810858],[120.620128,13.846625],[120.618419,13.931627],[120.601329,13.969143],[120.616873,13.971666],[120.628917,13.981269],[120.634776,13.991604],[120.631684,13.996487],[120.619884,14.002916],[120.617442,14.01789],[120.621837,14.076565],[120.619477,14.104234],[120.607758,14.124905],[120.580333,14.133002],[120.580333,14.140448],[120.595714,14.147935],[120.597423,14.156928],[120.588878,14.166164],[120.573497,14.174547],[120.583018,14.174465],[120.58961,14.176011],[120.601329,14.181383],[120.601329,14.188218],[120.58725,14.200263],[120.595958,14.217963],[120.612478,14.237047],[120.621267,14.253404],[120.627452,14.269599],[120.643321,14.277086],[120.68336,14.28384],[120.697602,14.289496],[120.713145,14.298529],[120.725352,14.309556],[120.730479,14.321357],[120.735606,14.327216],[120.76002,14.337144],[120.768321,14.34219],[120.789561,14.375312],[120.87794,14.458889],[120.886078,14.462388],[120.897472,14.463121],[120.9192,14.461982],[120.926117,14.464667],[120.94337,14.4831],[120.970388,14.501899],[120.980317,14.515448],[120.984386,14.534003],[120.980154,14.55744],[120.958832,14.591783],[120.950206,14.612779],[120.943126,14.65351],[120.936534,14.667426],[120.906912,14.706732],[120.902354,14.71894],[120.894298,14.725084],[120.847179,14.74372],[120.843923,14.749091],[120.843435,14.755683],[120.840587,14.761217],[120.830089,14.763617],[120.731619,14.766669],[120.669688,14.777289],[120.663829,14.778957],[120.655772,14.781236],[120.6421,14.787014],[120.632091,14.795478],[120.628103,14.807685],[120.628917,14.842027],[120.627208,14.85871],[120.621267,14.87287],[120.619884,14.840481],[120.621267,14.831855],[120.618337,14.828315],[120.607595,14.818264],[120.603852,14.824937],[120.600922,14.825629],[120.593923,14.818264],[120.605724,14.884833],[120.601329,14.900824],[120.585704,14.902818],[120.577322,14.88349],[120.573497,14.838772],[120.552745,14.849921],[120.545177,14.836859],[120.545421,14.827094],[120.546153,14.787828],[120.536469,14.723212],[120.539317,14.702826],[120.57838,14.65941],[120.582205,14.648261],[120.576915,14.636949],[120.574962,14.621649],[120.593923,14.550727],[120.597911,14.505601],[120.58839,14.466986],[120.564626,14.44123],[120.526215,14.434638],[120.516856,14.437201],[120.509776,14.440823],[120.502208,14.443183],[120.491466,14.442084],[120.488455,14.437934],[120.486827,14.430732],[120.481456,14.423977],[120.467052,14.421047],[120.463227,14.424262],[120.46046,14.431545],[120.455903,14.438788],[120.410167,14.452053],[120.40211,14.455756],[120.382009,14.480292],[120.376801,14.508205],[120.381602,14.568101],[120.37794,14.602037],[120.367361,14.620754],[120.326427,14.647528],[120.315196,14.641303],[120.304942,14.64057],[120.296886,14.644843],[120.292247,14.653754],[120.285411,14.653754],[120.253184,14.698635],[120.242361,14.729641],[120.260916,14.74372],[120.272634,14.747056],[120.265147,14.754584],[120.243907,14.767035],[120.247325,14.778062],[120.255382,14.787055],[120.264659,14.795152],[120.271739,14.803941],[120.27768,14.80272],[120.283376,14.806708],[120.288341,14.814765],[120.292247,14.82567],[120.275727,14.827135],[120.267751,14.829535],[120.264334,14.835354],[120.263357,14.846584],[120.259776,14.851508],[120.252615,14.852607],[120.240733,14.852362],[120.230317,14.859809],[120.220225,14.873358],[120.209321,14.880032],[120.196056,14.866645],[120.201427,14.843085],[120.197113,14.80801],[120.187266,14.77497],[120.175548,14.757392],[120.161794,14.756415],[120.143565,14.760403],[120.127778,14.767035],[120.120942,14.773871],[120.115733,14.785468],[120.090099,14.794338],[120.079926,14.803941],[120.088227,14.80744],[120.093435,14.811835],[120.096934,14.817613],[120.100434,14.82567],[120.095958,14.823472],[120.079926,14.818264],[120.056651,14.893256],[120.049815,14.93122],[120.056814,15.022162],[120.052989,15.062445],[120.018077,15.206122],[120.008311,15.215481],[120.002452,15.219672],[120.001964,15.229438],[120.004893,15.246812],[120.005138,15.269436],[120.001231,15.277411],[119.980642,15.307807],[119.963878,15.34101],[119.95338,15.356391],[119.896983,15.41059],[119.888194,15.429023],[119.89088,15.437445],[119.905447,15.446763],[119.908702,15.452297],[119.908214,15.461615],[119.906993,15.468655],[119.901866,15.482978],[119.920665,15.471503],[119.940929,15.475775],[119.957286,15.491441],[119.963878,15.51435],[119.962087,15.521308],[119.957286,15.528876],[119.951671,15.535061],[119.946544,15.537584],[119.944102,15.542548],[119.941742,15.553616],[119.937348,15.565579],[119.92921,15.572984],[119.927745,15.568671],[119.922374,15.558743],[119.904307,15.597073],[119.901866,15.610256],[119.904552,15.621283],[119.917654,15.647447],[119.922374,15.661119],[119.919688,15.690334],[119.902517,15.704657],[119.881358,15.717719],[119.867198,15.743069],[119.889415,15.748033],[119.894054,15.763902],[119.888194,15.805732],[119.891775,15.822984],[119.896251,15.83747],[119.898611,15.853176],[119.89503,15.87401],[119.878917,15.91474],[119.867198,15.935004],[119.854015,15.949164],[119.828298,15.955715],[119.812511,15.941881],[119.800141,15.926663],[119.785167,15.928656],[119.782074,15.924791],[119.770844,15.914984],[119.75587,15.944566],[119.757823,16.058987],[119.760265,16.075588],[119.774913,16.117987],[119.778331,16.137844],[119.775157,16.146877],[119.760997,16.162014],[119.757823,16.172268],[119.755707,16.203437],[119.757823,16.216702],[119.776052,16.280748],[119.781912,16.322252],[119.790782,16.341864],[119.801931,16.357856],[119.812511,16.367499],[119.817068,16.368313],[119.82838,16.366604],[119.832856,16.367499],[119.84962,16.378892],[119.854015,16.381171],[119.870291,16.385403],[119.891612,16.387356],[119.916352,16.380845],[119.925792,16.364976],[119.925792,16.34512],[119.901866,16.2508],[119.914806,16.242499],[119.960216,16.231431],[119.970225,16.226549],[119.976248,16.218248],[120.005138,16.188422],[120.015147,16.181871],[120.037364,16.182359],[120.050059,16.180854],[120.061534,16.173],[120.079926,16.154527],[120.087738,16.157213],[120.091156,16.153469],[120.100434,16.089748],[120.105642,16.069648],[120.119151,16.055732],[120.138845,16.046129],[120.185313,16.033393],[120.208507,16.03266],[120.229828,16.037299],[120.247813,16.048489],[120.25766,16.052191],[120.292247,16.055609],[120.306651,16.044664],[120.299083,16.017401],[120.311371,16.027086],[120.322765,16.04857],[120.333832,16.058987],[120.340831,16.054877],[120.35255,16.05272],[120.363292,16.055487],[120.367361,16.065823],[120.361013,16.073188],[120.348155,16.070299],[120.334646,16.065253],[120.326427,16.065823],[120.329356,16.079495],[120.365245,16.10871],[120.374197,16.123847],[120.378591,16.134101],[120.397716,16.154039],[120.40211,16.165473],[120.40211,16.205756],[120.397472,16.22899],[120.385509,16.251939],[120.35377,16.291693],[120.35377,16.271308],[120.348643,16.279527],[120.342052,16.28559],[120.336274,16.292182],[120.312185,16.456204],[120.299083,16.493801],[120.306651,16.544989],[120.297862,16.568915],[120.28419,16.592963],[120.276134,16.611884],[120.285411,16.620673],[120.285411,16.616848],[120.288422,16.614569],[120.295258,16.613715],[120.306651,16.613918],[120.306651,16.620673],[120.301443,16.633205],[120.302501,16.654975],[120.307872,16.67768],[120.325938,16.712592],[120.323416,16.733832],[120.316173,16.755805],[120.312185,16.777777],[120.31365,16.799628],[120.315766,16.809272],[120.319591,16.819322],[120.326427,16.830959],[120.333507,16.836982],[120.341563,16.841946],[120.350597,16.850328],[120.427257,16.9619],[120.434093,16.982123],[120.43629,17.008002],[120.416352,17.179348],[120.414236,17.184312],[120.404307,17.19831],[120.40211,17.206692],[120.403087,17.221625],[120.412364,17.264594],[120.408214,17.322699],[120.411388,17.328315],[120.429454,17.347561],[120.437511,17.358832],[120.441742,17.367987],[120.44337,17.377102],[120.443696,17.388495],[120.435232,17.422797],[120.401703,17.497016],[120.40211,17.518866],[120.357921,17.53026],[120.340831,17.538764],[120.333832,17.556383],[120.353201,17.678127],[120.363536,17.687161],[120.384776,17.690131],[120.402354,17.696967],[120.412446,17.712836],[120.416677,17.731024],[120.416352,17.744778],[120.408214,17.759996],[120.397146,17.770738],[120.391287,17.78144],[120.398692,17.796332],[120.422618,17.823554],[120.427908,17.838121],[120.429454,17.860826],[120.425304,17.902411],[120.427908,17.916653],[120.451671,17.948879],[120.472667,17.991604],[120.477224,18.004828],[120.478282,18.021796],[120.476817,18.043647],[120.472992,18.064276],[120.467052,18.077135],[120.470063,18.09101],[120.526215,18.204088],[120.523448,18.202541],[120.520274,18.206041],[120.517914,18.212104],[120.518077,18.217719],[120.520844,18.219631],[120.525564,18.221259],[120.529959,18.223538],[120.531912,18.227362],[120.536143,18.239814],[120.566091,18.292222],[120.579112,18.325141],[120.586192,18.364488],[120.584972,18.405463],[120.573497,18.443061],[120.561778,18.469672],[120.560802,18.486762],[120.57016,18.501776],[120.590505,18.522162],[120.611095,18.53856],[120.627126,18.54149],[120.669688,18.532416],[120.690684,18.53441],[120.735362,18.549302],[120.754242,18.552924],[120.770844,18.561469],[120.775645,18.581366],[120.77589,18.604315],[120.778982,18.621812],[120.792735,18.636135],[120.812999,18.644517],[120.834239,18.645941],[120.850841,18.638861],[120.865896,18.620307],[120.891856,18.579901],[120.90919,18.567206],[120.926931,18.56623],[120.947032,18.572008],[120.963878,18.581366],[120.970551,18.590766],[120.97877,18.598293],[121.018321,18.617092],[121.032725,18.621812],[121.042491,18.622301],[121.063324,18.620673],[121.073009,18.621812],[121.083344,18.627997],[121.094981,18.63703],[121.106781,18.642727],[121.118175,18.638861],[121.12615,18.634101],[121.137055,18.630927],[121.159353,18.628648],[121.170665,18.625474],[121.177419,18.617825],[121.182628,18.608832],[121.190278,18.601304],[121.239919,18.577704],[121.266287,18.554877],[121.364024,18.506415],[121.378184,18.494859],[121.391856,18.486314],[121.424083,18.47724],[121.498302,18.429389],[121.506114,18.426663],[121.519786,18.425116],[121.526134,18.422553],[121.532563,18.415961],[121.538829,18.40705],[121.54656,18.399237],[121.592052,18.384711],[121.613292,18.35932],[121.629649,18.331692],[121.649669,18.313951],[121.649669,18.320217],[121.634613,18.33454],[121.634939,18.355129],[121.64503,18.369452],[121.659679,18.364814],[121.672862,18.354967],[121.852794,18.287991],[121.895518,18.279202],[121.917328,18.278632],[121.97462,18.286038],[121.986827,18.290432],[122.039561,18.320217],[122.078624,18.379462],[122.091319,18.389065],[122.111583,18.392768],[122.119314,18.403022],[122.122081,18.436835],[122.145763,18.507392],[122.152843,18.518785],[122.199392,18.522854],[122.220225,18.522406],[122.235362,18.515367],[122.243175,18.499823],[122.247081,18.459784],[122.25172,18.443061],[122.260509,18.432278],[122.288097,18.409247],[122.297211,18.403876]]]}},{"type":"Feature","properties":{},"geometry":{"type":"Polygon","coordinates":[[[125.273936,10.323188],[125.27589,10.30036],[125.273285,10.277981],[125.26002,10.261054],[125.229259,10.25434],[125.159353,10.281806],[125.14088,10.278795],[125.134044,10.257961],[125.136729,10.228583],[125.144054,10.200995],[125.151052,10.185452],[125.117035,10.197496],[125.088552,10.22899],[125.068858,10.267239],[125.061697,10.299302],[125.046641,10.319322],[125.044932,10.323188],[125.041515,10.328599],[125.041759,10.364203],[125.03004,10.375393],[125.010427,10.383043],[124.990977,10.381334],[124.979747,10.364203],[124.993012,10.334906],[125.000173,10.199693],[125.024262,10.136054],[125.03061,10.09394],[125.042247,10.049018],[125.041759,10.028998],[125.031749,10.02025],[125.01531,10.026109],[124.962169,10.067328],[124.959239,10.07274],[124.954112,10.086127],[124.942068,10.091702],[124.928233,10.093899],[124.917735,10.097317],[124.90211,10.113023],[124.893891,10.126044],[124.882823,10.134955],[124.85963,10.138251],[124.815196,10.13939],[124.795177,10.143378],[124.780447,10.151923],[124.765798,10.18594],[124.771983,10.225165],[124.785655,10.26553],[124.794119,10.30272],[124.792247,10.32567],[124.784841,10.352729],[124.771007,10.375312],[124.749766,10.38467],[124.738943,10.395453],[124.735606,10.420315],[124.736827,10.44774],[124.743988,10.49372],[124.746349,10.50137],[124.751475,10.509955],[124.764822,10.525865],[124.767345,10.532375],[124.768565,10.577338],[124.772309,10.597357],[124.798106,10.659125],[124.800955,10.67829],[124.800548,10.724514],[124.778819,10.821438],[124.773611,10.830959],[124.738129,10.861518],[124.732677,10.86815],[124.728363,10.88642],[124.718028,10.905585],[124.691742,10.939602],[124.650157,10.970893],[124.643321,10.977444],[124.637218,10.994208],[124.622325,11.002021],[124.602387,11.003485],[124.58253,11.000963],[124.562673,10.99433],[124.549571,10.983303],[124.546886,10.968329],[124.558279,10.950141],[124.562755,10.931464],[124.553559,10.908596],[124.539236,10.888373],[124.527843,10.878119],[124.514496,10.873684],[124.507335,10.874416],[124.470714,10.902411],[124.469249,10.905463],[124.452647,10.900784],[124.446951,10.903144],[124.442393,10.93122],[124.43686,10.935207],[124.424815,10.932685],[124.412608,10.932318],[124.40211,10.929836],[124.396007,10.934068],[124.396821,10.953803],[124.401622,10.966539],[124.414887,10.984849],[124.417979,11.000963],[124.415375,11.019965],[124.408214,11.028876],[124.398774,11.036078],[124.389985,11.049465],[124.388438,11.065863],[124.393809,11.080512],[124.400727,11.092597],[124.406505,11.108303],[124.415782,11.121812],[124.417979,11.128567],[124.416759,11.136176],[124.411632,11.148017],[124.404307,11.210761],[124.404307,11.30268],[124.387055,11.300727],[124.369151,11.311225],[124.354747,11.328681],[124.349132,11.347357],[124.352306,11.355902],[124.366954,11.365871],[124.370291,11.374945],[124.354259,11.379828],[124.342296,11.384955],[124.334727,11.392035],[124.348481,11.399115],[124.344981,11.407375],[124.334972,11.417385],[124.329112,11.429592],[124.325938,11.444403],[124.311371,11.466783],[124.297537,11.526801],[124.300629,11.542873],[124.305186,11.544257],[124.32602,11.554389],[124.329112,11.557115],[124.340099,11.551011],[124.365896,11.515937],[124.424815,11.46776],[124.443126,11.446926],[124.480154,11.385199],[124.483653,11.42768],[124.489594,11.446682],[124.503266,11.443834],[124.533702,11.421698],[124.545258,11.409003],[124.569672,11.346829],[124.594249,11.319525],[124.629893,11.304429],[124.677989,11.30268],[124.71339,11.311591],[124.744395,11.328559],[124.794119,11.371527],[124.832774,11.424506],[124.845714,11.43301],[124.854666,11.430976],[124.874848,11.422024],[124.886892,11.419989],[124.890636,11.422024],[124.890147,11.430976],[124.893728,11.43301],[124.900157,11.430976],[124.903331,11.426459],[124.904307,11.422024],[124.903982,11.419989],[124.929698,11.421291],[124.938162,11.419989],[124.948009,11.413967],[124.969737,11.395819],[124.976329,11.392035],[124.984141,11.381334],[124.982188,11.357896],[124.975597,11.334418],[124.966319,11.318305],[124.96518,11.306383],[124.966319,11.29442],[124.969493,11.289008],[124.972179,11.287095],[124.973969,11.277086],[124.976329,11.27261],[124.981456,11.267971],[124.984548,11.266181],[124.987804,11.264879],[124.993337,11.261664],[125.005219,11.257148],[125.013927,11.256659],[125.019379,11.25259],[125.023448,11.227932],[125.028087,11.228502],[125.032563,11.236274],[125.034434,11.248033],[125.041759,11.248033],[125.042735,11.217027],[125.041759,11.207099],[125.038748,11.197943],[125.02947,11.182074],[125.027599,11.176011],[125.029633,11.164455],[125.039561,11.144761],[125.041759,11.135403],[125.039806,11.103461],[125.054454,11.010647],[125.053071,10.968207],[125.012869,10.844672],[125.006114,10.797349],[125.013845,10.754584],[125.027192,10.742906],[125.08725,10.714789],[125.11199,10.707465],[125.120291,10.70307],[125.124034,10.695136],[125.130544,10.665839],[125.169932,10.619615],[125.174571,10.611233],[125.194102,10.602973],[125.195811,10.582587],[125.185232,10.532375],[125.187266,10.51968],[125.196625,10.497545],[125.198741,10.48428],[125.196544,10.446845],[125.198741,10.433051],[125.20574,10.418606],[125.218923,10.398383],[125.232188,10.386868],[125.239757,10.398342],[125.246593,10.398342],[125.259125,10.383205],[125.266612,10.368394],[125.271007,10.34984],[125.273936,10.323188]]]}},{"type":"Feature","properties":{},"geometry":{"type":"Polygon","coordinates":[[[125.712738,11.148749],[125.729015,11.117377],[125.760265,11.084621],[125.779633,11.052395],[125.760509,11.022773],[125.752208,11.030422],[125.72877,11.042792],[125.719574,11.049465],[125.710704,11.082831],[125.708751,11.085761],[125.707205,11.088568],[125.706554,11.094143],[125.707042,11.112006],[125.706065,11.116767],[125.700043,11.117865],[125.685313,11.125149],[125.681,11.129869],[125.666677,11.141669],[125.651541,11.1494],[125.644379,11.142239],[125.610362,11.122016],[125.600108,11.118313],[125.588064,11.12226],[125.583832,11.131741],[125.581554,11.142768],[125.57545,11.151801],[125.563813,11.156806],[125.55714,11.154039],[125.550141,11.148627],[125.538341,11.145657],[125.535981,11.138129],[125.531098,11.102281],[125.527843,11.090399],[125.500824,11.115058],[125.482432,11.127631],[125.469737,11.128567],[125.450938,11.106676],[125.440196,11.097561],[125.424653,11.090399],[125.424001,11.106513],[125.416515,11.116604],[125.406261,11.117133],[125.397472,11.104682],[125.37379,11.125963],[125.363292,11.131985],[125.327159,11.137519],[125.321625,11.142239],[125.317068,11.149563],[125.306,11.147447],[125.275727,11.135647],[125.270518,11.128079],[125.266124,11.118883],[125.254568,11.101996],[125.251964,11.094672],[125.246837,11.09219],[125.241384,11.094387],[125.232921,11.097846],[125.225434,11.105536],[125.218923,11.118069],[125.214122,11.131537],[125.208669,11.185045],[125.198741,11.227525],[125.172374,11.265204],[125.132823,11.282131],[125.087087,11.285346],[125.041759,11.282172],[125.000987,11.289781],[124.99171,11.31802],[125.000173,11.398871],[124.999848,11.407131],[125.000743,11.413723],[125.00294,11.419745],[125.007009,11.426174],[124.999278,11.430325],[124.979747,11.447252],[124.972423,11.450141],[124.958344,11.451361],[124.951834,11.453518],[124.937999,11.462795],[124.926443,11.473944],[124.917328,11.487047],[124.911469,11.501899],[124.896495,11.47012],[124.887462,11.465522],[124.869884,11.46776],[124.85613,11.473049],[124.845063,11.481757],[124.836192,11.493638],[124.828298,11.508734],[124.843761,11.515774],[124.852387,11.52497],[124.859548,11.534613],[124.869884,11.542873],[124.886404,11.547187],[124.900076,11.548774],[124.903656,11.554267],[124.89031,11.570217],[124.948741,11.570217],[124.961436,11.576972],[124.977794,11.59276],[124.992442,11.611029],[125.000173,11.624823],[124.999522,11.640286],[124.994395,11.655666],[124.991222,11.670315],[124.996755,11.683417],[125.018403,11.706366],[125.034434,11.727851],[125.039399,11.722968],[125.055431,11.714179],[125.05421,11.738227],[125.043712,11.757758],[125.026378,11.770901],[125.003591,11.77558],[124.986664,11.77025],[124.945323,11.746812],[124.928233,11.741441],[124.892426,11.761461],[124.833507,11.845364],[124.794119,11.85814],[124.794119,11.864976],[124.801036,11.864569],[124.807872,11.864976],[124.798188,11.869818],[124.794119,11.871243],[124.807872,11.899115],[124.812673,11.896145],[124.817556,11.893948],[124.822765,11.890937],[124.828298,11.885443],[124.823985,11.905829],[124.809825,11.915676],[124.794932,11.916449],[124.778575,11.899156],[124.761078,11.901313],[124.751964,11.910305],[124.767345,11.920233],[124.762055,11.929023],[124.755707,11.933295],[124.74822,11.932563],[124.739513,11.926459],[124.737478,11.953315],[124.734223,11.968207],[124.729259,11.977973],[124.679861,12.029731],[124.640147,12.045356],[124.600434,12.054633],[124.569347,12.050849],[124.540375,12.065741],[124.493175,12.097805],[124.446462,12.153062],[124.424815,12.172838],[124.427501,12.175035],[124.428233,12.175849],[124.430919,12.180325],[124.407237,12.193793],[124.390798,12.221869],[124.342133,12.385728],[124.276215,12.533271],[124.273936,12.54682],[124.276622,12.558539],[124.283458,12.570624],[124.293468,12.579983],[124.305024,12.582994],[124.312755,12.579495],[124.358409,12.544908],[124.363048,12.543606],[124.373302,12.543402],[124.398611,12.554918],[124.407481,12.557074],[124.413259,12.555243],[124.438487,12.543402],[124.454275,12.538398],[124.517345,12.537258],[124.521495,12.535793],[124.532481,12.528795],[124.534679,12.526313],[124.536794,12.522528],[124.541515,12.524156],[124.54713,12.527777],[124.551443,12.529731],[124.574474,12.527533],[124.596202,12.522935],[124.67921,12.515937],[124.867931,12.530341],[124.877208,12.533393],[124.886892,12.540351],[124.895518,12.554267],[124.889903,12.563625],[124.880219,12.572211],[124.87672,12.583726],[124.87672,12.591254],[124.894786,12.585435],[124.908214,12.573717],[124.918956,12.562242],[124.928233,12.557074],[124.941417,12.562974],[124.958507,12.573228],[124.973399,12.576321],[124.979747,12.560777],[124.989513,12.561998],[125.010427,12.553412],[125.028575,12.542548],[125.031016,12.537258],[125.036876,12.535549],[125.042247,12.532131],[125.049571,12.529364],[125.061697,12.529731],[125.069835,12.533026],[125.081391,12.5397],[125.091807,12.547349],[125.096446,12.553656],[125.099783,12.574652],[125.109141,12.579291],[125.137462,12.570746],[125.147227,12.571967],[125.156993,12.575995],[125.16627,12.578111],[125.174571,12.574164],[125.198741,12.550238],[125.248383,12.519477],[125.272146,12.49901],[125.273936,12.482001],[125.284841,12.470445],[125.306163,12.458319],[125.314789,12.447211],[125.326345,12.421332],[125.333669,12.412665],[125.34962,12.3994],[125.330903,12.388902],[125.312836,12.366685],[125.307872,12.341864],[125.329112,12.323676],[125.322276,12.319322],[125.318533,12.313666],[125.31601,12.302069],[125.314789,12.296373],[125.345551,12.313707],[125.356456,12.317532],[125.354666,12.307929],[125.354828,12.301337],[125.354177,12.295885],[125.34962,12.289537],[125.360688,12.285142],[125.370453,12.288967],[125.390636,12.30386],[125.384451,12.28498],[125.394216,12.280504],[125.43214,12.282701],[125.450694,12.273627],[125.486013,12.247382],[125.500499,12.248603],[125.506033,12.237738],[125.527843,12.211005],[125.538259,12.183498],[125.537608,12.172431],[125.521007,12.180325],[125.51295,12.174465],[125.489268,12.170233],[125.47934,12.166653],[125.488455,12.163031],[125.495453,12.15884],[125.501475,12.153388],[125.507335,12.146186],[125.479747,12.139838],[125.467133,12.134914],[125.459483,12.125678],[125.457367,12.107082],[125.467947,12.101996],[125.500499,12.10456],[125.498302,12.101304],[125.495616,12.094224],[125.493663,12.090969],[125.502696,12.083686],[125.515636,12.070868],[125.525157,12.056952],[125.524425,12.04621],[125.490489,12.018948],[125.48227,12.008531],[125.469981,11.986762],[125.451996,11.964057],[125.445811,11.947333],[125.443858,11.927883],[125.44516,11.905951],[125.447032,11.900092],[125.459483,11.871243],[125.457286,11.840522],[125.459483,11.830268],[125.465099,11.823228],[125.490489,11.799791],[125.493663,11.790229],[125.490489,11.781073],[125.483735,11.77619],[125.457205,11.785712],[125.447276,11.767768],[125.450206,11.750434],[125.469737,11.758531],[125.481619,11.75731],[125.491222,11.737982],[125.500499,11.701117],[125.499034,11.675849],[125.489268,11.670803],[125.476817,11.668769],[125.466319,11.652737],[125.479015,11.647528],[125.476329,11.638007],[125.468598,11.625474],[125.466319,11.611762],[125.470876,11.602607],[125.476573,11.600165],[125.483165,11.599311],[125.490489,11.594672],[125.493663,11.587795],[125.493663,11.563381],[125.497895,11.548326],[125.501964,11.53913],[125.524181,11.50731],[125.530935,11.491604],[125.531016,11.475653],[125.521007,11.460354],[125.529063,11.459459],[125.534516,11.458157],[125.540375,11.457913],[125.548839,11.460354],[125.55421,11.436265],[125.558604,11.424791],[125.565929,11.419989],[125.576182,11.416693],[125.594249,11.402167],[125.606944,11.398871],[125.60906,11.393134],[125.619884,11.38109],[125.631847,11.370307],[125.637706,11.368476],[125.63795,11.342353],[125.63502,11.326483],[125.627126,11.313544],[125.566173,11.268134],[125.555024,11.248033],[125.555024,11.211859],[125.571788,11.192572],[125.599132,11.189114],[125.63087,11.200263],[125.616059,11.21894],[125.615733,11.233873],[125.628917,11.236314],[125.674978,11.20307],[125.693614,11.192572],[125.707367,11.177436],[125.712738,11.148749]]]}},{"type":"Feature","properties":{},"geometry":{"type":"Polygon","coordinates":[[[113.558604,22.163031],[113.569428,22.160753],[113.574067,22.160753],[113.574067,22.156114],[113.571788,22.152899],[113.567882,22.15058],[113.563243,22.15058],[113.560232,22.141547],[113.567638,22.139065],[113.57252,22.137315],[113.577973,22.139635],[113.577973,22.138088],[113.57488,22.135037],[113.579763,22.131903],[113.585948,22.131944],[113.586681,22.129543],[113.587494,22.127224],[113.587494,22.124864],[113.585948,22.124091],[113.583588,22.123318],[113.577485,22.126654],[113.577973,22.120917],[113.574067,22.119371],[113.570974,22.120144],[113.566742,22.123358],[113.566661,22.117377],[113.565196,22.112616],[113.566335,22.107693],[113.563243,22.10692],[113.557384,22.111151],[113.552257,22.107693],[113.551524,22.106147],[113.549164,22.105373],[113.546804,22.105373],[113.543712,22.107693],[113.541108,22.113267],[113.545258,22.114244],[113.542328,22.140733],[113.542247,22.140815],[113.534109,22.14879],[113.532237,22.152533],[113.534434,22.1612],[113.541433,22.16234],[113.542979,22.163804],[113.552908,22.165839],[113.558604,22.163031]]]}},{"type":"Feature","properties":{},"geometry":{"type":"Polygon","coordinates":[[[113.536469,22.217068],[113.53891,22.220771],[113.544526,22.217678],[113.544526,22.216132],[113.55071,22.213853],[113.553803,22.211493],[113.555593,22.207546],[113.556814,22.203559],[113.551524,22.204413],[113.548432,22.202053],[113.549164,22.199734],[113.55071,22.198961],[113.55714,22.20246],[113.553803,22.196641],[113.553803,22.195868],[113.552257,22.197414],[113.55071,22.195868],[113.551524,22.1942],[113.551524,22.191881],[113.551524,22.191107],[113.551524,22.189561],[113.548432,22.188056],[113.542979,22.18419],[113.539887,22.182644],[113.535981,22.182644],[113.532888,22.178697],[113.528901,22.178697],[113.524832,22.173814],[113.52475,22.173733],[113.519867,22.183702],[113.520193,22.184882],[113.522146,22.190497],[113.524832,22.193061],[113.525401,22.19363],[113.530365,22.201524],[113.535248,22.207546],[113.533702,22.210761],[113.532074,22.210761],[113.532888,22.209174],[113.527354,22.207546],[113.524343,22.212551],[113.528901,22.213853],[113.528901,22.214626],[113.535248,22.214626],[113.536469,22.217068]]]}},{"type":"Feature","properties":{},"geometry":{"type":"Polygon","coordinates":[[[120.860688,5.574368],[120.873057,5.572414],[120.889985,5.557929],[120.904552,5.538031],[120.90919,5.519721],[120.897797,5.498521],[120.879893,5.495754],[120.850841,5.505439],[120.843435,5.510077],[120.833018,5.521064],[120.823741,5.533637],[120.819835,5.54328],[120.824392,5.553209],[120.835297,5.562934],[120.848888,5.570461],[120.860688,5.574368]]]}},{"type":"Feature","properties":{},"geometry":{"type":"Polygon","coordinates":[[[121.902354,6.033637],[121.929047,6.045356],[121.94044,6.046088],[121.943207,6.033637],[121.937755,6.029446],[121.912771,6.016018],[121.868419,5.999742],[121.857677,6.002265],[121.804942,6.037177],[121.784679,6.059556],[121.776622,6.077379],[121.793712,6.074612],[121.846202,6.042792],[121.870942,6.033108],[121.902354,6.033637]]]}},{"type":"Feature","properties":{},"geometry":{"type":"Polygon","coordinates":[[[106.210704,9.620917],[106.223399,9.608466],[106.279307,9.595689],[106.292003,9.586412],[106.290701,9.561428],[106.284434,9.543687],[106.27003,9.534491],[106.244151,9.53498],[106.244151,9.541164],[106.249197,9.560126],[106.234141,9.581366],[106.212413,9.599758],[106.197032,9.610053],[106.189626,9.603827],[106.2046,9.585273],[106.221446,9.572496],[106.226573,9.565172],[106.207042,9.562893],[106.196625,9.571682],[106.162364,9.624335],[106.13738,9.654364],[106.125987,9.672431],[106.121349,9.689154],[106.117686,9.710924],[106.108735,9.72663],[106.087169,9.754625],[106.093435,9.760891],[106.095714,9.755764],[106.098969,9.752672],[106.107107,9.747219],[106.155447,9.678941],[106.20338,9.632148],[106.210704,9.620917]]]}},{"type":"Feature","properties":{},"geometry":{"type":"Polygon","coordinates":[[[106.724132,10.268622],[106.746837,10.26317],[106.755544,10.257554],[106.7588,10.244371],[106.752452,10.23607],[106.738292,10.229153],[106.724132,10.226508],[106.717784,10.231024],[106.709321,10.243598],[106.689952,10.251776],[106.559581,10.275377],[106.511729,10.295885],[106.52711,10.297105],[106.560883,10.282864],[106.587901,10.276923],[106.70281,10.27558],[106.724132,10.268622]]]}},{"type":"Feature","properties":{},"geometry":{"type":"Polygon","coordinates":[[[124.465831,10.713609],[124.503917,10.693305],[124.520681,10.665758],[124.5088,10.641547],[124.462413,10.631049],[124.40919,10.648261],[124.408458,10.683824],[124.435557,10.713609],[124.465831,10.713609]]]}},{"type":"Feature","properties":{},"geometry":{"type":"Polygon","coordinates":[[[125.822032,10.734687],[125.831798,10.72012],[125.826915,10.70893],[125.81365,10.70185],[125.79835,10.699368],[125.779796,10.699164],[125.769379,10.700385],[125.761404,10.705552],[125.750255,10.717353],[125.740001,10.724433],[125.702891,10.740953],[125.684093,10.752753],[125.678966,10.778876],[125.687266,10.805162],[125.709158,10.817694],[125.731456,10.808051],[125.744151,10.758368],[125.760509,10.740953],[125.776215,10.738918],[125.80836,10.740424],[125.822032,10.734687]]]}},{"type":"Feature","properties":{},"geometry":{"type":"Polygon","coordinates":[[[111.962657,21.65762],[111.989513,21.657782],[111.999848,21.653998],[112.007335,21.643948],[112.007335,21.636542],[111.999848,21.621161],[111.981456,21.612047],[111.929047,21.601874],[111.91977,21.601874],[111.909679,21.600531],[111.897472,21.595526],[111.888194,21.588935],[111.871104,21.573228],[111.863292,21.568264],[111.822439,21.561998],[111.809337,21.565497],[111.810069,21.568345],[111.816905,21.571357],[111.822439,21.5751],[111.842052,21.606838],[111.845063,21.623969],[111.835297,21.643948],[111.847179,21.647406],[111.8838,21.650133],[111.896007,21.653957],[111.915863,21.662746],[111.928233,21.664455],[111.931407,21.662299],[111.934337,21.657457],[111.938487,21.652574],[111.94516,21.650133],[111.950938,21.651109],[111.955821,21.656399],[111.962657,21.65762]]]}},{"type":"Feature","properties":{},"geometry":{"type":"Polygon","coordinates":[[[113.391449,22.027533],[113.398936,22.021918],[113.401622,22.018459],[113.40268,22.01435],[113.405772,22.007025],[113.323497,22.011949],[113.309418,22.024115],[113.343598,22.068508],[113.352794,22.073147],[113.363292,22.075995],[113.372732,22.080146],[113.377778,22.089016],[113.38266,22.089586],[113.384044,22.088121],[113.384044,22.085395],[113.385265,22.08218],[113.387218,22.078192],[113.389903,22.074693],[113.393565,22.071601],[113.398936,22.068508],[113.412608,22.075995],[113.41033,22.063544],[113.391449,22.027533]]]}},{"type":"Feature","properties":{},"geometry":{"type":"Polygon","coordinates":[[[113.364757,22.157904],[113.354015,22.130845],[113.336192,22.100491],[113.31365,22.076402],[113.289073,22.068508],[113.279145,22.074693],[113.268809,22.088324],[113.264171,22.104926],[113.271739,22.120022],[113.279145,22.123196],[113.289724,22.125474],[113.298676,22.128567],[113.302745,22.133979],[113.30421,22.141832],[113.308442,22.148627],[113.314952,22.153998],[113.32309,22.157904],[113.327973,22.145819],[113.33546,22.148871],[113.347179,22.15644],[113.364757,22.157904]]]}},{"type":"Feature","properties":{},"geometry":{"type":"Polygon","coordinates":[[[117.071544,23.47309],[117.090328,23.461077],[117.102148,23.467993],[117.108945,23.482294],[117.125852,23.482692],[117.122569,23.465522],[117.134091,23.460469],[117.141794,23.449653],[117.137367,23.419565],[117.128781,23.399369],[117.106944,23.403551],[117.082877,23.411144],[117.048897,23.40471],[117.023936,23.414537],[117.015447,23.416249],[117.004009,23.419759],[116.992445,23.419213],[116.969345,23.418946],[116.948098,23.421805],[116.942989,23.430062],[116.95311,23.442087],[116.967635,23.453148],[116.982188,23.459459],[116.98878,23.455634],[116.993907,23.44831],[117.000255,23.441555],[117.01002,23.438951],[117.017426,23.441881],[117.026857,23.443855],[117.037579,23.446901],[117.044348,23.464467],[117.049083,23.474084],[117.062999,23.478461],[117.070811,23.475328],[117.071544,23.47309]]]}},{"type":"Feature","properties":{},"geometry":{"type":"Polygon","coordinates":[[[117.503591,3.333645],[117.520844,3.32453],[117.527843,3.317369],[117.530284,3.30565],[117.527517,3.290839],[117.521495,3.288072],[117.513357,3.290839],[117.503591,3.29267],[117.472179,3.293606],[117.461925,3.29267],[117.45338,3.289252],[117.440278,3.280015],[117.43393,3.278998],[117.417003,3.288723],[117.41391,3.304836],[117.420909,3.322414],[117.43336,3.336412],[117.44988,3.34394],[117.468435,3.345282],[117.487071,3.341457],[117.503591,3.333645]]]}},{"type":"Feature","properties":{},"geometry":{"type":"Polygon","coordinates":[[[106.270844,3.360989],[106.292003,3.36815],[106.297374,3.358303],[106.292003,3.316555],[106.293956,3.281073],[106.292003,3.271552],[106.285655,3.263861],[106.281586,3.267524],[106.279633,3.277655],[106.279063,3.288967],[106.276703,3.292385],[106.271739,3.293524],[106.266856,3.292385],[106.264659,3.288967],[106.265473,3.281806],[106.275157,3.254218],[106.280284,3.247504],[106.282888,3.240871],[106.279063,3.230618],[106.230479,3.257961],[106.235362,3.262641],[106.236827,3.268541],[106.236827,3.285224],[106.246755,3.306342],[106.249766,3.326646],[106.254893,3.34516],[106.270844,3.360989]]]}},{"type":"Feature","properties":{},"geometry":{"type":"Polygon","coordinates":[[[117.893891,3.497504],[117.895518,3.486274],[117.896007,3.468411],[117.891287,3.455634],[117.877452,3.459947],[117.826182,3.494086],[117.818858,3.511623],[117.785492,3.538479],[117.777599,3.558417],[117.784923,3.581977],[117.803722,3.591051],[117.826996,3.58808],[117.847911,3.575426],[117.863048,3.559027],[117.876638,3.539781],[117.887218,3.518948],[117.893891,3.497504]]]}},{"type":"Feature","properties":{},"geometry":{"type":"Polygon","coordinates":[[[117.517263,3.477037],[117.496755,3.455552],[117.455821,3.46426],[117.373057,3.497504],[117.287608,3.497504],[117.270763,3.50019],[117.254893,3.507066],[117.240896,3.516181],[117.229747,3.525377],[117.222016,3.535549],[117.217784,3.547838],[117.218028,3.560289],[117.224132,3.57099],[117.232921,3.578681],[117.244477,3.586493],[117.257091,3.592027],[117.268403,3.592922],[117.278575,3.588528],[117.29713,3.575873],[117.307953,3.573188],[117.393728,3.566392],[117.408214,3.556098],[117.435313,3.524604],[117.451671,3.517971],[117.461762,3.515937],[117.482107,3.506985],[117.506196,3.502143],[117.513927,3.495307],[117.5171,3.486274],[117.517263,3.477037]]]}},{"type":"Feature","properties":{},"geometry":{"type":"Polygon","coordinates":[[[117.846202,3.79914],[117.831554,3.798082],[117.812266,3.804674],[117.784028,3.819648],[117.769542,3.831244],[117.74464,3.857896],[117.729503,3.868069],[117.736176,3.867987],[117.755219,3.873358],[117.76295,3.874498],[117.766775,3.87401],[117.787608,3.866685],[117.807384,3.856147],[117.829112,3.841254],[117.844249,3.827541],[117.852875,3.812405],[117.846202,3.79914]]]}},{"type":"Feature","properties":{},"geometry":{"type":"Polygon","coordinates":[[[118.726248,4.491889],[118.74879,4.4855],[118.76002,4.471381],[118.756114,4.457221],[118.733084,4.450873],[118.695811,4.450873],[118.681651,4.437079],[118.674815,4.436591],[118.6692,4.439846],[118.6692,4.443061],[118.667979,4.463935],[118.663259,4.469224],[118.651215,4.479071],[118.647472,4.484442],[118.644054,4.495307],[118.647634,4.498033],[118.658051,4.498196],[118.660655,4.498196],[118.675141,4.498358],[118.726248,4.491889]]]}},{"type":"Feature","properties":{},"geometry":{"type":"Polygon","coordinates":[[[118.510265,4.648871],[118.523774,4.665717],[118.54949,4.665188],[118.57781,4.655097],[118.59962,4.642646],[118.59962,4.635199],[118.584809,4.634019],[118.575369,4.627387],[118.571056,4.616034],[118.572276,4.601142],[118.552989,4.618801],[118.548106,4.621568],[118.542979,4.616929],[118.539561,4.607856],[118.535167,4.601304],[118.527354,4.60456],[118.511974,4.61636],[118.495616,4.623928],[118.479991,4.627875],[118.466563,4.629055],[118.462657,4.630805],[118.453624,4.639472],[118.448904,4.642646],[118.414724,4.648871],[118.346446,4.669908],[118.346446,4.676215],[118.425304,4.676215],[118.43629,4.679267],[118.443207,4.686103],[118.448985,4.693183],[118.456309,4.697252],[118.476085,4.693793],[118.485118,4.679429],[118.493175,4.661851],[118.510265,4.648871]]]}},{"type":"Feature","properties":{},"geometry":{"type":"Polygon","coordinates":[[[115.248546,5.365465],[115.259776,5.315375],[115.259288,5.291205],[115.24171,5.272691],[115.231944,5.273139],[115.21225,5.28498],[115.204112,5.283596],[115.184255,5.267035],[115.15919,5.252183],[115.160899,5.266995],[115.189138,5.344794],[115.197276,5.354641],[115.226085,5.381049],[115.24171,5.387397],[115.248546,5.365465]]]}},{"type":"Feature","properties":{},"geometry":{"type":"Polygon","coordinates":[[[117.468761,6.766669],[117.493907,6.735419],[117.510753,6.704291],[117.506602,6.673489],[117.468761,6.643134],[117.443044,6.635728],[117.412364,6.634914],[117.381684,6.63935],[117.356212,6.647895],[117.346934,6.654975],[117.343435,6.66352],[117.345958,6.672309],[117.354991,6.679633],[117.365571,6.683051],[117.41627,6.685289],[117.43214,6.689358],[117.443858,6.698554],[117.448253,6.715155],[117.439301,6.723944],[117.403575,6.725816],[117.399913,6.739325],[117.411632,6.75137],[117.452485,6.756741],[117.468761,6.766669]]]}},{"type":"Feature","properties":{},"geometry":{"type":"Polygon","coordinates":[[[117.002615,7.355699],[117.016856,7.342597],[117.022716,7.318834],[117.020356,7.294582],[117.01002,7.279975],[116.991547,7.297187],[116.976736,7.290229],[116.971446,7.271389],[116.982188,7.253323],[116.886485,7.229397],[116.891124,7.219916],[116.89975,7.214586],[116.905121,7.20893],[116.900157,7.198065],[116.890961,7.193671],[116.876801,7.192532],[116.862315,7.194159],[116.851817,7.198065],[116.900157,7.287421],[116.914399,7.293931],[116.948009,7.301907],[116.961681,7.307929],[117.002615,7.355699]]]}},{"type":"Feature","properties":{},"geometry":{"type":"Polygon","coordinates":[[[110.616954,21.191474],[110.599457,21.17829],[110.576915,21.130927],[110.565196,21.112616],[110.543224,21.104967],[110.520681,21.111802],[110.50587,21.126858],[110.507091,21.143704],[110.496593,21.146308],[110.489024,21.150092],[110.483572,21.155829],[110.479177,21.16413],[110.472911,21.16413],[110.479177,21.150458],[110.461436,21.151068],[110.449474,21.156236],[110.445323,21.165676],[110.451915,21.178453],[110.44337,21.177883],[110.426117,21.179104],[110.417735,21.178453],[110.417735,21.184638],[110.434337,21.186591],[110.444835,21.193793],[110.452647,21.201483],[110.462169,21.205146],[110.487804,21.208645],[110.499848,21.206285],[110.496267,21.195217],[110.470958,21.193671],[110.46339,21.190741],[110.479177,21.184638],[110.492931,21.183905],[110.504161,21.18769],[110.526378,21.200832],[110.532237,21.203315],[110.537852,21.204495],[110.543224,21.204169],[110.549653,21.20246],[110.566173,21.193345],[110.568614,21.191474],[110.555431,21.176825],[110.550059,21.168443],[110.547537,21.156724],[110.554942,21.156724],[110.577322,21.190985],[110.594005,21.202786],[110.616954,21.19892],[110.616954,21.191474]]]}},{"type":"Feature","properties":{},"geometry":{"type":"Polygon","coordinates":[[[120.588145,6.380764],[120.595388,6.376044],[120.600352,6.36758],[120.603526,6.357815],[120.604991,6.349351],[120.60434,6.329657],[120.582856,6.261461],[120.577322,6.251532],[120.569835,6.243638],[120.559825,6.239081],[120.545584,6.238471],[120.506114,6.244086],[120.49464,6.249335],[120.488617,6.260159],[120.492035,6.267401],[120.501964,6.271389],[120.514985,6.27261],[120.522146,6.277248],[120.53004,6.288072],[120.536469,6.300686],[120.539317,6.310492],[120.542491,6.31802],[120.556651,6.340522],[120.562673,6.362006],[120.569591,6.371894],[120.578624,6.379096],[120.588145,6.380764]]]}},{"type":"Feature","properties":{},"geometry":{"type":"Polygon","coordinates":[[[118.537608,7.006293],[118.520518,7.013373],[118.520274,7.00316],[118.530772,6.978949],[118.518728,6.970933],[118.503103,6.971422],[118.476736,6.978949],[118.44516,6.982327],[118.435557,6.989244],[118.428396,7.006293],[118.427257,7.018215],[118.431407,7.027086],[118.441091,7.034329],[118.456309,7.041002],[118.474783,7.037014],[118.48699,7.039781],[118.497325,7.044664],[118.510265,7.047187],[118.524587,7.043647],[118.532481,7.035102],[118.544444,7.013088],[118.537608,7.006293]]]}},{"type":"Feature","properties":{},"geometry":{"type":"Polygon","coordinates":[[[122.235362,14.797756],[122.24822,14.788153],[122.257009,14.767035],[122.256602,14.745917],[122.242198,14.736314],[122.241547,14.741116],[122.162934,14.797756],[122.135509,14.802558],[122.121267,14.806871],[122.115245,14.814846],[122.111176,14.826117],[122.104991,14.837836],[122.105724,14.84394],[122.122081,14.838772],[122.124848,14.842475],[122.135753,14.852362],[122.138438,14.838935],[122.146007,14.833645],[122.157074,14.834296],[122.16977,14.838772],[122.203868,14.838772],[122.196951,14.832913],[122.192638,14.824774],[122.192393,14.814927],[122.197113,14.803941],[122.206309,14.796617],[122.21697,14.795152],[122.235362,14.797756]]]}},{"type":"Feature","properties":{},"geometry":{"type":"Polygon","coordinates":[[[121.388438,18.902981],[121.416759,18.908149],[121.429861,18.905585],[121.443614,18.895494],[121.450531,18.888414],[121.458018,18.883938],[121.46697,18.881781],[121.477794,18.881903],[121.453624,18.865953],[121.431407,18.856147],[121.406749,18.850816],[121.318614,18.843207],[121.294932,18.846829],[121.279145,18.862006],[121.275238,18.875881],[121.28004,18.880561],[121.299571,18.881903],[121.353282,18.89883],[121.388438,18.902981]]]}},{"type":"Feature","properties":{},"geometry":{"type":"Polygon","coordinates":[[[121.977306,19.577379],[121.982921,19.575344],[121.991222,19.570543],[121.997732,19.564927],[121.997895,19.560289],[121.992035,19.548163],[121.987153,19.513129],[121.978038,19.498847],[121.960948,19.491767],[121.947113,19.496772],[121.923513,19.519355],[121.905528,19.529934],[121.898204,19.53677],[121.895518,19.546617],[121.896821,19.556871],[121.900238,19.559231],[121.906423,19.558661],[121.926524,19.562567],[121.94158,19.559963],[121.950043,19.560289],[121.957367,19.564114],[121.969493,19.575344],[121.977306,19.577379]]]}},{"type":"Feature","properties":{},"geometry":{"type":"Polygon","coordinates":[[[119.483246,4.850898],[119.486583,4.832221],[119.500987,4.79914],[119.504405,4.78262],[119.503591,4.764228],[119.500824,4.748481],[119.496593,4.733588],[119.467052,4.666449],[119.456554,4.655707],[119.456554,4.71776],[119.462738,4.775784],[119.456879,4.842719],[119.448497,4.874416],[119.435395,4.902777],[119.447032,4.905504],[119.458507,4.901801],[119.468761,4.893704],[119.475922,4.883775],[119.47934,4.875963],[119.481456,4.867743],[119.482921,4.859361],[119.483246,4.850898]]]}},{"type":"Feature","properties":{},"geometry":{"type":"Polygon","coordinates":[[[121.094493,10.895819],[121.094493,10.873481],[121.08074,10.841742],[121.087169,10.823472],[121.062266,10.817572],[121.034679,10.81981],[121.017589,10.834133],[121.025157,10.864447],[121.032074,10.87051],[121.066661,10.891099],[121.085785,10.908881],[121.093272,10.910386],[121.094493,10.895819]]]}},{"type":"Feature","properties":{},"geometry":{"type":"Polygon","coordinates":[[[120.285167,11.930162],[120.283214,11.926988],[120.272797,11.92536],[120.267833,11.923326],[120.263438,11.916164],[120.265473,11.909735],[120.269786,11.904202],[120.271495,11.899115],[120.264659,11.872016],[120.264171,11.861558],[120.266775,11.851549],[120.277192,11.831773],[120.278331,11.824042],[120.267914,11.81623],[120.255544,11.836249],[120.237478,11.885443],[120.203298,11.947577],[120.213145,11.94953],[120.2588,11.967597],[120.267914,11.968085],[120.276378,11.964911],[120.281993,11.957994],[120.284516,11.949042],[120.285167,11.930162]]]}},{"type":"Feature","properties":{},"geometry":{"type":"Polygon","coordinates":[[[125.418712,5.425482],[125.422211,5.420233],[125.424571,5.407375],[125.42335,5.377916],[125.418712,5.368476],[125.411632,5.368109],[125.399099,5.371772],[125.380626,5.370347],[125.36378,5.367174],[125.351573,5.371731],[125.343272,5.380601],[125.334239,5.387681],[125.333507,5.392524],[125.342052,5.400295],[125.358165,5.422065],[125.376801,5.43122],[125.404796,5.430487],[125.418712,5.425482]]]}},{"type":"Feature","properties":{},"geometry":{"type":"Polygon","coordinates":[[[123.841319,9.642401],[123.860525,9.630072],[123.868337,9.62051],[123.862315,9.608547],[123.844249,9.588853],[123.804535,9.560289],[123.785167,9.552314],[123.765147,9.549954],[123.749848,9.554145],[123.737641,9.579088],[123.726329,9.586982],[123.727224,9.591213],[123.739268,9.594062],[123.747895,9.599107],[123.754568,9.605414],[123.76588,9.614081],[123.781912,9.623521],[123.820649,9.639594],[123.841319,9.642401]]]}},{"type":"Feature","properties":{},"geometry":{"type":"Polygon","coordinates":[[[124.148611,13.185777],[124.136241,13.188544],[124.11378,13.189032],[124.097911,13.19245],[124.069021,13.203762],[124.065603,13.210761],[124.084727,13.216986],[124.114106,13.227729],[124.12379,13.23314],[124.138845,13.234198],[124.178722,13.222968],[124.197927,13.213039],[124.209646,13.195787],[124.209158,13.178209],[124.196788,13.173326],[124.162364,13.180813],[124.148611,13.185777]]]}},{"type":"Feature","properties":{},"geometry":{"type":"Polygon","coordinates":[[[124.086274,13.260443],[124.07309,13.254055],[124.067556,13.25141],[124.062266,13.245429],[124.056407,13.235989],[124.046153,13.226386],[124.03948,13.224962],[124.025401,13.221991],[124.017426,13.223782],[123.997895,13.228217],[123.976736,13.235582],[123.958344,13.237047],[123.939301,13.244452],[123.921886,13.258694],[123.91391,13.271308],[123.914806,13.279608],[123.912852,13.285142],[123.912446,13.288642],[123.91391,13.289455],[123.914724,13.289944],[123.962576,13.28734],[123.986827,13.276028],[123.995372,13.278795],[124.002452,13.281073],[124.015798,13.280422],[124.016938,13.280341],[124.018077,13.278998],[124.025564,13.270168],[124.032563,13.26675],[124.038259,13.26968],[124.038585,13.273993],[124.039561,13.27851],[124.047699,13.278957],[124.056407,13.276068],[124.069184,13.273017],[124.084483,13.267401],[124.085623,13.262926],[124.086274,13.260443]]]}},{"type":"Feature","properties":{},"geometry":{"type":"Polygon","coordinates":[[[123.89031,13.274075],[123.896658,13.25849],[123.903575,13.246487],[123.901866,13.238349],[123.884288,13.229926],[123.873546,13.229641],[123.863617,13.244778],[123.857758,13.250149],[123.845958,13.27025],[123.844493,13.282416],[123.849376,13.29914],[123.851085,13.317572],[123.847179,13.330878],[123.836762,13.344672],[123.840099,13.348538],[123.848888,13.354153],[123.858897,13.353827],[123.900076,13.340522],[123.906098,13.335598],[123.913422,13.332221],[123.92213,13.329983],[123.92213,13.320014],[123.895274,13.292873],[123.89031,13.274075]]]}},{"type":"Feature","properties":{},"geometry":{"type":"Polygon","coordinates":[[[120.005056,16.268622],[120.010753,16.254625],[120.012218,16.241523],[120.005544,16.232082],[119.992931,16.23017],[119.980968,16.239447],[119.976329,16.24726],[119.956716,16.262437],[119.936778,16.288153],[119.925548,16.295356],[119.922374,16.303778],[119.927501,16.313137],[119.943044,16.329291],[119.953461,16.331977],[119.961192,16.334784],[119.962576,16.338853],[119.965017,16.344387],[119.973155,16.350572],[119.98406,16.3487],[119.991222,16.343573],[119.994884,16.337551],[119.997081,16.330756],[120.005626,16.311754],[120.005056,16.268622]]]}},{"type":"Feature","properties":{},"geometry":{"type":"Polygon","coordinates":[[[125.79127,6.948188],[125.793712,6.939521],[125.789724,6.928778],[125.783946,6.917426],[125.776866,6.894029],[125.767751,6.898871],[125.753673,6.917467],[125.745372,6.936957],[125.738292,6.979193],[125.725352,7.004788],[125.721934,7.01557],[125.717621,7.052232],[125.712169,7.056301],[125.703787,7.056708],[125.683849,7.065253],[125.677908,7.066392],[125.674083,7.070217],[125.671723,7.081977],[125.672699,7.09276],[125.676931,7.103909],[125.682872,7.112616],[125.689138,7.116116],[125.696544,7.126939],[125.702159,7.177151],[125.706554,7.19184],[125.715831,7.19595],[125.723643,7.193101],[125.72934,7.186103],[125.733165,7.177558],[125.749522,7.162055],[125.767345,7.149726],[125.781912,7.135199],[125.787852,7.112982],[125.781261,6.984849],[125.78419,6.963121],[125.79127,6.948188]]]}},{"type":"Feature","properties":{},"geometry":{"type":"Polygon","coordinates":[[[122.97169,7.383612],[122.951671,7.38642],[122.944509,7.389838],[122.950531,7.373481],[122.952322,7.363511],[122.950694,7.355699],[122.943533,7.34927],[122.936778,7.348578],[122.930349,7.349677],[122.924571,7.348863],[122.894786,7.326809],[122.882986,7.32095],[122.874522,7.318671],[122.861583,7.316962],[122.854991,7.314765],[122.850759,7.310289],[122.845551,7.297797],[122.842052,7.294257],[122.826996,7.291327],[122.816661,7.294908],[122.808604,7.304877],[122.800548,7.32095],[122.794688,7.34634],[122.7942,7.383938],[122.803722,7.417467],[122.82838,7.430813],[122.84311,7.422797],[122.854991,7.407864],[122.867198,7.395982],[122.882986,7.397284],[122.889822,7.407213],[122.891287,7.419989],[122.894298,7.431586],[122.90504,7.43773],[122.923513,7.430854],[122.944102,7.416246],[122.961762,7.398912],[122.97169,7.383612]]]}},{"type":"Feature","properties":{},"geometry":{"type":"Polygon","coordinates":[[[125.295095,9.970649],[125.306163,9.937445],[125.304942,9.932807],[125.296397,9.929267],[125.291352,9.922187],[125.285167,9.916938],[125.273936,9.919135],[125.267426,9.924506],[125.265147,9.930894],[125.263845,9.938218],[125.260265,9.946479],[125.236339,9.974351],[125.198741,10.035834],[125.164806,10.055976],[125.145763,10.070705],[125.137462,10.086737],[125.125824,10.129828],[125.124522,10.151801],[125.137462,10.165513],[125.149099,10.165961],[125.158458,10.16059],[125.175466,10.145494],[125.216482,10.129625],[125.229259,10.121161],[125.239268,10.103909],[125.253429,10.035834],[125.263031,10.023139],[125.27711,10.008857],[125.289561,9.991685],[125.295095,9.970649]]]}},{"type":"Feature","properties":{},"geometry":{"type":"Polygon","coordinates":[[[124.59962,11.563381],[124.62143,11.5539],[124.625011,11.532701],[124.615977,11.498196],[124.609141,11.486558],[124.592459,11.481635],[124.5324,11.482571],[124.507091,11.488837],[124.486339,11.488227],[124.483572,11.479682],[124.479747,11.474677],[124.472667,11.473944],[124.467133,11.477729],[124.463715,11.483873],[124.461436,11.49018],[124.458832,11.494452],[124.424815,11.529242],[124.413259,11.546454],[124.386485,11.614488],[124.380626,11.636705],[124.376475,11.645901],[124.354991,11.67121],[124.349132,11.68008],[124.368663,11.678941],[124.417979,11.693671],[124.430919,11.695054],[124.469086,11.692816],[124.49586,11.69477],[124.505382,11.693061],[124.523204,11.686265],[124.541677,11.675198],[124.556,11.660224],[124.567149,11.62523],[124.591645,11.574123],[124.59962,11.563381]]]}},{"type":"Feature","properties":{},"geometry":{"type":"Polygon","coordinates":[[[124.815196,11.63227],[124.821788,11.621487],[124.828624,11.61343],[124.838878,11.607856],[124.856212,11.604926],[124.852224,11.594428],[124.850108,11.583726],[124.849376,11.560248],[124.846039,11.548774],[124.838878,11.540025],[124.831554,11.536322],[124.807872,11.563381],[124.809906,11.56684],[124.808767,11.577338],[124.802013,11.582465],[124.787852,11.570217],[124.773611,11.604926],[124.780772,11.60224],[124.787852,11.59809],[124.785411,11.614325],[124.776052,11.629828],[124.76295,11.641343],[124.749766,11.645901],[124.740571,11.650621],[124.736176,11.661689],[124.733409,11.674302],[124.729259,11.683417],[124.722423,11.693264],[124.722667,11.701565],[124.732677,11.721625],[124.739513,11.721625],[124.740896,11.719713],[124.751231,11.708889],[124.784841,11.688707],[124.789399,11.684882],[124.792979,11.680365],[124.79477,11.674709],[124.796235,11.667792],[124.799083,11.662014],[124.813731,11.655341],[124.81658,11.646064],[124.815196,11.63227]]]}},{"type":"Feature","properties":{},"geometry":{"type":"Polygon","coordinates":[[[112.844005,21.774319],[112.862559,21.769436],[112.868175,21.757554],[112.862559,21.745592],[112.831798,21.735907],[112.820567,21.726508],[112.812511,21.717108],[112.797537,21.705878],[112.800466,21.689765],[112.80714,21.671291],[112.810557,21.65762],[112.803233,21.63817],[112.794444,21.623114],[112.793468,21.608222],[112.810557,21.589301],[112.799653,21.579088],[112.790212,21.577582],[112.764903,21.581855],[112.761485,21.583686],[112.758311,21.58808],[112.756114,21.593736],[112.753673,21.607367],[112.749685,21.608791],[112.743907,21.608791],[112.737153,21.612616],[112.734386,21.62873],[112.767589,21.663479],[112.774425,21.691718],[112.759613,21.686347],[112.736664,21.681098],[112.715587,21.680243],[112.706228,21.688381],[112.711681,21.702541],[112.724376,21.715806],[112.747813,21.733344],[112.764903,21.731757],[112.777517,21.77265],[112.795665,21.766832],[112.807628,21.772773],[112.821137,21.774807],[112.850271,21.774319],[112.844005,21.774319]]]}},{"type":"Feature","properties":{},"geometry":{"type":"Polygon","coordinates":[[[105.695422,3.0],[105.691173,3.002346],[105.681895,3.011461],[105.691905,3.020494],[105.695567,3.034166],[105.694102,3.04857],[105.688731,3.059963],[105.702891,3.066107],[105.710297,3.048489],[105.712901,3.04564],[105.71518,3.043891],[105.732188,3.035386],[105.737071,3.031968],[105.739431,3.015123],[105.736898,3.0],[105.695422,3.0]]]}},{"type":"Feature","properties":{},"geometry":{"type":"Polygon","coordinates":[[[106.285167,3.179104],[106.285167,3.087226],[106.279063,3.087226],[106.257823,3.113918],[106.241873,3.107856],[106.233897,3.11522],[106.226085,3.125556],[106.210704,3.12816],[106.215099,3.134833],[106.216075,3.140815],[106.215994,3.147162],[106.21697,3.154934],[106.205821,3.205715],[106.207774,3.225328],[106.223806,3.223782],[106.238536,3.226508],[106.259125,3.214748],[106.277354,3.196234],[106.285167,3.179104]]]}},{"type":"Feature","properties":{},"geometry":{"type":"Polygon","coordinates":[[[117.625255,3.43769],[117.640473,3.43651],[117.656993,3.433539],[117.67156,3.426988],[117.681651,3.415513],[117.68393,3.399604],[117.681977,3.377509],[117.677257,3.356431],[117.665375,3.329291],[117.667328,3.271552],[117.659923,3.255276],[117.648448,3.246039],[117.63795,3.248725],[117.633311,3.268215],[117.624848,3.283271],[117.571788,3.313137],[117.556407,3.331855],[117.54363,3.354804],[117.534679,3.379381],[117.531261,3.403144],[117.541515,3.428453],[117.566661,3.438422],[117.625255,3.43769]]]}},{"type":"Feature","properties":{},"geometry":{"type":"Polygon","coordinates":[[[117.171153,7.342678],[117.246267,7.35578],[117.27003,7.348863],[117.281912,7.332343],[117.283214,7.308783],[117.273448,7.23192],[117.26238,7.201972],[117.247081,7.183173],[117.229747,7.19184],[117.210948,7.184394],[117.152843,7.173082],[117.140391,7.167629],[117.134776,7.161933],[117.108084,7.149563],[117.098888,7.143459],[117.092052,7.131985],[117.087901,7.120754],[117.082367,7.110663],[117.071544,7.102484],[117.064138,7.126654],[117.056407,7.202867],[117.06129,7.219143],[117.065196,7.226386],[117.064138,7.270738],[117.067719,7.280015],[117.073253,7.28498],[117.089041,7.290351],[117.098888,7.295844],[117.122895,7.320014],[117.145274,7.335517],[117.157725,7.340725],[117.171153,7.342678]]]}},{"type":"Feature","properties":{},"geometry":{"type":"Polygon","coordinates":[[[107.080333,20.800442],[107.085216,20.797187],[107.088145,20.79442],[107.094005,20.787421],[107.082205,20.789374],[107.075043,20.796047],[107.066091,20.814114],[107.062511,20.805609],[107.062836,20.798285],[107.066661,20.792141],[107.073497,20.787421],[107.073497,20.780585],[107.060313,20.775946],[107.050466,20.775946],[107.041759,20.779934],[107.031912,20.787421],[107.036876,20.766262],[107.067393,20.749742],[107.073497,20.732164],[107.066091,20.732164],[107.066091,20.738959],[107.059825,20.738959],[107.055024,20.721666],[107.046153,20.70425],[107.046153,20.725979],[107.038829,20.723456],[107.035899,20.721666],[107.031912,20.718492],[107.031912,20.725979],[107.025645,20.718492],[107.021251,20.723619],[107.01824,20.725979],[107.01824,20.732164],[107.039317,20.732164],[107.039317,20.738959],[107.03533,20.741197],[107.034434,20.742174],[107.03419,20.743354],[107.031912,20.746405],[107.025645,20.746405],[107.025645,20.738959],[107.01824,20.738959],[107.014822,20.743598],[107.008637,20.748928],[107.005138,20.753241],[106.997813,20.753241],[107.002289,20.742499],[107.005138,20.738959],[107.005138,20.732164],[106.985118,20.745266],[106.962413,20.77497],[106.949962,20.787421],[106.921072,20.804592],[106.909923,20.818549],[106.912852,20.8369],[106.93629,20.844672],[106.943126,20.848863],[106.946788,20.855536],[106.946544,20.86286],[106.94809,20.870266],[106.957367,20.876776],[106.949962,20.86933],[106.963634,20.856106],[106.994477,20.851752],[107.005138,20.842027],[107.011404,20.842027],[107.012462,20.858791],[107.022716,20.86225],[107.035981,20.857367],[107.046153,20.848863],[107.046153,20.842027],[107.042979,20.831366],[107.054942,20.82392],[107.070974,20.820299],[107.080333,20.821519],[107.087169,20.821519],[107.090994,20.814765],[107.09547,20.809027],[107.100841,20.804267],[107.107677,20.800442],[107.086762,20.805121],[107.080333,20.807847],[107.080333,20.800442]]]}},{"type":"Feature","properties":{},"geometry":{"type":"Polygon","coordinates":[[[110.547537,21.037258],[110.543793,21.022773],[110.526866,20.989203],[110.520763,20.972357],[110.522227,20.962592],[110.525645,20.951077],[110.526052,20.941596],[110.516938,20.937649],[110.507986,20.940375],[110.502696,20.947496],[110.500173,20.957506],[110.499685,20.968655],[110.493012,20.977973],[110.476899,20.990424],[110.457693,21.001207],[110.441417,21.005845],[110.363048,21.005845],[110.333669,20.996283],[110.298676,20.980658],[110.266612,20.972642],[110.24586,20.986029],[110.261892,20.992987],[110.265391,21.00434],[110.259288,21.016995],[110.24586,21.027574],[110.264822,21.033108],[110.275076,21.034329],[110.287364,21.03384],[110.287364,21.040595],[110.276378,21.041164],[110.270681,21.044867],[110.269542,21.051581],[110.273123,21.061103],[110.290212,21.054267],[110.309906,21.052924],[110.326915,21.05744],[110.335216,21.06859],[110.322113,21.064032],[110.307953,21.060858],[110.295421,21.063056],[110.287364,21.074449],[110.342621,21.074652],[110.371349,21.080959],[110.389822,21.095893],[110.400401,21.06391],[110.408214,21.048245],[110.417735,21.040595],[110.423188,21.051418],[110.43214,21.057278],[110.444102,21.059963],[110.458751,21.061103],[110.451915,21.061103],[110.47283,21.061672],[110.48406,21.067857],[110.492931,21.075995],[110.507091,21.082221],[110.526378,21.082099],[110.538829,21.073065],[110.545584,21.057359],[110.547537,21.037258]]]}},{"type":"Feature","properties":{},"geometry":{"type":"Polygon","coordinates":[[[107.580577,21.211982],[107.603201,21.219306],[107.606212,21.217434],[107.601573,21.205146],[107.590343,21.193061],[107.557384,21.17178],[107.54713,21.156724],[107.539073,21.156724],[107.524181,21.15998],[107.504161,21.139716],[107.470714,21.095893],[107.459646,21.090237],[107.435313,21.081448],[107.422862,21.074774],[107.388682,21.047512],[107.372895,21.059556],[107.379649,21.081936],[107.394298,21.106838],[107.402517,21.126614],[107.40447,21.138129],[107.413422,21.166327],[107.418305,21.196682],[107.425059,21.196763],[107.432384,21.188544],[107.435313,21.189276],[107.436371,21.19774],[107.441173,21.203274],[107.450206,21.205146],[107.445811,21.212063],[107.444835,21.227484],[107.446544,21.25316],[107.449067,21.265326],[107.451671,21.27147],[107.455333,21.275702],[107.459158,21.277248],[107.463064,21.277411],[107.467133,21.276516],[107.471365,21.274482],[107.481619,21.266791],[107.504731,21.239244],[107.511404,21.234809],[107.518077,21.233588],[107.523204,21.230862],[107.525401,21.222154],[107.525645,21.214016],[107.526622,21.207994],[107.528982,21.203315],[107.532725,21.19892],[107.539073,21.19892],[107.545909,21.202704],[107.580577,21.211982]]]}},{"type":"Feature","properties":{},"geometry":{"type":"Polygon","coordinates":[[[123.814708,24.39175],[123.834727,24.395494],[123.872081,24.390123],[123.910492,24.379543],[123.934418,24.367499],[123.936046,24.341457],[123.915538,24.30683],[123.873057,24.258246],[123.851248,24.256985],[123.745779,24.281236],[123.683442,24.285305],[123.668224,24.296617],[123.683767,24.323472],[123.687673,24.320502],[123.690929,24.318834],[123.698009,24.315985],[123.707042,24.328681],[123.71754,24.323676],[123.729259,24.315741],[123.742361,24.319729],[123.748057,24.329576],[123.753184,24.364447],[123.76531,24.401109],[123.766856,24.40941],[123.769867,24.418362],[123.776866,24.419745],[123.784923,24.416083],[123.79127,24.409613],[123.814708,24.39175]]]}},{"type":"Feature","properties":{},"geometry":{"type":"Polygon","coordinates":[[[118.394216,24.522691],[118.422597,24.527968],[118.44959,24.505528],[118.467355,24.461828],[118.463356,24.431523],[118.448785,24.415513],[118.422901,24.430304],[118.403624,24.43601],[118.372856,24.433201],[118.34576,24.417579],[118.330994,24.396482],[118.318218,24.390544],[118.303233,24.39704],[118.292979,24.39765],[118.283946,24.401272],[118.279552,24.408433],[118.281098,24.411038],[118.289399,24.4206],[118.292003,24.424994],[118.292735,24.432074],[118.292328,24.440619],[118.289561,24.455634],[118.28297,24.470038],[118.282074,24.477362],[118.287852,24.480455],[118.316657,24.493349],[118.354809,24.470562],[118.381414,24.473511],[118.385393,24.503817],[118.394216,24.522691]]]}},{"type":"Feature","properties":{},"geometry":{"type":"Polygon","coordinates":[[[124.329112,24.583564],[124.332286,24.571031],[124.326915,24.561184],[124.319021,24.553046],[124.309093,24.534857],[124.273936,24.487942],[124.260509,24.445258],[124.253917,24.401801],[124.241873,24.363715],[124.211925,24.337104],[124.177013,24.332994],[124.14031,24.341986],[124.122244,24.360582],[124.143077,24.384914],[124.132579,24.391995],[124.128754,24.403551],[124.122732,24.414293],[124.105724,24.419094],[124.088634,24.421942],[124.077891,24.428453],[124.07838,24.435492],[124.095225,24.439521],[124.101736,24.446601],[124.112315,24.463365],[124.116222,24.467475],[124.129161,24.469387],[124.132986,24.464016],[124.134451,24.456773],[124.139903,24.453192],[124.14796,24.446357],[124.156505,24.441636],[124.167817,24.439521],[124.191254,24.440009],[124.202159,24.442206],[124.211925,24.446967],[124.222423,24.461005],[124.230317,24.479153],[124.240245,24.494859],[124.256602,24.501614],[124.268403,24.510443],[124.300629,24.569892],[124.314464,24.587307],[124.3213,24.590277],[124.329112,24.583564]]]}},{"type":"Feature","properties":{},"geometry":{"type":"Polygon","coordinates":[[[125.387218,24.782172],[125.404633,24.778388],[125.42628,24.768866],[125.444835,24.756741],[125.452647,24.74494],[125.444021,24.737209],[125.423513,24.732245],[125.3838,24.726955],[125.299653,24.725653],[125.2588,24.733385],[125.256847,24.751695],[125.261485,24.763861],[125.273936,24.820014],[125.27475,24.856431],[125.271007,24.867825],[125.260265,24.885199],[125.262462,24.884345],[125.274425,24.882229],[125.285167,24.877346],[125.290212,24.873928],[125.294444,24.869574],[125.302257,24.857571],[125.31422,24.829901],[125.321625,24.816881],[125.326671,24.810736],[125.358246,24.78262],[125.365571,24.779934],[125.387218,24.782172]]]}},{"type":"Feature","properties":{},"geometry":{"type":"Polygon","coordinates":[[[125.652517,3.469631],[125.655528,3.461737],[125.663422,3.446112],[125.665782,3.438788],[125.664561,3.430894],[125.659516,3.424791],[125.62436,3.39765],[125.617198,3.395087],[125.602712,3.398098],[125.599132,3.405504],[125.598399,3.415473],[125.593028,3.426093],[125.572032,3.438137],[125.524181,3.450588],[125.507335,3.463324],[125.505056,3.48078],[125.513927,3.52912],[125.517589,3.539049],[125.520763,3.544013],[125.521007,3.576972],[125.517345,3.582343],[125.493663,3.594387],[125.442149,3.637763],[125.430512,3.651353],[125.421153,3.668036],[125.416515,3.687567],[125.418468,3.709784],[125.442068,3.736558],[125.477794,3.73078],[125.51295,3.707913],[125.534516,3.683051],[125.569998,3.628119],[125.57545,3.610785],[125.574555,3.604397],[125.573009,3.598456],[125.572602,3.591254],[125.57545,3.580634],[125.579763,3.575873],[125.596528,3.560981],[125.603526,3.55272],[125.61378,3.525377],[125.616547,3.523017],[125.627289,3.518215],[125.638927,3.51435],[125.644379,3.514879],[125.646983,3.492011],[125.652517,3.469631]]]}},{"type":"Feature","properties":{},"geometry":{"type":"Polygon","coordinates":[[[126.656547,3.981478],[126.701072,3.933851],[126.712629,3.920714],[126.714276,3.901002],[126.701054,3.879631],[126.687851,3.853331],[126.696089,3.812256],[126.677924,3.812236],[126.669686,3.854957],[126.661431,3.897677],[126.666391,3.930547],[126.648215,3.951896],[126.626722,3.965031],[126.620096,3.991324],[126.613464,4.025836],[126.615108,4.043915],[126.643222,4.027484],[126.656547,3.981478]]]}},{"type":"Feature","properties":{},"geometry":{"type":"Polygon","coordinates":[[[120.251964,5.266506],[120.25294,5.251532],[120.237641,5.190131],[120.232432,5.150458],[120.226817,5.129381],[120.216563,5.114976],[120.201996,5.11994],[120.191173,5.12637],[120.184581,5.136461],[120.182384,5.152818],[120.188731,5.182359],[120.189626,5.196519],[120.182384,5.204413],[120.175955,5.202623],[120.173106,5.195624],[120.17156,5.187649],[120.168712,5.183295],[120.163585,5.182318],[120.145518,5.183295],[120.13795,5.187201],[120.130544,5.196601],[120.124522,5.208075],[120.120942,5.218004],[120.110525,5.203437],[120.108165,5.170844],[120.100434,5.156643],[120.085948,5.150702],[120.070974,5.153876],[120.056977,5.159898],[120.045746,5.163479],[120.025401,5.160549],[120.017426,5.152493],[120.01352,5.141262],[120.004893,5.128648],[119.997732,5.126899],[119.988292,5.127672],[119.980479,5.126451],[119.977061,5.11872],[119.970225,5.087714],[119.954112,5.075507],[119.94337,5.07807],[119.934255,5.085517],[119.922374,5.087714],[119.914317,5.082017],[119.900157,5.063707],[119.891612,5.059801],[119.860362,5.059801],[119.847179,5.054511],[119.838145,5.048977],[119.829845,5.048814],[119.819347,5.059801],[119.816905,5.072211],[119.819102,5.106635],[119.812511,5.122504],[119.821788,5.130561],[119.829438,5.134955],[119.864757,5.14647],[119.895518,5.1612],[119.901866,5.166897],[119.90797,5.169379],[119.942719,5.190131],[119.956716,5.21483],[119.964854,5.222602],[119.996267,5.227525],[120.019867,5.236518],[120.028494,5.238511],[120.036143,5.241604],[120.052582,5.258979],[120.062999,5.259752],[120.070079,5.256659],[120.076834,5.254828],[120.086925,5.258979],[120.088715,5.263739],[120.093272,5.282701],[120.097423,5.290025],[120.124197,5.30565],[120.1338,5.317572],[120.146251,5.323879],[120.168793,5.332261],[120.187836,5.34512],[120.198578,5.349595],[120.208751,5.347968],[120.214366,5.340237],[120.216319,5.329047],[120.216319,5.276842],[120.220225,5.269599],[120.22755,5.268459],[120.235688,5.271959],[120.243907,5.273505],[120.251964,5.266506]]]}},{"type":"Feature","properties":{},"geometry":{"type":"Polygon","coordinates":[[[117.084972,8.057847],[117.080903,8.038275],[117.080251,8.029486],[117.082042,8.024156],[117.091563,8.011542],[117.086925,8.004218],[117.077159,7.999172],[117.071544,7.99315],[117.072765,7.977525],[117.083263,7.941474],[117.085785,7.921129],[117.084727,7.91592],[117.079438,7.907172],[117.07838,7.903754],[117.077647,7.884467],[117.07838,7.883287],[117.084972,7.876288],[117.086762,7.872138],[117.082042,7.870266],[117.080089,7.86872],[117.073009,7.861518],[117.071544,7.859361],[117.067149,7.8487],[117.055675,7.835639],[117.040294,7.824937],[117.023692,7.821845],[117.03419,7.804633],[117.026215,7.798407],[117.009939,7.800279],[116.99586,7.807563],[117.001638,7.823676],[116.996349,7.83926],[116.975922,7.870266],[116.955821,7.921088],[116.954926,7.926011],[116.961681,8.061998],[116.972667,8.054836],[116.974946,8.044745],[116.975922,8.034573],[116.982188,8.027289],[116.996755,8.02733],[117.001964,8.039944],[117.005138,8.054836],[117.013194,8.061998],[117.058442,8.06981],[117.075857,8.069566],[117.084972,8.057847]]]}},{"type":"Feature","properties":{},"geometry":{"type":"Polygon","coordinates":[[[117.32545,8.32274],[117.355317,8.30272],[117.355317,8.274644],[117.348888,8.244696],[117.359548,8.219062],[117.351329,8.207221],[117.34254,8.197211],[117.331879,8.193183],[117.318614,8.199205],[117.289724,8.184312],[117.278819,8.207099],[117.275645,8.242987],[117.27003,8.267524],[117.276541,8.281399],[117.279633,8.311103],[117.284434,8.32274],[117.292817,8.317857],[117.301524,8.31802],[117.310069,8.322008],[117.318614,8.328925],[117.318126,8.32453],[117.319591,8.323554],[117.322276,8.323635],[117.32545,8.32274]]]}},{"type":"Feature","properties":{},"geometry":{"type":"Polygon","coordinates":[[[124.78419,9.199774],[124.793468,9.192694],[124.803233,9.176093],[124.80836,9.156806],[124.800955,9.12873],[124.802582,9.112494],[124.80128,9.096259],[124.787852,9.083075],[124.77947,9.079495],[124.770193,9.077379],[124.76295,9.079006],[124.757091,9.092719],[124.750011,9.094306],[124.740896,9.094468],[124.732677,9.096137],[124.67213,9.125393],[124.646739,9.148871],[124.636485,9.182359],[124.646739,9.218899],[124.673106,9.242377],[124.708507,9.25019],[124.746349,9.239488],[124.763031,9.214423],[124.772472,9.204047],[124.78419,9.199774]]]}},{"type":"Feature","properties":{},"geometry":{"type":"Polygon","coordinates":[[[123.698009,9.165025],[123.702485,9.164537],[123.714529,9.157416],[123.722423,9.149115],[123.715343,9.145168],[123.703298,9.128363],[123.698009,9.12401],[123.689708,9.122545],[123.660411,9.12401],[123.653005,9.122952],[123.647634,9.119696],[123.644542,9.114325],[123.643321,9.10692],[123.639985,9.098578],[123.632335,9.098334],[123.615489,9.103583],[123.596365,9.10399],[123.578461,9.107001],[123.561209,9.114244],[123.479503,9.17182],[123.471202,9.185452],[123.47462,9.197089],[123.500011,9.220282],[123.517589,9.209866],[123.540863,9.213446],[123.564952,9.226142],[123.594737,9.251288],[123.60255,9.255439],[123.607432,9.262152],[123.609223,9.278266],[123.614431,9.289252],[123.626964,9.293931],[123.6421,9.293647],[123.655447,9.28913],[123.664806,9.275458],[123.67921,9.245307],[123.687511,9.239488],[123.703868,9.233303],[123.700531,9.219631],[123.689952,9.205959],[123.683767,9.199693],[123.683442,9.1883],[123.686534,9.180609],[123.698009,9.165025]]]}},{"type":"Feature","properties":{},"geometry":{"type":"Polygon","coordinates":[[[126.165863,9.829169],[126.174083,9.817206],[126.180186,9.8015],[126.178233,9.787828],[126.155447,9.779202],[126.138845,9.765611],[126.130382,9.760891],[126.120128,9.758938],[126.093272,9.760891],[126.054454,9.775092],[126.041677,9.775133],[126.048595,9.754625],[126.033946,9.766343],[126.019216,9.781684],[125.993907,9.816107],[125.993419,9.820299],[125.995372,9.824652],[125.996593,9.829779],[125.993907,9.836615],[125.987966,9.839993],[125.980317,9.839789],[125.972667,9.841498],[125.965994,9.850246],[125.979828,9.849189],[125.992931,9.850246],[126.004731,9.854885],[126.014415,9.864488],[126.003266,9.869289],[125.989106,9.877143],[125.979828,9.888007],[125.983409,9.901801],[126.044688,9.998725],[126.048595,10.007961],[126.048513,10.017483],[126.045665,10.02619],[126.045258,10.035142],[126.052257,10.045478],[126.071462,10.059068],[126.08074,10.05565],[126.12672,9.956041],[126.13795,9.901923],[126.137869,9.891181],[126.133149,9.880683],[126.117849,9.866889],[126.110606,9.857082],[126.129893,9.85456],[126.142833,9.850043],[126.153494,9.841986],[126.165863,9.829169]]]}},{"type":"Feature","properties":{},"geometry":{"type":"Polygon","coordinates":[[[119.950206,10.603746],[119.974132,10.595364],[120.000011,10.580471],[120.011241,10.565253],[119.990571,10.555976],[119.990571,10.54914],[119.993175,10.539984],[119.984141,10.531317],[119.968272,10.528144],[119.950206,10.535468],[119.949474,10.528795],[119.947276,10.524156],[119.944672,10.520087],[119.942719,10.515041],[119.918793,10.548041],[119.908702,10.555976],[119.911876,10.536282],[119.917654,10.516181],[119.920258,10.49726],[119.914887,10.480862],[119.906749,10.478746],[119.895274,10.480658],[119.885265,10.479967],[119.880707,10.470364],[119.877126,10.464667],[119.868419,10.461737],[119.850352,10.460395],[119.835623,10.456041],[119.821625,10.448554],[119.806488,10.446112],[119.788585,10.456977],[119.780935,10.472235],[119.778087,10.493598],[119.778331,10.535468],[119.766124,10.530748],[119.757091,10.534003],[119.752615,10.539781],[119.754161,10.542955],[119.795421,10.573391],[119.805431,10.58515],[119.828949,10.62641],[119.837901,10.637519],[119.843516,10.642239],[119.849864,10.644761],[119.85963,10.643297],[119.89088,10.62519],[119.920095,10.612738],[119.950206,10.603746]]]}},{"type":"Feature","properties":{},"geometry":{"type":"Polygon","coordinates":[[[122.711111,10.734687],[122.737966,10.694159],[122.737071,10.640041],[122.721528,10.585191],[122.68686,10.506008],[122.664317,10.470852],[122.634451,10.444241],[122.594981,10.433051],[122.605235,10.460517],[122.594493,10.459703],[122.577973,10.447089],[122.570811,10.439276],[122.565196,10.436184],[122.547618,10.422512],[122.536632,10.41942],[122.530528,10.423245],[122.526378,10.432359],[122.519298,10.453559],[122.518728,10.458197],[122.520274,10.469875],[122.519298,10.474066],[122.514334,10.477037],[122.501964,10.479682],[122.49879,10.480862],[122.494802,10.483466],[122.48585,10.493069],[122.482432,10.503363],[122.495128,10.508205],[122.507009,10.508002],[122.516856,10.509101],[122.523611,10.514106],[122.526134,10.52558],[122.529307,10.533271],[122.545909,10.540717],[122.553477,10.54914],[122.535004,10.55329],[122.527354,10.570136],[122.528575,10.591213],[122.536632,10.607489],[122.547862,10.622016],[122.564138,10.652574],[122.574555,10.665839],[122.590587,10.673774],[122.608572,10.677395],[122.62322,10.684475],[122.6338,10.722602],[122.644867,10.736274],[122.658458,10.748033],[122.670177,10.76203],[122.699718,10.740383],[122.711111,10.734687]]]}},{"type":"Feature","properties":{},"geometry":{"type":"Polygon","coordinates":[[[123.801036,11.179145],[123.811534,11.165269],[123.818044,11.154731],[123.814952,11.148017],[123.749685,11.141343],[123.745779,11.138821],[123.733653,11.154283],[123.708669,11.217841],[123.704845,11.241197],[123.708507,11.252427],[123.715831,11.264146],[123.732758,11.283759],[123.745779,11.292467],[123.754649,11.289537],[123.760916,11.278876],[123.789317,11.19892],[123.801036,11.179145]]]}},{"type":"Feature","properties":{},"geometry":{"type":"Polygon","coordinates":[[[119.867198,11.51557],[119.87615,11.479641],[119.869802,11.440619],[119.853526,11.404731],[119.832856,11.378363],[119.822032,11.387397],[119.820567,11.399604],[119.82545,11.413153],[119.832856,11.426174],[119.820649,11.426418],[119.803966,11.431627],[119.795421,11.43301],[119.789073,11.420356],[119.782074,11.411322],[119.770844,11.406317],[119.77003,11.410631],[119.763682,11.419827],[119.755138,11.4289],[119.747325,11.43301],[119.736095,11.437405],[119.730235,11.456448],[119.716156,11.460354],[119.728689,11.478013],[119.741384,11.469062],[119.755138,11.450832],[119.770844,11.440416],[119.781016,11.447699],[119.78419,11.464789],[119.785167,11.494452],[119.792735,11.484809],[119.802989,11.468004],[119.812511,11.460354],[119.817882,11.470038],[119.823578,11.472561],[119.828868,11.468899],[119.832856,11.460354],[119.840099,11.475653],[119.844493,11.490668],[119.841482,11.50259],[119.82602,11.508734],[119.83725,11.515611],[119.848399,11.520657],[119.858409,11.52143],[119.867198,11.51557]]]}},{"type":"Feature","properties":{},"geometry":{"type":"Polygon","coordinates":[[[120.02475,11.892971],[120.052582,11.871243],[120.073253,11.865302],[120.083263,11.860419],[120.076508,11.85814],[120.050059,11.854315],[120.048595,11.844428],[120.051768,11.831],[120.039073,11.816596],[120.039073,11.81037],[120.042979,11.808987],[120.052582,11.803616],[120.052582,11.81037],[120.062185,11.806301],[120.069998,11.801093],[120.075938,11.795233],[120.079926,11.789252],[120.060069,11.767483],[120.052582,11.761949],[120.067068,11.741767],[120.047048,11.70893],[120.014171,11.682115],[119.984386,11.68008],[119.96697,11.664374],[119.9546,11.680121],[119.950206,11.709377],[119.956391,11.734687],[119.9699,11.725531],[119.973969,11.720771],[119.977061,11.714179],[119.984386,11.714179],[119.982595,11.728583],[119.980968,11.734198],[119.977061,11.741441],[119.990489,11.754788],[120.00115,11.768622],[120.004893,11.782538],[119.998057,11.796088],[119.990245,11.790269],[119.985118,11.78974],[119.977061,11.796088],[119.97169,11.774807],[119.959239,11.765855],[119.943696,11.767035],[119.92921,11.77558],[119.921153,11.788316],[119.911876,11.816392],[119.901866,11.824042],[119.907481,11.827948],[119.916189,11.835191],[119.922374,11.837714],[119.911876,11.853949],[119.886078,11.878648],[119.874522,11.892971],[119.868012,11.906562],[119.854015,11.954413],[119.862315,11.952704],[119.867198,11.949693],[119.872406,11.947333],[119.880707,11.947577],[119.879161,11.945868],[119.882335,11.943345],[119.887462,11.941107],[119.891612,11.940131],[119.894786,11.942328],[119.895763,11.947252],[119.894786,11.952135],[119.891612,11.954413],[119.892833,11.962592],[119.904796,11.976874],[119.919688,11.981513],[119.92921,11.961168],[119.963878,11.940131],[119.959321,11.929999],[119.977061,11.926174],[120.021658,11.926459],[120.031423,11.924465],[120.031993,11.919908],[120.02589,11.915473],[120.003103,11.910061],[120.008067,11.902737],[120.019216,11.895575],[120.02475,11.892971]]]}},{"type":"Feature","properties":{},"geometry":{"type":"Polygon","coordinates":[[[122.687511,12.402818],[122.686778,12.388983],[122.670177,12.317532],[122.65919,12.305406],[122.642833,12.291938],[122.625336,12.280992],[122.611827,12.276516],[122.607188,12.279446],[122.591563,12.300116],[122.583018,12.30565],[122.562511,12.311103],[122.553477,12.317532],[122.528819,12.358466],[122.511974,12.377631],[122.488292,12.385728],[122.465099,12.388577],[122.446056,12.396674],[122.431895,12.409735],[122.423106,12.427395],[122.423025,12.462877],[122.444591,12.48371],[122.48113,12.493354],[122.594249,12.492621],[122.632091,12.484524],[122.643728,12.479478],[122.649181,12.473212],[122.655447,12.45246],[122.661388,12.439358],[122.6692,12.426215],[122.687511,12.402818]]]}},{"type":"Feature","properties":{},"geometry":{"type":"Polygon","coordinates":[[[123.787364,12.375556],[123.793305,12.355455],[123.79477,12.343329],[123.790538,12.337958],[123.782481,12.341132],[123.774913,12.349026],[123.769216,12.358954],[123.766856,12.36872],[123.762543,12.378079],[123.732677,12.406236],[123.583181,12.623928],[123.580251,12.63345],[123.581309,12.64643],[123.588145,12.64643],[123.597341,12.641343],[123.601817,12.654608],[123.604747,12.674018],[123.609223,12.687445],[123.618337,12.687323],[123.629568,12.677639],[123.646739,12.657131],[123.6963,12.628363],[123.704845,12.625393],[123.703868,12.618842],[123.700938,12.615424],[123.691173,12.611721],[123.704926,12.611721],[123.716563,12.608303],[123.725841,12.601467],[123.732677,12.591254],[123.727875,12.573635],[123.735688,12.553697],[123.747325,12.534491],[123.753184,12.519232],[123.756358,12.503485],[123.770518,12.471096],[123.781586,12.418687],[123.783946,12.413723],[123.789399,12.409125],[123.79005,12.398342],[123.787364,12.375556]]]}},{"type":"Feature","properties":{},"geometry":{"type":"Polygon","coordinates":[[[123.280284,12.864936],[123.286632,12.815009],[123.36085,12.736518],[123.375824,12.69359],[123.341075,12.718207],[123.273448,12.81094],[123.251964,12.832709],[123.238455,12.841498],[123.20102,12.848822],[123.185313,12.858466],[123.109874,12.923896],[123.102061,12.937567],[123.097911,12.93891],[123.080333,12.957221],[123.077891,12.961737],[123.069672,12.964789],[123.066091,12.971991],[123.063813,12.980862],[123.060557,12.988471],[123.035492,13.004381],[122.973888,13.018704],[122.950694,13.043687],[122.944102,13.099555],[122.944509,13.111314],[122.958263,13.120022],[122.975434,13.121894],[122.988943,13.128974],[122.992198,13.153551],[123.003917,13.150214],[123.0171,13.143622],[123.039806,13.128079],[123.049815,13.118476],[123.058849,13.107856],[123.074229,13.084662],[123.094574,13.043687],[123.118337,13.024604],[123.122081,13.019761],[123.125173,13.008043],[123.139334,12.983385],[123.142426,12.971381],[123.14503,12.968736],[123.160167,12.937567],[123.177013,12.922309],[123.201427,12.90644],[123.226573,12.898342],[123.246104,12.90648],[123.261974,12.897854],[123.268565,12.88817],[123.272634,12.877387],[123.280284,12.864936]]]}},{"type":"Feature","properties":{},"geometry":{"type":"Polygon","coordinates":[[[120.260916,13.711575],[120.269298,13.707343],[120.277192,13.706041],[120.283051,13.70246],[120.285411,13.691392],[120.268565,13.678697],[120.264334,13.673733],[120.257823,13.682115],[120.250824,13.693793],[120.243175,13.704047],[120.233897,13.708441],[120.219493,13.711249],[120.213634,13.718248],[120.210216,13.7272],[120.203461,13.735785],[120.192882,13.74258],[120.182791,13.746731],[120.171886,13.748847],[120.158865,13.749416],[120.152517,13.752631],[120.141124,13.76675],[120.108246,13.776842],[120.092296,13.794501],[120.082856,13.817939],[120.079926,13.842231],[120.081309,13.852932],[120.085704,13.860785],[120.093028,13.865302],[120.103689,13.866278],[120.118337,13.860826],[120.142833,13.8487],[120.164073,13.834906],[120.168712,13.82453],[120.18336,13.828803],[120.202647,13.824612],[120.222179,13.815416],[120.237641,13.804633],[120.271739,13.752509],[120.266775,13.741278],[120.257335,13.7331],[120.252696,13.724433],[120.260916,13.711575]]]}},{"type":"Feature","properties":{},"geometry":{"type":"Polygon","coordinates":[[[122.104747,14.102607],[122.14975,14.072699],[122.172699,14.053534],[122.183442,14.030585],[122.177013,14.007066],[122.158376,14.006781],[122.136078,14.019232],[122.098969,14.05036],[122.033376,14.092027],[121.993175,14.127631],[121.981456,14.133002],[121.96518,14.142971],[121.945811,14.165758],[121.929861,14.191148],[121.923513,14.208686],[121.926606,14.221259],[121.934337,14.229438],[121.945079,14.232611],[121.957774,14.229967],[121.964041,14.226142],[121.96811,14.221381],[121.975841,14.210435],[122.104747,14.102607]]]}},{"type":"Feature","properties":{},"geometry":{"type":"Polygon","coordinates":[[[122.005382,15.010688],[122.029063,15.009182],[122.048188,14.999457],[122.057872,14.983303],[122.053071,14.962226],[122.031505,14.987738],[122.020356,14.99372],[122.005382,14.99018],[121.995128,14.980129],[121.992686,14.969184],[121.996349,14.963528],[122.005382,14.969062],[122.013194,14.94481],[122.012869,14.932929],[122.003591,14.925238],[121.97169,14.905585],[121.96811,14.902574],[121.969574,14.897773],[121.971528,14.862047],[121.973643,14.852118],[121.978038,14.838772],[121.996593,14.841376],[122.0088,14.824612],[122.01588,14.799465],[122.02589,14.736314],[122.023692,14.722602],[122.004161,14.673651],[121.984874,14.656928],[121.961192,14.644761],[121.940196,14.640082],[121.916677,14.649075],[121.908702,14.670966],[121.91033,14.697821],[121.916026,14.722073],[121.934906,14.725775],[121.933849,14.76496],[121.919444,14.810248],[121.898936,14.831855],[121.883637,14.836412],[121.879161,14.848334],[121.881847,14.883694],[121.877452,14.894436],[121.855724,14.926947],[121.847667,14.935533],[121.831391,14.940579],[121.821788,14.940334],[121.81837,14.946031],[121.826427,15.012152],[121.833263,15.035305],[121.844249,15.045396],[121.874278,15.027777],[121.893728,15.024563],[121.902354,15.041693],[121.909923,15.050198],[121.927989,15.052232],[121.969412,15.047187],[121.984874,15.037991],[121.993826,15.042914],[122.005138,15.038642],[122.011241,15.027167],[122.005382,15.010688]]]}},{"type":"Feature","properties":{},"geometry":{"type":"Polygon","coordinates":[[[121.971202,18.984931],[121.983653,18.97484],[121.990896,18.961127],[121.989106,18.949123],[121.962576,18.938666],[121.942393,18.90998],[121.929698,18.895494],[121.895274,18.867662],[121.881033,18.850165],[121.875011,18.83039],[121.865733,18.821926],[121.847179,18.824368],[121.834158,18.834296],[121.840831,18.848334],[121.841075,18.86815],[121.861583,18.884019],[121.874848,18.900824],[121.853852,18.923489],[121.864106,18.934638],[121.871593,18.950629],[121.874685,18.965033],[121.871593,18.971259],[121.879161,18.975409],[121.892589,18.996487],[121.902354,19.005357],[121.90797,19.004584],[121.91505,19.000637],[121.920909,18.998114],[121.923513,19.002021],[121.926606,19.003892],[121.941661,19.010728],[121.946625,19.012193],[121.955821,19.008857],[121.960704,19.000963],[121.96461,18.991889],[121.971202,18.984931]]]}},{"type":"Feature","properties":{},"geometry":{"type":"Polygon","coordinates":[[[121.526134,19.320705],[121.537852,19.306789],[121.539806,19.303371],[121.540863,19.300116],[121.543305,19.295885],[121.545584,19.290269],[121.546723,19.282864],[121.543305,19.278876],[121.535167,19.278754],[121.52589,19.279731],[121.518728,19.27912],[121.512706,19.273993],[121.510102,19.267646],[121.506684,19.262152],[121.498302,19.259263],[121.470958,19.269232],[121.46461,19.27497],[121.42628,19.296536],[121.421153,19.297919],[121.41391,19.297593],[121.406016,19.298529],[121.398936,19.303371],[121.393565,19.311225],[121.381602,19.334377],[121.349864,19.370307],[121.350841,19.375922],[121.367686,19.377997],[121.378917,19.383734],[121.395763,19.403266],[121.452403,19.384345],[121.470958,19.382148],[121.488943,19.385932],[121.504242,19.392279],[121.516612,19.393541],[121.526134,19.38227],[121.526134,19.334866],[121.525157,19.331366],[121.524669,19.327867],[121.526134,19.320705]]]}},{"type":"Feature","properties":{},"geometry":{"type":"Polygon","coordinates":[[[113.846446,22.197089],[113.839203,22.204901],[113.837901,22.217963],[113.837332,22.228624],[113.839203,22.234198],[113.849213,22.234198],[113.849213,22.244127],[113.856781,22.245998],[113.856781,22.252265],[113.850597,22.256781],[113.851085,22.257107],[113.859874,22.263454],[113.866954,22.268988],[113.867605,22.270738],[113.876801,22.272284],[113.883962,22.279364],[113.892507,22.292711],[113.911306,22.292711],[113.921479,22.291856],[113.928396,22.284857],[113.93865,22.288723],[113.961925,22.301174],[113.976736,22.298082],[113.983735,22.309027],[113.992442,22.310574],[113.999522,22.322252],[114.017345,22.335517],[114.020518,22.328518],[114.043793,22.345771],[114.049327,22.342231],[114.054861,22.33633],[114.051768,22.328518],[114.050222,22.319932],[114.046153,22.323147],[114.038341,22.324571],[114.031423,22.324571],[114.029633,22.308987],[114.012706,22.311347],[114.012706,22.298082],[114.022146,22.301907],[114.017589,22.289049],[114.018891,22.264594],[114.004161,22.264594],[113.995372,22.267768],[114.007253,22.252102],[113.992442,22.241197],[114.014985,22.227078],[114.000173,22.216132],[113.981944,22.208238],[113.980642,22.215318],[113.980642,22.23725],[113.969086,22.23725],[113.959565,22.23725],[113.945649,22.23725],[113.928396,22.223985],[113.921479,22.223985],[113.918305,22.219224],[113.928396,22.216905],[113.928396,22.210761],[113.919119,22.205024],[113.906261,22.204006],[113.894054,22.215318],[113.892507,22.222398],[113.883962,22.219997],[113.873709,22.21308],[113.859141,22.201402],[113.846446,22.197089]]]}},{"type":"Feature","properties":{},"geometry":{"type":"Polygon","coordinates":[[[113.546759,22.741884],[113.559505,22.735],[113.563707,22.720303],[113.573204,22.700698],[113.575322,22.698734],[113.603939,22.684952],[113.635687,22.656475],[113.64511,22.625115],[113.641832,22.601624],[113.628015,22.595785],[113.60261,22.611521],[113.562427,22.655683],[113.525331,22.683182],[113.491368,22.705774],[113.476511,22.719514],[113.476539,22.731268],[113.50208,22.736112],[113.525501,22.744873],[113.546759,22.741884]]]}},{"type":"Feature","properties":{},"geometry":{"type":"Polygon","coordinates":[[[118.219493,5.855536],[118.233084,5.851142],[118.236095,5.841498],[118.230805,5.831936],[118.219493,5.827582],[118.213145,5.826606],[118.195486,5.820258],[118.18922,5.819729],[118.181895,5.820258],[118.172537,5.822821],[118.165538,5.827541],[118.163829,5.834418],[118.169932,5.843695],[118.181,5.851264],[118.193126,5.854682],[118.219493,5.855536]]]}},{"type":"Feature","properties":{},"geometry":{"type":"Polygon","coordinates":[[[121.252452,9.631171],[121.256847,9.627346],[121.257172,9.624457],[121.23463,9.594306],[121.223643,9.583319],[121.210948,9.575873],[121.213552,9.584377],[121.223643,9.605699],[121.228038,9.610053],[121.239106,9.614325],[121.244884,9.624416],[121.250011,9.635932],[121.258637,9.644843],[121.257823,9.638373],[121.256602,9.635565],[121.254731,9.633857],[121.252452,9.631171]]]}},{"type":"Feature","properties":{},"geometry":{"type":"Polygon","coordinates":[[[106.93629,10.439276],[106.957774,10.425605],[106.968923,10.416409],[106.977306,10.405178],[106.928477,10.3935],[106.908539,10.384711],[106.895274,10.370998],[106.88795,10.370998],[106.88795,10.389228],[106.883149,10.403022],[106.877452,10.414374],[106.874278,10.425605],[106.876964,10.443834],[106.892345,10.465277],[106.895274,10.480862],[106.88795,10.480862],[106.88795,10.46662],[106.879405,10.490058],[106.888357,10.504869],[106.906749,10.514309],[106.927501,10.521186],[106.94809,10.507025],[106.94337,10.47663],[106.922048,10.425605],[106.929454,10.425605],[106.93629,10.439276]]]}},{"type":"Feature","properties":{},"geometry":{"type":"Polygon","coordinates":[[[106.908946,10.532375],[106.903087,10.521877],[106.889903,10.525458],[106.875743,10.535102],[106.867442,10.542955],[106.865977,10.545966],[106.855968,10.561713],[106.85377,10.562812],[106.855968,10.571763],[106.865245,10.579779],[106.867442,10.586982],[106.871267,10.607652],[106.867931,10.617133],[106.85377,10.624905],[106.85377,10.631049],[106.864757,10.633979],[106.877696,10.635565],[106.88795,10.634467],[106.889659,10.627265],[106.912852,10.612047],[106.917817,10.603746],[106.922211,10.601264],[106.927013,10.599351],[106.929454,10.597561],[106.930186,10.590074],[106.927419,10.586127],[106.923839,10.583564],[106.922048,10.580227],[106.924571,10.569241],[106.928884,10.558336],[106.929698,10.549058],[106.922048,10.542955],[106.916759,10.546291],[106.910981,10.555976],[106.90211,10.576483],[106.895274,10.576483],[106.897797,10.564032],[106.906993,10.545722],[106.908946,10.532375]]]}},{"type":"Feature","properties":{},"geometry":{"type":"Polygon","coordinates":[[[119.632091,11.069892],[119.639822,11.057766],[119.645518,11.044094],[119.648692,11.029608],[119.64796,11.015286],[119.641287,11.015286],[119.635753,11.019517],[119.62908,11.018866],[119.62143,11.014635],[119.613129,11.00845],[119.608572,11.024563],[119.596934,11.034735],[119.585216,11.041205],[119.579763,11.045966],[119.576671,11.084052],[119.579763,11.097846],[119.620372,11.081244],[119.632091,11.069892]]]}},{"type":"Feature","properties":{},"geometry":{"type":"Polygon","coordinates":[[[119.613129,11.200263],[119.628429,11.190172],[119.632335,11.181627],[119.627696,11.173041],[119.609874,11.156724],[119.589529,11.141791],[119.583344,11.138821],[119.570079,11.144355],[119.567149,11.15705],[119.569591,11.170722],[119.572927,11.179145],[119.575531,11.178371],[119.593435,11.186591],[119.597667,11.190823],[119.600352,11.195136],[119.60434,11.198635],[119.613129,11.200263]]]}},{"type":"Feature","properties":{},"geometry":{"type":"Polygon","coordinates":[[[109.32838,12.221259],[109.336274,12.217963],[109.342133,12.213202],[109.346202,12.207424],[109.348888,12.200832],[109.344412,12.196967],[109.333507,12.189602],[109.32838,12.187161],[109.323009,12.193752],[109.31658,12.197496],[109.309093,12.19774],[109.300466,12.193996],[109.303396,12.191881],[109.304698,12.192043],[109.305675,12.191392],[109.307384,12.187161],[109.287608,12.188951],[109.269298,12.198676],[109.254568,12.211127],[109.245291,12.221259],[109.245291,12.228095],[109.251964,12.22602],[109.266368,12.223538],[109.273204,12.221259],[109.272797,12.224799],[109.273204,12.235541],[109.291515,12.228339],[109.32838,12.221259]]]}},{"type":"Feature","properties":{},"geometry":{"type":"Polygon","coordinates":[[[117.468901,23.75309],[117.504161,23.749905],[117.526661,23.740107],[117.516191,23.716278],[117.495942,23.72016],[117.484156,23.710793],[117.476543,23.689432],[117.479835,23.662678],[117.467219,23.657934],[117.444835,23.664944],[117.43267,23.660117],[117.421149,23.646464],[117.417766,23.627466],[117.415375,23.608222],[117.423839,23.601996],[117.431559,23.58263],[117.37446,23.572654],[117.320483,23.574016],[117.337819,23.596463],[117.369125,23.622357],[117.393728,23.679185],[117.386729,23.684882],[117.375499,23.689399],[117.363943,23.691474],[117.35613,23.689399],[117.346446,23.68476],[117.340505,23.688951],[117.342459,23.699652],[117.376689,23.728865],[117.375662,23.747301],[117.379242,23.746812],[117.372732,23.76675],[117.385916,23.774156],[117.404307,23.774156],[117.413585,23.771674],[117.41977,23.754299],[117.434825,23.750718],[117.447782,23.742252],[117.468901,23.75309]]]}},{"type":"Feature","properties":{},"geometry":{"type":"Polygon","coordinates":[[[107.80714,3.014879],[107.811694,3.0],[107.748653,3.0],[107.751231,3.01203],[107.77296,3.025295],[107.796235,3.025539],[107.80714,3.014879]]]}},{"type":"Feature","properties":{},"geometry":{"type":"Polygon","coordinates":[[[108.005138,4.772366],[108.012706,4.768134],[108.011974,4.760932],[108.007823,4.752631],[108.005138,4.745063],[108.000499,4.709133],[107.993419,4.691311],[107.981212,4.683661],[107.958995,4.684394],[107.946462,4.686713],[107.937348,4.691392],[107.935557,4.694525],[107.935313,4.698391],[107.936778,4.70307],[107.940603,4.708645],[107.951915,4.717678],[107.966645,4.726142],[107.979177,4.735989],[107.98463,4.748765],[107.986339,4.755805],[107.991222,4.763983],[107.997813,4.770453],[108.005138,4.772366]]]}},{"type":"Feature","properties":{},"geometry":{"type":"Polygon","coordinates":[[[106.498057,9.891181],[106.531016,9.857978],[106.544119,9.838039],[106.535655,9.829169],[106.521007,9.837714],[106.496837,9.87523],[106.468516,9.890286],[106.422374,9.932807],[106.422374,9.939032],[106.426931,9.936103],[106.442882,9.932807],[106.486013,9.902655],[106.498057,9.891181]]]}},{"type":"Feature","properties":{},"geometry":{"type":"Polygon","coordinates":[[[106.874278,10.460395],[106.858084,10.464301],[106.844493,10.469916],[106.832286,10.472398],[106.819591,10.46662],[106.825206,10.463853],[106.826671,10.463813],[106.828136,10.465237],[106.833263,10.46662],[106.848643,10.452541],[106.85963,10.431789],[106.858897,10.413072],[106.840099,10.405178],[106.816417,10.4147],[106.791677,10.437161],[106.770681,10.464301],[106.7588,10.487738],[106.755138,10.503607],[106.754731,10.51557],[106.7588,10.542955],[106.757498,10.543524],[106.755138,10.550523],[106.751964,10.566555],[106.755382,10.569648],[106.772146,10.572252],[106.778575,10.576483],[106.785899,10.601386],[106.778819,10.624457],[106.751964,10.665839],[106.77475,10.666083],[106.78419,10.662909],[106.793142,10.654446],[106.802257,10.639716],[106.808116,10.633612],[106.835297,10.626044],[106.84783,10.613837],[106.85377,10.598375],[106.85377,10.58393],[106.84669,10.577541],[106.842052,10.570746],[106.840099,10.559394],[106.842459,10.55508],[106.853526,10.539008],[106.857432,10.535468],[106.867686,10.528957],[106.871837,10.515204],[106.864431,10.502997],[106.840099,10.50137],[106.840099,10.494534],[106.855968,10.493801],[106.863943,10.486965],[106.874278,10.46662],[106.874278,10.460395]]]}},{"type":"Feature","properties":{},"geometry":{"type":"Polygon","coordinates":[[[110.595876,20.958726],[110.60613,20.953843],[110.617931,20.952379],[110.62794,20.948635],[110.632498,20.936672],[110.630382,20.925767],[110.624522,20.915188],[110.609548,20.897284],[110.589203,20.88349],[110.575694,20.888821],[110.563487,20.903469],[110.547537,20.917711],[110.57488,20.947455],[110.58961,20.959377],[110.602712,20.964911],[110.595876,20.958726]]]}},{"type":"Feature","properties":{},"geometry":{"type":"Polygon","coordinates":[[[107.525401,20.910305],[107.549571,20.956122],[107.553233,20.972357],[107.556407,20.969184],[107.557953,20.966051],[107.559418,20.958726],[107.553477,20.93594],[107.545177,20.919135],[107.497813,20.853176],[107.49171,20.842027],[107.48463,20.821723],[107.477224,20.814521],[107.463878,20.814114],[107.480235,20.849514],[107.481944,20.865383],[107.470714,20.876776],[107.470714,20.883002],[107.491466,20.883775],[107.505626,20.887397],[107.516124,20.895657],[107.525401,20.910305]]]}},{"type":"Feature","properties":{},"geometry":{"type":"Polygon","coordinates":[[[107.745128,21.020168],[107.758067,21.016588],[107.792817,20.992255],[107.792817,20.986029],[107.7824,20.989936],[107.779145,20.992255],[107.77296,20.992255],[107.778005,20.972602],[107.770763,20.957221],[107.756114,20.945705],[107.738292,20.937649],[107.757172,20.971015],[107.7588,20.982611],[107.753429,20.988674],[107.743419,20.994086],[107.737641,21.003241],[107.745128,21.020168]]]}},{"type":"Feature","properties":{},"geometry":{"type":"Polygon","coordinates":[[[107.621267,21.116034],[107.628266,21.120185],[107.632091,21.118842],[107.631847,21.111965],[107.595958,21.03913],[107.58961,21.008124],[107.5796,20.98314],[107.559418,20.986029],[107.570079,20.989936],[107.571462,20.996161],[107.568858,21.00495],[107.566905,21.01675],[107.570079,21.026679],[107.584158,21.0397],[107.587413,21.05093],[107.589041,21.07331],[107.591075,21.081773],[107.594249,21.089057],[107.597911,21.09398],[107.621267,21.116034]]]}},{"type":"Feature","properties":{},"geometry":{"type":"Polygon","coordinates":[[[107.813487,21.3605],[107.815603,21.3581],[107.818207,21.354071],[107.819347,21.350246],[107.817068,21.348538],[107.809337,21.347154],[107.711436,21.307563],[107.714366,21.310126],[107.725841,21.323472],[107.783946,21.35635],[107.800304,21.362454],[107.813487,21.3605]]]}},{"type":"Feature","properties":{},"geometry":{"type":"Polygon","coordinates":[[[107.868663,21.390082],[107.998302,21.403754],[107.998302,21.397528],[107.959483,21.373847],[107.944184,21.368109],[107.936209,21.37641],[107.929942,21.37641],[107.922374,21.372626],[107.854259,21.350409],[107.841156,21.348538],[107.843598,21.358832],[107.848155,21.370266],[107.853526,21.360256],[107.854991,21.355943],[107.859386,21.364081],[107.865245,21.370103],[107.872813,21.374213],[107.852224,21.375312],[107.826915,21.370266],[107.826915,21.37641],[107.860118,21.386217],[107.868663,21.390082]]]}},{"type":"Feature","properties":{},"geometry":{"type":"Polygon","coordinates":[[[121.563487,22.044623],[121.581065,22.032213],[121.588878,22.023505],[121.587657,22.013861],[121.566905,22.007758],[121.53891,22.018215],[121.513194,22.035061],[121.498302,22.048041],[121.502778,22.057563],[121.502615,22.066555],[121.49879,22.074774],[121.492035,22.08218],[121.56658,22.08218],[121.56658,22.075995],[121.564626,22.07217],[121.561371,22.063666],[121.560069,22.053534],[121.563487,22.044623]]]}},{"type":"Feature","properties":{},"geometry":{"type":"Polygon","coordinates":[[[123.002615,24.474311],[123.016368,24.469794],[123.01824,24.459296],[123.011078,24.447699],[122.998383,24.439521],[122.987804,24.443305],[122.94752,24.439521],[122.93865,24.444241],[122.938162,24.45482],[122.944591,24.466254],[122.955577,24.473131],[122.967947,24.471177],[123.002615,24.474311]]]}},{"type":"Feature","properties":{},"geometry":{"type":"Polygon","coordinates":[[[117.030528,8.068264],[117.020518,8.077867],[117.015391,8.088121],[117.009044,8.097154],[116.99586,8.103013],[117.02711,8.12873],[117.045421,8.13581],[117.057872,8.123481],[117.06837,8.09276],[117.068126,8.086249],[117.059418,8.081244],[117.049653,8.07982],[117.039806,8.077216],[117.030528,8.068264]]]}},{"type":"Feature","properties":{},"geometry":{"type":"Polygon","coordinates":[[[117.167735,8.178127],[117.189708,8.176744],[117.204845,8.166815],[117.20574,8.155504],[117.184825,8.150133],[117.161794,8.156724],[117.152354,8.170071],[117.154796,8.180406],[117.167735,8.178127]]]}},{"type":"Feature","properties":{},"geometry":{"type":"Polygon","coordinates":[[[117.242849,8.315253],[117.253429,8.321967],[117.260753,8.321112],[117.264496,8.313788],[117.263927,8.301011],[117.243337,8.282904],[117.21461,8.265123],[117.190115,8.26203],[117.181407,8.287991],[117.189464,8.299547],[117.242849,8.343207],[117.240896,8.330512],[117.239594,8.327216],[117.236013,8.32274],[117.242849,8.315253]]]}},{"type":"Feature","properties":{},"geometry":{"type":"Polygon","coordinates":[[[121.841645,20.346015],[121.859386,20.347357],[121.879405,20.333441],[121.89324,20.313666],[121.8921,20.297349],[121.869314,20.27619],[121.861827,20.273749],[121.850841,20.273424],[121.839203,20.320787],[121.837657,20.33393],[121.83839,20.340766],[121.841645,20.346015]]]}},{"type":"Feature","properties":{},"geometry":{"type":"Polygon","coordinates":[[[121.217459,5.820746],[121.229828,5.816148],[121.23463,5.810696],[121.23113,5.80093],[121.225271,5.799262],[121.197032,5.80093],[121.16212,5.787584],[121.146495,5.789537],[121.13502,5.807074],[121.13502,5.821519],[121.142263,5.833889],[121.15268,5.843085],[121.162852,5.848049],[121.179942,5.846747],[121.19516,5.840481],[121.207856,5.831204],[121.217459,5.820746]]]}},{"type":"Feature","properties":{},"geometry":{"type":"Polygon","coordinates":[[[121.628917,6.657416],[121.628917,6.588568],[121.623302,6.567532],[121.616384,6.561428],[121.610362,6.569566],[121.607921,6.59162],[121.601573,6.605455],[121.58961,6.620103],[121.58253,6.631659],[121.590831,6.636298],[121.599294,6.645657],[121.60727,6.662991],[121.61671,6.672268],[121.628917,6.657416]]]}},{"type":"Feature","properties":{},"geometry":{"type":"Polygon","coordinates":[[[121.406423,12.062445],[121.412852,12.047105],[121.416677,12.030219],[121.413829,12.014553],[121.401866,12.002834],[121.384288,12.000922],[121.371837,12.011135],[121.364268,12.02733],[121.36085,12.043158],[121.361583,12.050605],[121.367686,12.071031],[121.364594,12.081448],[121.358653,12.087836],[121.355642,12.094184],[121.36085,12.10456],[121.358572,12.112006],[121.358653,12.114691],[121.367686,12.110419],[121.406423,12.062445]]]}},{"type":"Feature","properties":{},"geometry":{"type":"Polygon","coordinates":[[[111.196544,15.775377],[111.194102,15.776109],[111.192882,15.778225],[111.1963,15.785712],[111.199392,15.789211],[111.20753,15.789293],[111.208507,15.786282],[111.20753,15.782172],[111.2046,15.779242],[111.196544,15.775377]]]}},{"type":"Feature","properties":{},"geometry":{"type":"Polygon","coordinates":[[[111.763357,16.043443],[111.753103,16.044664],[111.753429,16.047431],[111.761404,16.048651],[111.76588,16.045315],[111.763357,16.043443]]]}},{"type":"Feature","properties":{},"geometry":{"type":"Polygon","coordinates":[[[126.591156,5.557115],[126.598643,5.565375],[126.602875,5.564032],[126.599376,5.553616],[126.59547,5.548407],[126.591156,5.557115]]]}},{"type":"Feature","properties":{},"geometry":{"type":"Polygon","coordinates":[[[119.959727,8.880601],[119.960623,8.877102],[119.958344,8.877183],[119.959727,8.880601]]]}},{"type":"Feature","properties":{},"geometry":{"type":"Polygon","coordinates":[[[119.969249,8.880927],[119.968272,8.884101],[119.971934,8.882392],[119.971446,8.880927],[119.969249,8.880927]]]}},{"type":"Feature","properties":{},"geometry":{"type":"Polygon","coordinates":[[[119.965343,8.887193],[119.965668,8.887397],[119.966075,8.885688],[119.964854,8.884996],[119.964366,8.885647],[119.964203,8.885565],[119.963227,8.88703],[119.96518,8.887926],[119.965343,8.887193]]]}},{"type":"Feature","properties":{},"geometry":{"type":"Polygon","coordinates":[[[119.967784,8.891547],[119.968272,8.891791],[119.968516,8.890041],[119.967296,8.88935],[119.966807,8.889879],[119.965668,8.891425],[119.967621,8.892279],[119.967784,8.891547]]]}},{"type":"Feature","properties":{},"geometry":{"type":"Polygon","coordinates":[[[115.367198,10.237494],[115.365977,10.239163],[115.367931,10.239163],[115.367198,10.237494]]]}},{"type":"Feature","properties":{},"geometry":{"type":"Polygon","coordinates":[[[108.942556,10.551947],[108.958995,10.537543],[108.966156,10.517646],[108.960785,10.502875],[108.940196,10.504218],[108.930186,10.514553],[108.925955,10.530219],[108.929454,10.544827],[108.942556,10.551947]]]}},{"type":"Feature","properties":{},"geometry":{"type":"Polygon","coordinates":[[[121.723969,12.913967],[121.72047,12.913235],[121.717459,12.911078],[121.719249,12.907294],[121.722179,12.903632],[121.717784,12.899604],[121.711192,12.900377],[121.706716,12.905097],[121.703298,12.90412],[121.699067,12.905341],[121.691661,12.914455],[121.684744,12.920152],[121.682791,12.924384],[121.681814,12.935533],[121.68865,12.94717],[121.70045,12.950141],[121.714122,12.947333],[121.718272,12.947333],[121.725759,12.939887],[121.7317,12.928778],[121.729177,12.919135],[121.723969,12.913967]]]}},{"type":"Feature","properties":{},"geometry":{"type":"Polygon","coordinates":[[[121.088634,13.530341],[121.072113,13.535834],[121.043468,13.561225],[121.043468,13.567572],[121.05128,13.567776],[121.058116,13.56509],[121.066905,13.567206],[121.077485,13.572252],[121.085785,13.570624],[121.091319,13.562323],[121.094249,13.537055],[121.088634,13.530341]]]}},{"type":"Feature","properties":{},"geometry":{"type":"Polygon","coordinates":[[[109.100922,21.021186],[109.095958,21.02204],[109.090505,21.041938],[109.099864,21.060696],[109.122732,21.065416],[109.136241,21.051011],[109.127696,21.032172],[109.112559,21.027086],[109.105235,21.024482],[109.100922,21.021186]]]}},{"type":"Feature","properties":{},"geometry":{"type":"Polygon","coordinates":[[[121.936697,21.065619],[121.929698,21.064521],[121.934825,21.073228],[121.936697,21.065619]]]}},{"type":"Feature","properties":{},"geometry":{"type":"Polygon","coordinates":[[[121.947439,21.116156],[121.950694,21.122382],[121.954275,21.118394],[121.949067,21.106879],[121.947439,21.116156]]]}},{"type":"Feature","properties":{},"geometry":{"type":"Polygon","coordinates":[[[121.460704,22.659003],[121.455414,22.673814],[121.45753,22.67593],[121.495779,22.678534],[121.500011,22.676256],[121.502778,22.669501],[121.499766,22.655666],[121.496349,22.650051],[121.494965,22.644192],[121.496349,22.638495],[121.496104,22.63467],[121.493175,22.635403],[121.486583,22.635403],[121.483165,22.636135],[121.481456,22.638088],[121.471446,22.641791],[121.460704,22.659003]]]}},{"type":"Feature","properties":{},"geometry":{"type":"Polygon","coordinates":[[[127.130382,4.7744],[127.139171,4.766588],[127.145763,4.752183],[127.135997,4.740383],[127.123057,4.752509],[127.12143,4.7685],[127.124034,4.77204],[127.130382,4.7744]]]}},{"type":"Feature","properties":{},"geometry":{"type":"Polygon","coordinates":[[[119.830903,4.82095],[119.85377,4.808254],[119.857677,4.79857],[119.849783,4.796861],[119.833995,4.796617],[119.819347,4.80386],[119.812348,4.81684],[119.830903,4.82095]]]}},{"type":"Feature","properties":{},"geometry":{"type":"Polygon","coordinates":[[[119.836925,4.86286],[119.821056,4.862779],[119.798595,4.879788],[119.790375,4.905951],[119.793142,4.921861],[119.804373,4.927436],[119.815684,4.922431],[119.821462,4.91413],[119.842621,4.904853],[119.850759,4.887885],[119.849864,4.873277],[119.842052,4.865668],[119.836925,4.86286]]]}},{"type":"Feature","properties":{},"geometry":{"type":"Polygon","coordinates":[[[119.79656,5.057603],[119.792247,5.055894],[119.790294,5.053046],[119.786143,5.046332],[119.774669,5.041897],[119.752126,5.036078],[119.745779,5.044013],[119.748709,5.06269],[119.769298,5.097561],[119.78297,5.110989],[119.79835,5.121039],[119.806,5.118476],[119.805512,5.105048],[119.80714,5.093411],[119.810557,5.082465],[119.812511,5.069892],[119.807953,5.058661],[119.801036,5.055162],[119.79656,5.057603]]]}},{"type":"Feature","properties":{},"geometry":{"type":"Polygon","coordinates":[[[120.860118,5.703843],[120.879242,5.694078],[120.88266,5.685289],[120.873709,5.682929],[120.860118,5.675849],[120.838878,5.668647],[120.819998,5.667182],[120.808116,5.664293],[120.799327,5.667629],[120.796641,5.678616],[120.807384,5.695705],[120.833018,5.706773],[120.848643,5.706977],[120.860118,5.703843]]]}},{"type":"Feature","properties":{},"geometry":{"type":"Polygon","coordinates":[[[120.904307,5.759101],[120.916189,5.753241],[120.929373,5.733222],[120.924327,5.711737],[120.909923,5.700019],[120.89088,5.709784],[120.892345,5.741441],[120.904307,5.759101]]]}},{"type":"Feature","properties":{},"geometry":{"type":"Polygon","coordinates":[[[114.37322,9.687649],[114.374685,9.689765],[114.378673,9.692694],[114.381033,9.692206],[114.381847,9.690172],[114.381847,9.689643],[114.38087,9.686225],[114.376475,9.680121],[114.373383,9.679511],[114.370616,9.681383],[114.37086,9.684149],[114.37322,9.687649]]]}},{"type":"Feature","properties":{},"geometry":{"type":"Polygon","coordinates":[[[114.029633,10.011868],[114.02768,10.015123],[114.029307,10.017401],[114.037771,10.021064],[114.04005,10.019477],[114.033946,10.012397],[114.029633,10.011868]]]}},{"type":"Feature","properties":{},"geometry":{"type":"Polygon","coordinates":[[[124.606944,10.140326],[124.595714,10.123521],[124.595388,10.108547],[124.597667,10.094184],[124.588878,10.086249],[124.575694,10.090237],[124.561046,10.085842],[124.550059,10.069037],[124.540375,10.060858],[124.529552,10.068549],[124.525401,10.078803],[124.525401,10.087226],[124.522797,10.098456],[124.521821,10.112047],[124.527599,10.117336],[124.535655,10.114691],[124.542247,10.115953],[124.546886,10.122056],[124.551768,10.126776],[124.557628,10.126044],[124.567231,10.127672],[124.580089,10.136705],[124.586274,10.142239],[124.592784,10.145168],[124.606212,10.14761],[124.606944,10.140326]]]}},{"type":"Feature","properties":{},"geometry":{"type":"Polygon","coordinates":[[[114.365408,10.175482],[114.360362,10.176256],[114.358653,10.179348],[114.358897,10.183417],[114.363048,10.187079],[114.365977,10.187201],[114.369802,10.183905],[114.371267,10.180487],[114.365408,10.175482]]]}},{"type":"Feature","properties":{},"geometry":{"type":"Polygon","coordinates":[[[114.464203,10.367377],[114.461681,10.372016],[114.46461,10.377997],[114.46697,10.378363],[114.469737,10.376654],[114.470958,10.372301],[114.468435,10.367743],[114.464203,10.367377]]]}},{"type":"Feature","properties":{},"geometry":{"type":"Polygon","coordinates":[[[114.36378,10.367865],[114.358897,10.372545],[114.358165,10.377427],[114.360362,10.378567],[114.366384,10.37401],[114.367849,10.370836],[114.366954,10.368069],[114.36378,10.367865]]]}},{"type":"Feature","properties":{},"geometry":{"type":"Polygon","coordinates":[[[114.454845,10.388332],[114.450206,10.389797],[114.449962,10.394436],[114.451915,10.396633],[114.454926,10.397203],[114.458344,10.395819],[114.459809,10.392727],[114.454845,10.388332]]]}},{"type":"Feature","properties":{},"geometry":{"type":"Polygon","coordinates":[[[115.830577,10.734605],[115.831391,10.734198],[115.833995,10.729438],[115.832693,10.727729],[115.830414,10.727444],[115.824962,10.726752],[115.81837,10.720852],[115.814626,10.723334],[115.812836,10.727688],[115.814626,10.73432],[115.817882,10.735093],[115.828136,10.735989],[115.830577,10.734605]]]}},{"type":"Feature","properties":{},"geometry":{"type":"Polygon","coordinates":[[[115.840343,10.823188],[115.833751,10.824042],[115.830251,10.827704],[115.8296,10.831773],[115.831228,10.833441],[115.841482,10.832709],[115.844737,10.831285],[115.845225,10.831204],[115.848806,10.826402],[115.846934,10.823391],[115.845714,10.822414],[115.840343,10.823188]]]}},{"type":"Feature","properties":{},"geometry":{"type":"Polygon","coordinates":[[[114.278575,11.040432],[114.271658,11.043524],[114.272227,11.045844],[114.278575,11.050035],[114.282725,11.050686],[114.286876,11.046617],[114.283051,11.041002],[114.278575,11.040432]]]}},{"type":"Feature","properties":{},"geometry":{"type":"Polygon","coordinates":[[[115.018403,11.107123],[115.013845,11.107652],[115.009125,11.113227],[115.010102,11.115912],[115.01238,11.115302],[115.020763,11.117987],[115.021658,11.114569],[115.020356,11.10928],[115.018403,11.107123]]]}},{"type":"Feature","properties":{},"geometry":{"type":"Polygon","coordinates":[[[121.474132,11.866848],[121.510509,11.855943],[121.526052,11.846584],[121.517426,11.837714],[121.495372,11.827826],[121.472911,11.827379],[121.455821,11.831732],[121.445486,11.836127],[121.439952,11.836737],[121.435069,11.839057],[121.430919,11.843451],[121.42628,11.842434],[121.417979,11.837795],[121.412608,11.840277],[121.415701,11.849514],[121.425629,11.861233],[121.442882,11.867987],[121.452973,11.868313],[121.474132,11.866848]]]}},{"type":"Feature","properties":{},"geometry":{"type":"Polygon","coordinates":[[[124.206228,12.081244],[124.228038,12.073676],[124.229259,12.063625],[124.209321,12.06094],[124.198578,12.052639],[124.178477,12.039618],[124.164317,12.037746],[124.150238,12.04385],[124.146251,12.053046],[124.153331,12.065131],[124.165375,12.075426],[124.181977,12.080146],[124.206228,12.081244]]]}},{"type":"Feature","properties":{},"geometry":{"type":"Polygon","coordinates":[[[124.16863,12.398139],[124.149099,12.4147],[124.137462,12.437567],[124.1338,12.459418],[124.133556,12.470771],[124.142589,12.468695],[124.160492,12.456041],[124.176606,12.432685],[124.181977,12.406928],[124.16863,12.398139]]]}},{"type":"Feature","properties":{},"geometry":{"type":"Polygon","coordinates":[[[109.393403,12.601874],[109.401134,12.58275],[109.40504,12.570787],[109.400238,12.557929],[109.383962,12.563056],[109.347423,12.588202],[109.341563,12.59634],[109.33546,12.603258],[109.323253,12.606391],[109.312022,12.614325],[109.320323,12.627997],[109.346202,12.631049],[109.368907,12.627753],[109.383149,12.623725],[109.390391,12.613511],[109.393403,12.601874]]]}},{"type":"Feature","properties":{},"geometry":{"type":"Polygon","coordinates":[[[123.801524,13.366034],[123.775157,13.391588],[123.771658,13.40351],[123.787364,13.399075],[123.80421,13.391547],[123.820486,13.380276],[123.827485,13.373114],[123.833018,13.373236],[123.842947,13.371812],[123.845551,13.367825],[123.834727,13.355902],[123.82309,13.351955],[123.801524,13.366034]]]}},{"type":"Feature","properties":{},"geometry":{"type":"Polygon","coordinates":[[[122.411794,14.725816],[122.418468,14.719957],[122.419607,14.705146],[122.397797,14.685858],[122.374848,14.681464],[122.354015,14.679511],[122.319347,14.683498],[122.316417,14.69892],[122.341563,14.712592],[122.364268,14.720608],[122.380626,14.728705],[122.396983,14.732245],[122.411794,14.725816]]]}},{"type":"Feature","properties":{},"geometry":{"type":"Polygon","coordinates":[[[111.600108,16.527289],[111.599864,16.527493],[111.600841,16.531968],[111.602875,16.533352],[111.605724,16.533515],[111.608165,16.531806],[111.60963,16.528266],[111.608897,16.527248],[111.606293,16.524237],[111.602794,16.524644],[111.600108,16.527289]]]}},{"type":"Feature","properties":{},"geometry":{"type":"Polygon","coordinates":[[[112.735037,16.657945],[112.730154,16.660224],[112.725271,16.666205],[112.726248,16.669013],[112.72877,16.669257],[112.733409,16.666083],[112.736827,16.660224],[112.735037,16.657945]]]}},{"type":"Feature","properties":{},"geometry":{"type":"Polygon","coordinates":[[[112.333181,16.825019],[112.327159,16.829739],[112.325938,16.833238],[112.327891,16.837104],[112.330577,16.837633],[112.33546,16.832587],[112.33725,16.828437],[112.333181,16.825019]]]}},{"type":"Feature","properties":{},"geometry":{"type":"Polygon","coordinates":[[[112.333669,16.933254],[112.336681,16.932115],[112.337087,16.932034],[112.337576,16.931342],[112.341075,16.926988],[112.340505,16.92357],[112.33546,16.923814],[112.333669,16.926418],[112.333669,16.933254]]]}},{"type":"Feature","properties":{},"geometry":{"type":"Polygon","coordinates":[[[110.471365,20.647366],[110.476329,20.631578],[110.478038,20.610785],[110.475841,20.595933],[110.471202,20.592597],[110.464854,20.590766],[110.457286,20.586859],[110.451671,20.589179],[110.44809,20.596259],[110.43922,20.629462],[110.435802,20.638495],[110.426606,20.64289],[110.417654,20.654771],[110.422048,20.662258],[110.430024,20.662014],[110.43336,20.663764],[110.43336,20.667426],[110.437022,20.667914],[110.442638,20.66352],[110.44752,20.658352],[110.462738,20.654771],[110.471365,20.647366]]]}},{"type":"Feature","properties":{},"geometry":{"type":"Polygon","coordinates":[[[107.36964,20.825914],[107.381196,20.818915],[107.384451,20.812812],[107.383556,20.799302],[107.380219,20.797553],[107.375255,20.803941],[107.368907,20.807196],[107.36085,20.805894],[107.350271,20.81094],[107.342133,20.828437],[107.341075,20.842597],[107.344981,20.842515],[107.357107,20.829332],[107.36964,20.825914]]]}},{"type":"Feature","properties":{},"geometry":{"type":"Polygon","coordinates":[[[107.382172,20.887885],[107.392345,20.88467],[107.395193,20.878567],[107.392751,20.874579],[107.389903,20.871772],[107.389903,20.869534],[107.389985,20.867418],[107.387869,20.864976],[107.374522,20.85932],[107.367686,20.858385],[107.361095,20.859687],[107.354177,20.864732],[107.343516,20.877346],[107.340587,20.875393],[107.33546,20.876939],[107.33253,20.883287],[107.333832,20.888251],[107.339203,20.890367],[107.346039,20.88817],[107.351329,20.885932],[107.355479,20.887112],[107.365977,20.888414],[107.382172,20.887885]]]}},{"type":"Feature","properties":{},"geometry":{"type":"Polygon","coordinates":[[[107.825694,21.02497],[107.842133,21.03559],[107.856293,21.033271],[107.852794,21.019924],[107.844412,21.011868],[107.827403,20.989081],[107.817719,20.988267],[107.81658,21.005845],[107.825694,21.02497]]]}},{"type":"Feature","properties":{},"geometry":{"type":"Polygon","coordinates":[[[113.278005,21.925035],[113.280935,21.922838],[113.285655,21.918118],[113.283702,21.91352],[113.278656,21.907375],[113.275157,21.897528],[113.267751,21.886461],[113.258474,21.880439],[113.250743,21.883205],[113.23463,21.893459],[113.229747,21.898749],[113.225841,21.900824],[113.22169,21.91413],[113.2317,21.934475],[113.247732,21.943183],[113.25766,21.946601],[113.267833,21.943305],[113.275157,21.931545],[113.278005,21.925035]]]}},{"type":"Feature","properties":{},"geometry":{"type":"Polygon","coordinates":[[[113.771747,22.000343],[113.775921,21.985859],[113.764477,21.966818],[113.748206,21.972788],[113.739056,21.985973],[113.736279,21.997162],[113.745502,21.997795],[113.756859,22.00039],[113.771747,22.000343]]]}},{"type":"Feature","properties":{},"geometry":{"type":"Polygon","coordinates":[[[114.306814,22.057196],[114.305349,22.050279],[114.302501,22.044867],[114.222423,22.021674],[114.206716,22.025784],[114.216807,22.032172],[114.271658,22.050523],[114.28297,22.052558],[114.292979,22.057807],[114.295421,22.062812],[114.298595,22.067125],[114.30421,22.069281],[114.310069,22.06859],[114.309337,22.062567],[114.306814,22.057196]]]}},{"type":"Feature","properties":{},"geometry":{"type":"Polygon","coordinates":[[[113.473481,22.098538],[113.465994,22.101508],[113.464854,22.10814],[113.471528,22.114081],[113.518891,22.127265],[113.52711,22.125881],[113.532725,22.120307],[113.530935,22.112942],[113.52711,22.106106],[113.532563,22.095364],[113.547618,22.092597],[113.53891,22.082099],[113.484711,22.071357],[113.470225,22.077623],[113.473969,22.088121],[113.473481,22.098538]]]}},{"type":"Feature","properties":{},"geometry":{"type":"Polygon","coordinates":[[[114.13738,22.178778],[114.11085,22.177069],[114.114106,22.185736],[114.114106,22.216132],[114.104259,22.215969],[114.106375,22.222398],[114.1067,22.235785],[114.113292,22.233344],[114.117442,22.221869],[114.125743,22.213446],[114.132823,22.216132],[114.132823,22.209947],[114.125743,22.205227],[114.138194,22.206041],[114.149669,22.206041],[114.154633,22.203599],[114.143077,22.196112],[114.139089,22.191107],[114.145356,22.178697],[114.13738,22.178778]]]}},{"type":"Feature","properties":{},"geometry":{"type":"Polygon","coordinates":[[[113.623379,22.439872],[113.634883,22.438045],[113.649595,22.438566],[113.65787,22.432023],[113.657825,22.423751],[113.653293,22.413728],[113.642422,22.411421],[113.642347,22.40019],[113.631449,22.396102],[113.621187,22.391419],[113.612272,22.397962],[113.610441,22.413337],[113.611816,22.43047],[113.623379,22.439872]]]}},{"type":"Feature","properties":{},"geometry":{"type":"Polygon","coordinates":[[[113.52921,22.960354],[113.529186,22.948594],[113.54514,22.937762],[113.553599,22.911281],[113.553542,22.885811],[113.545014,22.879961],[113.523757,22.896679],[113.50996,22.921216],[113.505754,22.951609],[113.515376,22.96922],[113.52921,22.960354]]]}},{"type":"Feature","properties":{},"geometry":{"type":"Polygon","coordinates":[[[120.021861,23.451644],[120.074932,23.500818],[120.115251,23.547912],[120.12477,23.550454],[120.090301,23.499396],[120.07345,23.483814],[120.062272,23.471279],[120.047912,23.458085],[120.036595,23.450809],[120.019542,23.438381],[120.007656,23.432594],[120.021861,23.451644]]]}},{"type":"Feature","properties":{},"geometry":{"type":"Polygon","coordinates":[[[116.995616,23.563544],[117.005138,23.562934],[117.009288,23.554999],[117.003673,23.54621],[116.99586,23.53852],[116.992931,23.533881],[116.987804,23.524115],[116.970958,23.514635],[116.950938,23.517401],[116.937266,23.526272],[116.936046,23.535549],[116.946544,23.539455],[116.957774,23.544908],[116.96754,23.554348],[116.974376,23.559394],[116.978526,23.559272],[116.98585,23.560452],[116.995616,23.563544]]]}},{"type":"Feature","properties":{},"geometry":{"type":"Polygon","coordinates":[[[125.202891,24.846259],[125.210785,24.836982],[125.217052,24.816596],[125.205251,24.804999],[125.168142,24.800971],[125.150645,24.804348],[125.140147,24.816392],[125.141124,24.828599],[125.149669,24.831936],[125.157563,24.833808],[125.159679,24.844428],[125.163585,24.854641],[125.177013,24.856391],[125.194509,24.850287],[125.202891,24.846259]]]}},{"type":"Feature","properties":{},"geometry":{"type":"Polygon","coordinates":[[[125.990245,9.685736],[126.001475,9.676744],[125.997569,9.656073],[125.980235,9.617499],[125.985118,9.605658],[125.984141,9.589504],[125.978526,9.575181],[125.969412,9.569078],[125.953949,9.56566],[125.946951,9.56623],[125.952891,9.581977],[125.9463,9.587592],[125.935232,9.589911],[125.925059,9.589545],[125.925059,9.596381],[125.935313,9.596015],[125.938731,9.596381],[125.938731,9.603827],[125.918142,9.617499],[125.918142,9.610053],[125.915538,9.618964],[125.916515,9.629136],[125.925059,9.651028],[125.929698,9.657945],[125.933604,9.660386],[125.936697,9.66356],[125.938731,9.672756],[125.938975,9.681342],[125.937511,9.692532],[125.938731,9.699408],[125.928884,9.715074],[125.927257,9.738715],[125.934825,9.759914],[125.952403,9.768297],[125.958018,9.761379],[125.960216,9.755805],[125.959727,9.747219],[125.969086,9.751939],[125.97283,9.754625],[125.97462,9.738349],[125.972911,9.715277],[125.975434,9.694648],[125.990245,9.685736]]]}},{"type":"Feature","properties":{},"geometry":{"type":"Polygon","coordinates":[[[107.172048,10.464586],[107.202647,10.438056],[107.211192,10.425605],[107.205577,10.428168],[107.20281,10.4289],[107.200694,10.429877],[107.197032,10.433051],[107.190196,10.433051],[107.187755,10.42064],[107.180512,10.415432],[107.173106,10.411119],[107.165863,10.391099],[107.156749,10.385484],[107.135509,10.378485],[107.121593,10.365912],[107.100597,10.33515],[107.087169,10.323188],[107.073741,10.372626],[107.079356,10.391018],[107.119884,10.401313],[107.149669,10.416571],[107.156016,10.422512],[107.156749,10.432847],[107.159434,10.445624],[107.164236,10.457343],[107.172048,10.464586]]]}},{"type":"Feature","properties":{},"geometry":{"type":"Polygon","coordinates":[[[124.379731,10.691311],[124.385265,10.679755],[124.388357,10.667141],[124.389985,10.641303],[124.378429,10.628323],[124.300629,10.590074],[124.284353,10.603827],[124.288829,10.616929],[124.301117,10.631171],[124.308116,10.648424],[124.309581,10.66234],[124.313731,10.677802],[124.319835,10.692369],[124.327647,10.704006],[124.340994,10.711819],[124.355479,10.710639],[124.369151,10.70307],[124.379731,10.691311]]]}},{"type":"Feature","properties":{},"geometry":{"type":"Polygon","coordinates":[[[112.645356,21.712836],[112.654552,21.698472],[112.651378,21.6883],[112.643321,21.678168],[112.63795,21.664455],[112.649913,21.649319],[112.650401,21.640448],[112.62379,21.633287],[112.616466,21.619208],[112.607188,21.616034],[112.579926,21.615546],[112.567149,21.617621],[112.555919,21.62344],[112.549083,21.6164],[112.539236,21.598944],[112.534923,21.595526],[112.525401,21.598863],[112.519298,21.606676],[112.51824,21.616767],[112.524262,21.626899],[112.559825,21.648383],[112.567882,21.660631],[112.555919,21.678127],[112.57781,21.68301],[112.620128,21.704495],[112.645356,21.712836]]]}},{"type":"Feature","properties":{},"geometry":{"type":"Polygon","coordinates":[[[113.593516,22.784817],[113.602875,22.772447],[113.602794,22.762641],[113.594574,22.75609],[113.579845,22.75373],[113.558279,22.75788],[113.544607,22.768785],[113.535655,22.784329],[113.528575,22.802151],[113.521169,22.787909],[113.506114,22.798041],[113.495291,22.81387],[113.480805,22.849311],[113.473969,22.849311],[113.473155,22.825385],[113.455903,22.830756],[113.434093,22.849066],[113.40211,22.88288],[113.396169,22.898098],[113.405121,22.908108],[113.432953,22.912014],[113.475597,22.900702],[113.487804,22.892808],[113.527029,22.846625],[113.546723,22.834866],[113.573009,22.830064],[113.576427,22.82392],[113.587657,22.794623],[113.593516,22.784817]]]}},{"type":"Feature","properties":{},"geometry":{"type":"Polygon","coordinates":[[[108.854224,3.0],[108.855724,3.003363],[108.881358,3.002997],[108.883925,3.0],[108.854224,3.0]]]}},{"type":"Feature","properties":{},"geometry":{"type":"Polygon","coordinates":[[[106.662608,8.739814],[106.639171,8.737454],[106.639496,8.726467],[106.649669,8.711859],[106.655772,8.698879],[106.643077,8.703803],[106.632579,8.703274],[106.622569,8.700507],[106.611095,8.698879],[106.602306,8.694729],[106.600434,8.684963],[106.601085,8.673651],[106.600434,8.66474],[106.601329,8.660142],[106.603038,8.655707],[106.599294,8.652411],[106.583344,8.651068],[106.57838,8.655463],[106.562755,8.675727],[106.559581,8.68183],[106.570974,8.705959],[106.597992,8.732327],[106.630626,8.754584],[106.658376,8.766669],[106.662608,8.765082],[106.666026,8.76317],[106.668224,8.759711],[106.668712,8.753485],[106.665863,8.752875],[106.655772,8.753485],[106.660818,8.747382],[106.661794,8.744452],[106.662608,8.739814]]]}},{"type":"Feature","properties":{},"geometry":{"type":"Polygon","coordinates":[[[106.840099,20.879869],[106.845551,20.866034],[106.881602,20.821519],[106.886485,20.796129],[106.873546,20.789537],[106.856212,20.792873],[106.847504,20.797309],[106.84254,20.813625],[106.82252,20.853502],[106.819591,20.876776],[106.81422,20.868109],[106.812673,20.85932],[106.814626,20.850531],[106.819591,20.842027],[106.812185,20.842027],[106.799327,20.849677],[106.783865,20.852362],[106.770681,20.858588],[106.765636,20.876776],[106.773611,20.904975],[106.785411,20.930813],[106.824555,20.915188],[106.835948,20.902411],[106.840099,20.879869]]]}},{"type":"Feature","properties":{},"geometry":{"type":"Polygon","coordinates":[[[107.532725,21.020168],[107.546397,21.034898],[107.552257,21.038235],[107.55836,21.034735],[107.554535,21.021552],[107.539073,20.986029],[107.528819,20.950914],[107.522227,20.936428],[107.511729,20.923977],[107.497569,20.916327],[107.481456,20.912543],[107.457042,20.910305],[107.41212,20.899482],[107.39503,20.897284],[107.39503,20.90351],[107.424327,20.915351],[107.451182,20.929999],[107.474294,20.946723],[107.49171,20.964911],[107.489024,20.97606],[107.492442,20.991441],[107.504731,21.020168],[107.509044,21.017401],[107.519786,21.013373],[107.522634,21.022284],[107.532725,21.040595],[107.532725,21.020168]]]}},{"type":"Feature","properties":{},"geometry":{"type":"Polygon","coordinates":[[[118.09254,24.55622],[118.112071,24.5456],[118.137869,24.536526],[118.163097,24.531968],[118.181407,24.535102],[118.182302,24.52265],[118.189301,24.503079],[118.188731,24.494127],[118.180837,24.483466],[118.171641,24.478461],[118.16391,24.47191],[118.160818,24.456936],[118.153819,24.437079],[118.136485,24.429267],[118.114024,24.430609],[118.092052,24.438463],[118.081065,24.445217],[118.073416,24.452704],[118.069998,24.460273],[118.072032,24.467475],[118.081554,24.472602],[118.093435,24.474677],[118.103038,24.479885],[118.106212,24.494127],[118.082286,24.482327],[118.074718,24.483954],[118.072032,24.49787],[118.075206,24.512152],[118.089366,24.538398],[118.09254,24.55622]]]}},{"type":"Feature","properties":{},"geometry":{"type":"Polygon","coordinates":[[[126.743993,3.853385],[126.780266,3.843554],[126.811588,3.823866],[126.833005,3.795959],[126.842886,3.77954],[126.856057,3.758195],[126.837915,3.743391],[126.81153,3.731862],[126.765382,3.772892],[126.739012,3.823801],[126.743993,3.853385]]]}},{"type":"Feature","properties":{},"geometry":{"type":"Polygon","coordinates":[[[122.279633,12.605455],[122.296886,12.57392],[122.31129,12.536689],[122.309825,12.501125],[122.279633,12.474514],[122.263682,12.493232],[122.254649,12.511176],[122.25115,12.52969],[122.25172,12.550238],[122.250743,12.554185],[122.24822,12.559027],[122.24586,12.564602],[122.245616,12.570746],[122.24822,12.575873],[122.255707,12.578843],[122.259288,12.583726],[122.26588,12.604804],[122.271007,12.613105],[122.279633,12.619127],[122.279633,12.605455]]]}},{"type":"Feature","properties":{},"geometry":{"type":"Polygon","coordinates":[[[121.210948,19.176703],[121.219737,19.17178],[121.225841,19.166205],[121.229828,19.159247],[121.238536,19.118394],[121.252208,19.081285],[121.258962,19.045722],[121.244965,19.018459],[121.209239,19.050238],[121.196788,19.065497],[121.190278,19.087348],[121.192393,19.111721],[121.208181,19.153795],[121.210948,19.176703]]]}},{"type":"Feature","properties":{},"geometry":{"type":"Polygon","coordinates":[[[122.009776,20.488471],[122.019298,20.486477],[122.027599,20.481147],[122.032725,20.473456],[122.0324,20.464057],[122.026541,20.455797],[121.991222,20.432359],[121.968761,20.413398],[121.963715,20.406643],[121.966156,20.393541],[121.970876,20.386054],[121.973888,20.379299],[121.971202,20.368476],[121.958018,20.354967],[121.938975,20.3487],[121.92213,20.354153],[121.916026,20.375922],[121.922374,20.393297],[121.963715,20.451606],[121.965994,20.460639],[121.980235,20.472968],[121.997895,20.483873],[122.009776,20.488471]]]}},{"type":"Feature","properties":{},"geometry":{"type":"Polygon","coordinates":[[[121.877208,20.770331],[121.867686,20.744289],[121.851736,20.718573],[121.829845,20.698961],[121.803396,20.691148],[121.786388,20.70307],[121.791189,20.730048],[121.805431,20.758979],[121.823741,20.786811],[121.837657,20.820258],[121.845876,20.831366],[121.855805,20.838324],[121.865977,20.838202],[121.874848,20.827826],[121.879242,20.814032],[121.880707,20.799384],[121.879893,20.784491],[121.877208,20.770331]]]}},{"type":"Feature","properties":{},"geometry":{"type":"Polygon","coordinates":[[[119.64796,23.603461],[119.665782,23.57331],[119.670665,23.559231],[119.668468,23.548814],[119.661143,23.555732],[119.651378,23.561591],[119.640636,23.563544],[119.625662,23.555813],[119.615001,23.554633],[119.609711,23.551947],[119.606781,23.54682],[119.602712,23.53262],[119.600108,23.528388],[119.582367,23.518948],[119.563975,23.516588],[119.545584,23.523098],[119.52711,23.539984],[119.531993,23.548814],[119.542166,23.537584],[119.557384,23.534613],[119.573741,23.538764],[119.587169,23.548814],[119.577891,23.551988],[119.570567,23.556057],[119.564626,23.561672],[119.559255,23.569322],[119.55714,23.566107],[119.55714,23.565009],[119.556407,23.564399],[119.552419,23.562486],[119.551524,23.576483],[119.552419,23.590399],[119.559255,23.590399],[119.567231,23.588528],[119.59547,23.604722],[119.613129,23.610297],[119.608409,23.594875],[119.606293,23.590399],[119.621593,23.594672],[119.633311,23.593492],[119.641856,23.594062],[119.64796,23.603461]]]}},{"type":"Feature","properties":{},"geometry":{"type":"Polygon","coordinates":[[[119.477061,23.603461],[119.489431,23.639635],[119.501313,23.650377],[119.517345,23.6376],[119.507823,23.632392],[119.501231,23.619818],[119.490733,23.590399],[119.490245,23.582465],[119.492849,23.575751],[119.49171,23.571031],[119.480235,23.569322],[119.471934,23.569037],[119.466075,23.568061],[119.461192,23.565985],[119.456554,23.562486],[119.442393,23.562486],[119.444835,23.56977],[119.449474,23.574123],[119.456554,23.576158],[119.466156,23.576809],[119.474457,23.579739],[119.476817,23.586819],[119.477061,23.603461]]]}},{"type":"Feature","properties":{},"geometry":{"type":"Polygon","coordinates":[[[119.572602,23.627672],[119.569347,23.639716],[119.561778,23.649848],[119.545258,23.664944],[119.566417,23.679185],[119.578868,23.673082],[119.591075,23.66352],[119.596202,23.653266],[119.586925,23.645006],[119.590668,23.632799],[119.585134,23.624742],[119.576834,23.622504],[119.572602,23.627672]]]}},{"type":"Feature","properties":{},"geometry":{"type":"Polygon","coordinates":[[[114.215587,22.285631],[114.221772,22.279364],[114.228119,22.280911],[114.23585,22.277818],[114.243663,22.264594],[114.251475,22.25906],[114.251475,22.248887],[114.245291,22.241889],[114.249034,22.23253],[114.253754,22.223985],[114.249034,22.222398],[114.256114,22.203599],[114.243663,22.20128],[114.240489,22.205227],[114.232758,22.211493],[114.232677,22.221991],[114.229503,22.233588],[114.222667,22.238837],[114.216807,22.23432],[114.222667,22.23253],[114.222667,22.224758],[114.218679,22.223985],[114.211762,22.216132],[114.218679,22.206],[114.215587,22.198961],[114.219493,22.191881],[114.207693,22.189561],[114.206065,22.205227],[114.209321,22.207546],[114.206554,22.212388],[114.196056,22.207546],[114.191417,22.209947],[114.196056,22.215318],[114.189057,22.219224],[114.193696,22.225531],[114.191417,22.230984],[114.182709,22.23253],[114.183849,22.241034],[114.171153,22.233303],[114.167247,22.227851],[114.164887,22.227851],[114.162608,22.233303],[114.160981,22.240383],[114.152192,22.245022],[114.135997,22.245754],[114.12908,22.248887],[114.125011,22.256741],[114.123546,22.261379],[114.118826,22.269192],[114.112559,22.271511],[114.113373,22.277818],[114.115652,22.279364],[114.120453,22.281684],[114.12908,22.285631],[114.139089,22.288723],[114.149913,22.285631],[114.157074,22.281684],[114.165701,22.279364],[114.178884,22.279364],[114.188162,22.287177],[114.196788,22.291856],[114.206391,22.288235],[114.215587,22.285631]]]}},{"type":"Feature","properties":{},"geometry":{"type":"Polygon","coordinates":[[[120.909841,13.658922],[120.927094,13.658067],[120.936046,13.651597],[120.935069,13.63817],[120.923025,13.629421],[120.910248,13.62755],[120.875499,13.634833],[120.840831,13.655626],[120.836925,13.6612],[120.827322,13.684068],[120.826427,13.688259],[120.828461,13.690334],[120.838959,13.676947],[120.845795,13.672105],[120.882498,13.659451],[120.909841,13.658922]]]}},{"type":"Feature","properties":{},"geometry":{"type":"Polygon","coordinates":[[[123.663829,13.964789],[123.669281,13.964016],[123.674734,13.951972],[123.668224,13.939439],[123.620128,13.908922],[123.615733,13.912014],[123.613129,13.91531],[123.609955,13.916327],[123.60727,13.916002],[123.603201,13.916612],[123.600434,13.924221],[123.599539,13.933987],[123.596365,13.941596],[123.595307,13.947211],[123.602631,13.959784],[123.605642,13.961208],[123.606293,13.955186],[123.608409,13.952338],[123.612641,13.953111],[123.616384,13.95067],[123.619233,13.946438],[123.620209,13.948472],[123.620779,13.956122],[123.624929,13.959621],[123.631033,13.95954],[123.635916,13.962633],[123.641043,13.962673],[123.6456,13.959825],[123.648123,13.957343],[123.650238,13.952826],[123.65268,13.953111],[123.652354,13.95897],[123.651052,13.962633],[123.644542,13.972113],[123.642914,13.970811],[123.639415,13.970689],[123.637055,13.975124],[123.638276,13.981147],[123.642263,13.982082],[123.652354,13.976223],[123.658946,13.967922],[123.663829,13.964789]]]}},{"type":"Feature","properties":{},"geometry":{"type":"Polygon","coordinates":[[[117.698741,4.111314],[117.741222,4.088284],[117.750011,4.080308],[117.753184,4.051825],[117.741059,4.025621],[117.705577,3.987494],[117.665294,3.983059],[117.620291,4.015326],[117.594493,4.06387],[117.612804,4.108222],[117.646332,4.140815],[117.661143,4.149237],[117.673595,4.140611],[117.698741,4.111314]]]}},{"type":"Feature","properties":{},"geometry":{"type":"Polygon","coordinates":[[[108.396169,3.874823],[108.406505,3.884589],[108.406261,3.874335],[108.389334,3.82217],[108.382579,3.809882],[108.341075,3.756293],[108.333263,3.740424],[108.327891,3.724066],[108.323985,3.692694],[108.317638,3.683783],[108.300059,3.676256],[108.285167,3.674465],[108.253591,3.676988],[108.238536,3.676256],[108.223643,3.670396],[108.194998,3.652289],[108.183849,3.648342],[108.17449,3.651923],[108.142263,3.676256],[108.104828,3.690579],[108.094493,3.696194],[108.118175,3.725775],[108.121837,3.734605],[108.125011,3.74787],[108.132335,3.752183],[108.140473,3.751776],[108.146007,3.750718],[108.164887,3.75727],[108.171397,3.77147],[108.175548,3.785834],[108.187022,3.792304],[108.202485,3.792467],[108.213634,3.791164],[108.224376,3.785346],[108.238536,3.772406],[108.266856,3.738756],[108.28004,3.731513],[108.277599,3.745063],[108.26238,3.792304],[108.257335,3.795356],[108.248871,3.809312],[108.245372,3.813463],[108.236827,3.815009],[108.20753,3.813463],[108.180349,3.81684],[108.103363,3.845893],[108.071544,3.85224],[108.062348,3.855943],[108.052989,3.864651],[108.04477,3.877021],[108.03004,3.908881],[108.028087,3.917222],[108.026134,3.932929],[108.023448,3.941718],[108.016856,3.946763],[108.009939,3.951077],[108.005138,3.957465],[108.003917,3.964342],[108.005138,3.987494],[108.002126,3.997626],[107.995453,4.002265],[107.988536,4.005601],[107.98463,4.01203],[107.987804,4.020697],[107.997244,4.034247],[108.022472,4.063544],[108.032237,4.069973],[108.041515,4.07095],[108.050548,4.070787],[108.060313,4.074123],[108.066661,4.080146],[108.080333,4.097235],[108.084239,4.100775],[108.094493,4.105373],[108.170258,4.179429],[108.181977,4.204535],[108.195567,4.220364],[108.211599,4.235419],[108.224864,4.244818],[108.242442,4.230699],[108.250255,4.211249],[108.252208,4.159166],[108.257335,4.130561],[108.270763,4.112982],[108.306814,4.086493],[108.365408,4.015448],[108.391368,3.997016],[108.396169,3.990912],[108.398204,3.976467],[108.397716,3.949368],[108.403575,3.936347],[108.392833,3.924384],[108.378266,3.915758],[108.365977,3.905463],[108.362071,3.888577],[108.372081,3.893541],[108.380138,3.891181],[108.396169,3.874823]]]}},{"type":"Feature","properties":{},"geometry":{"type":"Polygon","coordinates":[[[117.849864,4.196357],[117.896251,4.181342],[117.900645,4.171454],[117.900727,4.171291],[117.91212,4.144924],[117.918224,4.100043],[117.934825,4.059882],[117.901378,4.036689],[117.887055,4.031928],[117.872569,4.031562],[117.838552,4.040188],[117.819102,4.068671],[117.762706,4.100735],[117.739431,4.13231],[117.697113,4.169053],[117.644054,4.215237],[117.640147,4.227444],[117.647634,4.240627],[117.665538,4.253119],[117.686046,4.262844],[117.701671,4.267524],[117.720225,4.266425],[117.756358,4.254584],[117.774425,4.251654],[117.785411,4.246649],[117.794932,4.235256],[117.808279,4.214057],[117.817719,4.204739],[117.826345,4.199408],[117.836192,4.196967],[117.849864,4.196357]]]}},{"type":"Feature","properties":{},"geometry":{"type":"Polygon","coordinates":[[[126.870709,4.331393],[126.900426,4.306702],[126.92213,4.28205],[126.863536,4.210639],[126.809875,4.157244],[126.808307,4.086611],[126.809979,4.037349],[126.798438,4.017644],[126.758897,3.993006],[126.714529,4.011623],[126.67642,4.004483],[126.664762,4.034055],[126.676286,4.060346],[126.691186,4.07841],[126.720929,4.096468],[126.758697,4.1852],[126.803207,4.222968],[126.791632,4.241056],[126.776772,4.245998],[126.758608,4.250943],[126.7107,4.264137],[126.707356,4.287164],[126.715652,4.308495],[126.707205,4.333564],[126.70338,4.343248],[126.699962,4.355455],[126.699229,4.367906],[126.697207,4.397427],[126.705407,4.423747],[126.739513,4.47309],[126.740733,4.48017],[126.741222,4.491889],[126.740082,4.501695],[126.734874,4.523871],[126.733735,4.535875],[126.744395,4.5456],[126.768728,4.550279],[126.796397,4.550482],[126.816254,4.546454],[126.829845,4.537055],[126.833344,4.527737],[126.835134,4.517524],[126.843028,4.504869],[126.855724,4.498277],[126.866954,4.497992],[126.875011,4.49433],[126.877289,4.478013],[126.877208,4.478176],[126.884776,4.456855],[126.87908,4.435858],[126.868907,4.414374],[126.863536,4.391913],[126.859129,4.367569],[126.870709,4.331393]]]}},{"type":"Feature","properties":{},"geometry":{"type":"Polygon","coordinates":[[[122.296723,6.633246],[122.329275,6.613837],[122.335216,6.603339],[122.3213,6.588568],[122.300629,6.582343],[122.254161,6.581285],[122.235362,6.571194],[122.224864,6.558254],[122.215668,6.544013],[122.208669,6.528754],[122.203868,6.512844],[122.198253,6.467597],[122.18865,6.451077],[122.166352,6.444525],[122.143809,6.442939],[122.121755,6.438544],[122.057628,6.413886],[122.038748,6.410224],[121.994884,6.410346],[121.96225,6.404853],[121.95753,6.407294],[121.956391,6.428127],[121.954112,6.436916],[121.950043,6.444525],[121.880056,6.503241],[121.879568,6.556138],[121.875011,6.574856],[121.855642,6.583401],[121.833181,6.58515],[121.814464,6.592922],[121.806814,6.619289],[121.810802,6.645168],[121.822032,6.660956],[121.839203,6.668931],[121.940196,6.677314],[121.948253,6.680569],[121.958344,6.695054],[121.997895,6.712063],[122.01295,6.729926],[122.023123,6.73664],[122.040212,6.739325],[122.066661,6.740709],[122.075206,6.739814],[122.084239,6.735663],[122.098155,6.721584],[122.105968,6.715562],[122.116466,6.711086],[122.141287,6.70539],[122.152843,6.704576],[122.156261,6.700344],[122.161143,6.690904],[122.168712,6.681586],[122.180431,6.677314],[122.225108,6.671088],[122.235362,6.666205],[122.241547,6.660386],[122.246349,6.65469],[122.25172,6.64997],[122.262543,6.645453],[122.288097,6.637885],[122.296723,6.633246]]]}},{"type":"Feature","properties":{},"geometry":{"type":"Polygon","coordinates":[[[124.565278,9.870754],[124.549815,9.861558],[124.57016,9.840522],[124.624034,9.801825],[124.598969,9.749701],[124.596202,9.737291],[124.585216,9.732082],[124.560557,9.732611],[124.534841,9.736274],[124.520356,9.740383],[124.516856,9.748765],[124.517426,9.759101],[124.514415,9.767035],[124.499848,9.768297],[124.492931,9.762763],[124.462413,9.73078],[124.45281,9.725775],[124.440278,9.721584],[124.429454,9.715033],[124.424815,9.702826],[124.424164,9.689602],[124.422048,9.678697],[124.417491,9.668891],[124.410492,9.658433],[124.381847,9.636705],[124.338715,9.618598],[124.2942,9.606757],[124.260427,9.603827],[124.221446,9.60578],[124.065196,9.595404],[123.937511,9.617499],[123.892345,9.632148],[123.871755,9.645006],[123.863048,9.661851],[123.86671,9.683539],[123.872732,9.703803],[123.873871,9.721137],[123.863048,9.734198],[123.8449,9.73725],[123.824474,9.736151],[123.807872,9.739976],[123.801036,9.757758],[123.803233,9.781195],[123.809093,9.80268],[123.82838,9.842841],[123.841319,9.857367],[123.875824,9.886949],[123.882986,9.901801],[123.886078,9.914862],[123.893403,9.916938],[123.907237,9.911689],[123.916677,9.915107],[123.92213,9.923],[123.926036,9.932074],[123.931407,9.939032],[123.963878,9.950751],[124.009776,9.961615],[124.050792,9.979315],[124.068533,10.011664],[124.069998,10.032213],[124.075206,10.048326],[124.086599,10.058783],[124.115896,10.065253],[124.115977,10.072089],[124.113617,10.080959],[124.116222,10.08983],[124.123871,10.096666],[124.136974,10.104885],[124.143077,10.110297],[124.158702,10.131171],[124.167166,10.137437],[124.184581,10.144477],[124.222667,10.151923],[124.263438,10.151923],[124.331309,10.161526],[124.34962,10.151028],[124.355968,10.110297],[124.366954,10.119289],[124.382498,10.143785],[124.396821,10.151923],[124.400238,10.138373],[124.408214,10.119696],[124.419119,10.106757],[124.430837,10.110175],[124.476329,10.070014],[124.489757,10.062567],[124.52003,10.064195],[124.530284,10.060533],[124.54835,10.048896],[124.577647,10.033922],[124.588634,10.023871],[124.583995,9.99901],[124.584239,9.980943],[124.580903,9.972154],[124.568696,9.987454],[124.566173,9.968329],[124.566173,9.952786],[124.564464,9.943996],[124.556163,9.925686],[124.571462,9.912299],[124.583751,9.893948],[124.584646,9.877672],[124.565278,9.870754]]]}},{"type":"Feature","properties":{},"geometry":{"type":"Polygon","coordinates":[[[125.719574,9.911689],[125.72169,9.894355],[125.714529,9.880845],[125.699474,9.874254],[125.678559,9.87759],[125.663585,9.889146],[125.660818,9.903998],[125.661876,9.920966],[125.658051,9.939032],[125.648611,9.946967],[125.620616,9.955227],[125.610362,9.966946],[125.620291,9.966539],[125.623302,9.966946],[125.615001,9.97248],[125.611339,9.977281],[125.612315,9.982001],[125.617198,9.987454],[125.617198,9.993598],[125.593028,9.992987],[125.583181,10.009711],[125.585216,10.033881],[125.59669,10.05565],[125.60141,10.047431],[125.608409,10.043606],[125.614513,10.046617],[125.617198,10.059068],[125.614513,10.064154],[125.601329,10.080268],[125.59669,10.08983],[125.589203,10.08983],[125.584483,10.077541],[125.577891,10.076646],[125.569347,10.080797],[125.558849,10.083645],[125.552501,10.078681],[125.545258,10.068752],[125.535411,10.060858],[125.521007,10.062567],[125.513438,10.072984],[125.513194,10.086615],[125.510753,10.098456],[125.497081,10.103461],[125.495291,10.10871],[125.495942,10.134589],[125.493663,10.144477],[125.508962,10.151313],[125.517589,10.169379],[125.519379,10.190619],[125.514171,10.207099],[125.521983,10.210395],[125.528982,10.209784],[125.535492,10.206],[125.542003,10.199693],[125.538829,10.215155],[125.531993,10.22899],[125.530284,10.241889],[125.542003,10.25434],[125.536957,10.257148],[125.534841,10.260077],[125.532888,10.263658],[125.527843,10.268622],[125.532237,10.283922],[125.523936,10.301907],[125.522146,10.316962],[125.545421,10.323188],[125.557791,10.3251],[125.562511,10.330797],[125.562511,10.353949],[125.560395,10.361314],[125.556895,10.366034],[125.556163,10.370754],[125.562511,10.378485],[125.567882,10.380927],[125.574718,10.381171],[125.580414,10.379136],[125.586436,10.367418],[125.594412,10.36518],[125.603363,10.366767],[125.610362,10.370998],[125.614757,10.381049],[125.617198,10.41942],[125.624197,10.443671],[125.629649,10.454047],[125.637706,10.460395],[125.649669,10.4619],[125.6574,10.456448],[125.671723,10.433051],[125.684825,10.399888],[125.683849,10.364407],[125.664887,10.295885],[125.661388,10.270575],[125.658051,10.261705],[125.654633,10.264228],[125.646251,10.265367],[125.638682,10.261379],[125.637706,10.248114],[125.645844,10.239691],[125.660167,10.228258],[125.668142,10.214667],[125.658051,10.199693],[125.664887,10.192857],[125.653819,10.186591],[125.656505,10.176337],[125.668468,10.169257],[125.685313,10.172349],[125.677582,10.144843],[125.676768,10.127672],[125.681977,10.114],[125.698497,10.09394],[125.704763,10.081773],[125.706554,10.069322],[125.703136,10.056708],[125.696462,10.04092],[125.68865,10.027289],[125.681977,10.021552],[125.685069,10.014635],[125.692882,9.974351],[125.681488,9.958075],[125.690603,9.94184],[125.707286,9.926215],[125.719574,9.911689]]]}},{"type":"Feature","properties":{},"geometry":{"type":"Polygon","coordinates":[[[120.347504,12.029486],[120.352875,12.016181],[120.349132,12.007025],[120.339529,12.000556],[120.326427,11.995307],[120.312755,11.992011],[120.306163,11.993964],[120.30128,11.998481],[120.292247,12.002834],[120.274913,12.003404],[120.262869,11.997748],[120.251801,11.990871],[120.237641,11.987942],[120.224376,11.993069],[120.21339,12.002265],[120.202403,12.008002],[120.18922,12.002834],[120.187022,12.018256],[120.174571,12.022691],[120.157481,12.023912],[120.1421,12.029486],[120.134613,12.02204],[120.141368,12.00967],[120.140636,11.999254],[120.136892,11.988471],[120.134613,11.97484],[120.125987,11.979397],[120.121349,11.979397],[120.118337,11.975287],[120.114106,11.967434],[120.107921,11.967434],[120.093516,11.994371],[120.082286,12.001532],[120.039073,11.995307],[120.021495,11.999823],[120.00115,12.011176],[119.98406,12.025702],[119.970551,12.054755],[119.942393,12.087144],[119.935883,12.108303],[119.935802,12.123033],[119.934093,12.134833],[119.928966,12.145331],[119.91863,12.156073],[119.912364,12.166897],[119.910411,12.180569],[119.906505,12.194892],[119.89503,12.207668],[119.883474,12.19892],[119.873057,12.187405],[119.865001,12.173814],[119.860362,12.159166],[119.847667,12.166734],[119.850352,12.174465],[119.85963,12.183254],[119.867198,12.193996],[119.86964,12.20661],[119.869314,12.216702],[119.867198,12.231838],[119.872325,12.251695],[119.885509,12.259508],[119.903494,12.264594],[119.922374,12.276516],[119.897634,12.277045],[119.887543,12.275051],[119.880707,12.269029],[119.87794,12.308092],[119.88502,12.322699],[119.908702,12.323676],[119.926931,12.316474],[119.933442,12.301093],[119.934581,12.285142],[119.935883,12.276516],[119.950206,12.271552],[119.989024,12.267157],[120.004893,12.262885],[120.021495,12.253119],[120.048839,12.231147],[120.072765,12.206041],[120.079926,12.200832],[120.088145,12.198228],[120.105317,12.197659],[120.114106,12.193996],[120.103689,12.191474],[120.096853,12.186021],[120.093516,12.17772],[120.094249,12.166653],[120.116954,12.166449],[120.170177,12.125434],[120.196056,12.112006],[120.198416,12.122789],[120.204356,12.128363],[120.213145,12.129096],[120.223969,12.125678],[120.224132,12.219184],[120.229747,12.218655],[120.243907,12.200832],[120.250743,12.185492],[120.252778,12.169623],[120.251964,12.142483],[120.258311,12.131781],[120.272472,12.134711],[120.286388,12.135443],[120.292247,12.118232],[120.295909,12.120185],[120.297048,12.120103],[120.297537,12.120998],[120.299083,12.125678],[120.329112,12.09748],[120.342133,12.080756],[120.347504,12.067328],[120.3449,12.05329],[120.337901,12.048489],[120.328868,12.045356],[120.319591,12.036322],[120.315196,12.023179],[120.319591,12.01789],[120.327403,12.020087],[120.333832,12.029486],[120.33839,12.029283],[120.339366,12.028144],[120.339203,12.025824],[120.340099,12.02204],[120.347504,12.029486]]]}},{"type":"Feature","properties":{},"geometry":{"type":"Polygon","coordinates":[[[124.054942,11.799791],[124.059093,11.783922],[124.067149,11.764106],[124.07252,11.744086],[124.068533,11.727851],[124.054861,11.725572],[124.041515,11.742987],[124.020763,11.783108],[124.007986,11.796698],[123.974376,11.824937],[123.945649,11.835679],[123.924083,11.859565],[123.89031,11.870795],[123.875173,11.884508],[123.855642,11.913398],[123.84254,11.906155],[123.824392,11.910061],[123.787364,11.926459],[123.764008,11.915676],[123.742931,11.926947],[123.725108,11.944892],[123.711681,11.954413],[123.716075,11.966742],[123.722423,11.975816],[123.731944,11.980902],[123.745779,11.981106],[123.732677,12.008368],[123.726899,11.999335],[123.725352,11.995307],[123.719086,11.995307],[123.710623,12.007392],[123.698497,12.020819],[123.685395,12.031806],[123.659434,12.042955],[123.650727,12.056952],[123.653005,12.069281],[123.670665,12.071031],[123.648936,12.077582],[123.62908,12.075873],[123.614757,12.079332],[123.603852,12.11872],[123.590994,12.135484],[123.560802,12.166653],[123.546397,12.188056],[123.539724,12.193996],[123.510753,12.206],[123.503103,12.211005],[123.485362,12.218085],[123.461599,12.215725],[123.43865,12.208401],[123.424164,12.200832],[123.412364,12.188178],[123.382009,12.145087],[123.372732,12.118638],[123.364757,12.106024],[123.354747,12.095404],[123.345225,12.090969],[123.333751,12.089504],[123.32838,12.085273],[123.321137,12.071031],[123.265961,12.007514],[123.181407,11.930854],[123.159679,11.917792],[123.149913,11.930162],[123.151866,11.950385],[123.156993,11.974311],[123.164724,11.994371],[123.173839,12.002834],[123.185232,12.005113],[123.190115,12.011664],[123.191091,12.021186],[123.190929,12.032904],[123.193207,12.046332],[123.198985,12.056586],[123.205577,12.066107],[123.211274,12.077297],[123.210216,12.114976],[123.215994,12.13349],[123.231944,12.125678],[123.237315,12.139228],[123.244314,12.149848],[123.254649,12.156806],[123.27003,12.159166],[123.277192,12.164293],[123.273448,12.175849],[123.259776,12.193996],[123.273692,12.202948],[123.286632,12.208482],[123.294607,12.217231],[123.293956,12.235541],[123.259532,12.236884],[123.23699,12.235175],[123.21811,12.228095],[123.218761,12.234849],[123.217784,12.265448],[123.218761,12.268012],[123.221202,12.269721],[123.24879,12.307115],[123.252289,12.320624],[123.255626,12.350287],[123.270193,12.400539],[123.273448,12.423651],[123.271495,12.439439],[123.265636,12.447333],[123.25587,12.453681],[123.242442,12.464586],[123.231944,12.580634],[123.234711,12.59276],[123.242198,12.595364],[123.252126,12.592027],[123.262218,12.586127],[123.27711,12.579535],[123.305837,12.574937],[123.321137,12.570746],[123.33074,12.564358],[123.338145,12.556627],[123.347341,12.55093],[123.356456,12.549262],[123.355317,12.547675],[123.355968,12.543402],[123.33839,12.546942],[123.340343,12.531684],[123.355968,12.495592],[123.350434,12.487779],[123.338552,12.479438],[123.326671,12.467922],[123.321137,12.450914],[123.326427,12.438056],[123.338227,12.445299],[123.355968,12.468329],[123.358653,12.469184],[123.368907,12.469794],[123.372813,12.471381],[123.374766,12.475775],[123.374522,12.485175],[123.375824,12.488756],[123.37379,12.489651],[123.379161,12.501207],[123.386485,12.512519],[123.390147,12.512397],[123.397634,12.519029],[123.414724,12.520941],[123.434093,12.518622],[123.44809,12.512397],[123.479828,12.481024],[123.495616,12.468573],[123.51295,12.460883],[123.54713,12.460883],[123.552419,12.45661],[123.56422,12.440375],[123.572276,12.43183],[123.581391,12.413072],[123.593435,12.394355],[123.609223,12.385728],[123.609223,12.378892],[123.597504,12.377875],[123.590099,12.372301],[123.587169,12.363105],[123.588145,12.35102],[123.621918,12.368354],[123.636974,12.370266],[123.643321,12.354722],[123.647716,12.348293],[123.657563,12.346422],[123.668956,12.346259],[123.677501,12.344794],[123.688243,12.337795],[123.696788,12.329901],[123.704356,12.320746],[123.767345,12.214057],[123.79363,12.187161],[123.788422,12.231269],[123.794932,12.246894],[123.818126,12.231838],[123.848806,12.200832],[123.862641,12.202867],[123.873546,12.210191],[123.882335,12.212795],[123.889659,12.200832],[123.889659,12.207668],[123.899425,12.18773],[123.951915,12.10456],[123.958263,12.100572],[123.973155,12.095649],[123.979177,12.090969],[123.983246,12.082343],[123.992849,12.049302],[123.998302,12.03974],[124.040294,11.988105],[124.050304,11.971137],[124.054942,11.954413],[124.038422,11.964545],[124.017914,11.995551],[123.999522,12.008368],[124.00294,11.997789],[124.007172,11.990709],[124.020763,11.97484],[124.009532,11.965766],[124.01295,11.95425],[124.033865,11.926459],[124.058279,11.87519],[124.061778,11.861558],[124.061778,11.837714],[124.055675,11.810533],[124.054942,11.799791]]]}},{"type":"Feature","properties":{},"geometry":{"type":"Polygon","coordinates":[[[122.115245,12.666327],[122.145681,12.657457],[122.156016,12.648342],[122.156261,12.632148],[122.151378,12.628119],[122.135916,12.630276],[122.128917,12.625393],[122.128673,12.6164],[122.135753,12.560777],[122.130382,12.528388],[122.106944,12.459784],[122.098888,12.386379],[122.080821,12.315497],[122.051036,12.242987],[122.043224,12.231838],[122.036469,12.214057],[122.048025,12.200629],[122.061209,12.188056],[122.059906,12.172838],[122.046886,12.187161],[122.041026,12.179348],[122.022797,12.162828],[122.019054,12.156073],[122.019054,12.10456],[122.012218,12.10456],[121.991059,12.128485],[121.986176,12.142564],[121.99171,12.159166],[121.965017,12.161444],[121.958995,12.177802],[121.963715,12.228095],[121.973318,12.204495],[121.987153,12.2001],[121.999766,12.210639],[122.005382,12.231838],[122.002126,12.244371],[121.993663,12.249213],[121.982677,12.25141],[121.971202,12.256049],[121.929698,12.296373],[121.920746,12.302883],[121.924083,12.339342],[121.934418,12.380072],[121.946625,12.3994],[121.978282,12.411811],[121.993175,12.441799],[121.997813,12.478909],[121.997895,12.512397],[121.990896,12.571194],[121.99586,12.592719],[122.019054,12.611721],[122.076345,12.627346],[122.104991,12.641791],[122.115245,12.666327]]]}},{"type":"Feature","properties":{},"geometry":{"type":"Polygon","coordinates":[[[122.101573,13.416693],[122.105479,13.408433],[122.123709,13.395209],[122.128917,13.386298],[122.120291,13.356635],[122.062022,13.29857],[122.039561,13.269599],[122.049083,13.248358],[122.040294,13.230699],[122.0088,13.204779],[121.993175,13.201606],[121.976736,13.21308],[121.962576,13.228013],[121.953868,13.2355],[121.942882,13.24018],[121.90919,13.269599],[121.900727,13.271959],[121.883474,13.273179],[121.875011,13.276435],[121.864919,13.284369],[121.847667,13.310614],[121.817231,13.341946],[121.813731,13.35224],[121.817882,13.3758],[121.817231,13.38288],[121.814138,13.397528],[121.814301,13.450507],[121.817231,13.46483],[121.824392,13.474066],[121.850759,13.520941],[121.853852,13.530341],[121.855642,13.558417],[121.858653,13.565497],[121.873057,13.568508],[121.887543,13.554755],[121.90919,13.522895],[121.913748,13.528632],[121.925059,13.538642],[121.929698,13.544623],[121.944998,13.528998],[121.968028,13.523749],[121.989024,13.530463],[121.997895,13.550767],[122.010997,13.542141],[122.020193,13.533637],[122.023448,13.523179],[122.019054,13.509223],[122.033946,13.514635],[122.045177,13.509223],[122.048676,13.498765],[122.039561,13.489325],[122.043793,13.485338],[122.054698,13.478095],[122.059906,13.475735],[122.075206,13.485419],[122.09669,13.479682],[122.115245,13.464993],[122.122081,13.44774],[122.118419,13.443101],[122.111339,13.441392],[122.101573,13.440904],[122.100841,13.433905],[122.101573,13.416693]]]}},{"type":"Feature","properties":{},"geometry":{"type":"Polygon","coordinates":[[[124.417979,13.872952],[124.417979,13.865465],[124.403494,13.856838],[124.389985,13.845649],[124.403575,13.838813],[124.409841,13.826402],[124.412934,13.811672],[124.417979,13.797797],[124.398774,13.790432],[124.389985,13.790351],[124.397227,13.779608],[124.398774,13.771186],[124.395763,13.742377],[124.391124,13.721869],[124.389985,13.711575],[124.407481,13.683743],[124.408702,13.667304],[124.386567,13.660061],[124.366059,13.660712],[124.355317,13.659613],[124.350841,13.651801],[124.349132,13.632758],[124.333344,13.572455],[124.334727,13.557603],[124.319835,13.567776],[124.306407,13.588528],[124.293468,13.604071],[124.280772,13.598578],[124.268077,13.6022],[124.251638,13.599189],[124.235199,13.591539],[124.222667,13.581855],[124.215343,13.567532],[124.208018,13.547797],[124.199392,13.530422],[124.187755,13.522895],[124.170177,13.529771],[124.116222,13.578111],[124.085948,13.600043],[124.068696,13.606106],[124.047374,13.606024],[124.05128,13.619534],[124.048106,13.633368],[124.04005,13.646308],[124.030447,13.656928],[124.026052,13.669623],[124.035899,13.680813],[124.061778,13.69477],[124.087169,13.716132],[124.107432,13.745103],[124.121837,13.779771],[124.129405,13.818305],[124.120779,13.875922],[124.125987,13.890326],[124.135916,13.907294],[124.134532,13.925035],[124.120291,13.963528],[124.116222,13.980699],[124.116222,13.988959],[124.121104,13.994127],[124.129649,14.001695],[124.135916,14.010647],[124.133067,14.019721],[124.124522,14.03384],[124.124522,14.049384],[124.129649,14.064846],[124.136892,14.078355],[124.149669,14.062242],[124.16391,14.065579],[124.184581,14.085191],[124.193614,14.090033],[124.200938,14.092231],[124.207774,14.091254],[124.215668,14.086493],[124.23585,14.068061],[124.252615,14.046698],[124.265636,14.022691],[124.273936,13.996487],[124.277354,13.955512],[124.286876,13.952582],[124.295421,13.945502],[124.308116,13.928168],[124.300629,13.920722],[124.305431,13.914049],[124.306895,13.9112],[124.308116,13.90644],[124.314952,13.90644],[124.329763,13.933092],[124.357758,13.9206],[124.417979,13.872952]]]}},{"type":"Feature","properties":{},"geometry":{"type":"Polygon","coordinates":[[[121.381602,6.005683],[121.403494,5.999457],[121.421235,5.987128],[121.428722,5.969794],[121.419444,5.947984],[121.409923,5.94302],[121.399913,5.942816],[121.391775,5.939887],[121.388438,5.926907],[121.389496,5.909857],[121.385753,5.911363],[121.347667,5.906195],[121.340587,5.903266],[121.330821,5.895331],[121.302989,5.865139],[121.292491,5.858832],[121.281423,5.859036],[121.271007,5.863918],[121.261729,5.871975],[121.253429,5.885321],[121.251964,5.896796],[121.253184,5.906928],[121.252452,5.916327],[121.227794,5.942125],[121.189464,5.940253],[121.107921,5.903266],[121.088227,5.891181],[121.081065,5.88817],[121.073009,5.889065],[121.067149,5.894232],[121.054454,5.91234],[121.049815,5.916327],[121.008311,5.923774],[120.999522,5.920071],[120.963878,5.89643],[120.943614,5.886868],[120.934093,5.885688],[120.922862,5.889065],[120.917654,5.893988],[120.916759,5.89997],[120.917247,5.905707],[120.915375,5.910102],[120.909353,5.91352],[120.896821,5.916571],[120.891856,5.920071],[120.876313,5.942572],[120.871837,5.961005],[120.876475,5.978705],[120.888845,5.998928],[120.905528,6.015041],[120.943207,6.031155],[120.970958,6.050116],[120.992849,6.05268],[121.00172,6.057563],[121.024181,6.088609],[121.032725,6.09512],[121.042247,6.097113],[121.077403,6.095282],[121.096365,6.096137],[121.114757,6.09512],[121.125824,6.090644],[121.148285,6.077379],[121.159353,6.074612],[121.179047,6.063625],[121.202322,6.01317],[121.217784,5.998928],[121.236013,6.003567],[121.252452,6.01732],[121.271251,6.02619],[121.31658,6.00609],[121.338878,6.00434],[121.381602,6.005683]]]}},{"type":"Feature","properties":{},"geometry":{"type":"Polygon","coordinates":[[[111.010509,19.683783],[111.016368,19.678046],[111.034679,19.642239],[111.020356,19.635972],[111.009125,19.64175],[110.993337,19.643012],[110.977306,19.640774],[110.965831,19.635972],[110.913585,19.583686],[110.887706,19.550605],[110.876475,19.539781],[110.858653,19.534817],[110.842784,19.539944],[110.829845,19.552069],[110.821788,19.567776],[110.818533,19.591051],[110.825694,19.603258],[110.841156,19.607978],[110.862641,19.60871],[110.847667,19.622463],[110.826427,19.621772],[110.806326,19.612738],[110.794444,19.601264],[110.803559,19.589179],[110.812999,19.563381],[110.821788,19.554104],[110.807384,19.530585],[110.802501,19.517401],[110.800629,19.495429],[110.796235,19.484605],[110.785492,19.47191],[110.772309,19.461656],[110.760265,19.457913],[110.760265,19.451646],[110.764496,19.440823],[110.757579,19.430894],[110.745128,19.422675],[110.732432,19.416938],[110.724376,19.415961],[110.706228,19.41828],[110.698253,19.416938],[110.694998,19.411811],[110.685802,19.393052],[110.681488,19.388983],[110.669688,19.381741],[110.670665,19.365058],[110.676036,19.346747],[110.677908,19.334377],[110.666026,19.31977],[110.641368,19.312445],[110.636729,19.296536],[110.63266,19.264472],[110.621593,19.230658],[110.606293,19.199856],[110.589041,19.176703],[110.580333,19.155178],[110.575857,19.15705],[110.568614,19.163072],[110.549083,19.15176],[110.544444,19.150051],[110.510102,19.150051],[110.502208,19.153144],[110.496918,19.159898],[110.490489,19.166571],[110.479177,19.169257],[110.479177,19.163072],[110.489757,19.152981],[110.497569,19.141547],[110.507335,19.132229],[110.524181,19.128323],[110.535655,19.132229],[110.541515,19.138617],[110.546235,19.139879],[110.554942,19.128323],[110.556814,19.120022],[110.554942,19.087348],[110.562348,19.102362],[110.57545,19.150051],[110.582286,19.150051],[110.569998,19.100898],[110.567231,19.065579],[110.563243,19.05565],[110.547537,19.040188],[110.530772,19.018378],[110.518077,18.993476],[110.509939,18.964342],[110.507091,18.930325],[110.508067,18.922187],[110.51238,18.91352],[110.513357,18.906399],[110.509125,18.897773],[110.500011,18.895738],[110.490896,18.895657],[110.486583,18.892483],[110.483897,18.887193],[110.477712,18.88524],[110.47047,18.884263],[110.465587,18.881903],[110.463145,18.875149],[110.461274,18.856024],[110.458751,18.848334],[110.454356,18.844468],[110.441091,18.836493],[110.434581,18.83039],[110.431488,18.821479],[110.435802,18.814154],[110.441905,18.808254],[110.445079,18.803656],[110.450938,18.804999],[110.465017,18.804511],[110.480805,18.800971],[110.492849,18.793118],[110.500824,18.802924],[110.502452,18.811225],[110.499685,18.837551],[110.493419,18.862616],[110.493663,18.876044],[110.503429,18.881903],[110.51002,18.868598],[110.534434,18.785631],[110.519054,18.783108],[110.507172,18.783515],[110.498546,18.781643],[110.492849,18.77204],[110.486583,18.77204],[110.469005,18.777167],[110.450369,18.756537],[110.424571,18.703762],[110.431,18.69245],[110.426768,18.680894],[110.416026,18.670559],[110.403494,18.662787],[110.388682,18.675035],[110.344493,18.664618],[110.335216,18.673326],[110.345388,18.680854],[110.368663,18.68594],[110.410899,18.690131],[110.410899,18.697496],[110.403494,18.703762],[110.397227,18.703762],[110.380138,18.690497],[110.327322,18.679348],[110.307872,18.662787],[110.301036,18.662787],[110.270844,18.668158],[110.227224,18.642157],[110.156993,18.580797],[110.121104,18.555813],[110.103282,18.539374],[110.088145,18.50434],[110.070649,18.502021],[110.03419,18.511949],[110.03419,18.505764],[110.046153,18.495917],[110.074067,18.489081],[110.08253,18.477769],[110.081309,18.464545],[110.069835,18.426988],[110.068207,18.408922],[110.061371,18.408922],[110.06072,18.429592],[110.053233,18.440619],[110.044607,18.440131],[110.040294,18.425971],[110.044444,18.411363],[110.051117,18.399644],[110.052582,18.390204],[110.040294,18.38227],[110.026215,18.380601],[109.995128,18.38231],[109.968598,18.389838],[109.968598,18.405504],[109.975922,18.406643],[109.987071,18.403998],[110.000336,18.403022],[110.013682,18.408922],[110.019867,18.41767],[110.023448,18.429389],[110.023936,18.44123],[110.020518,18.450507],[110.017345,18.444973],[110.009288,18.434801],[110.006196,18.429389],[110.003184,18.43358],[109.992524,18.443061],[109.992361,18.439643],[109.992849,18.432766],[109.992524,18.429389],[109.981944,18.435492],[109.977387,18.431464],[109.973643,18.423082],[109.96518,18.416327],[109.958018,18.414374],[109.954112,18.414252],[109.948741,18.415229],[109.915375,18.416815],[109.898285,18.414252],[109.882091,18.407538],[109.83546,18.38227],[109.825206,18.385891],[109.821544,18.391669],[109.819591,18.397773],[109.814464,18.402086],[109.795665,18.405178],[109.776215,18.404039],[109.759044,18.400377],[109.746104,18.395901],[109.750011,18.373603],[109.726573,18.303778],[109.731781,18.273017],[109.717784,18.273098],[109.71339,18.279853],[109.711599,18.287991],[109.7046,18.292222],[109.696788,18.289862],[109.670421,18.273017],[109.670421,18.26557],[109.686209,18.267646],[109.694021,18.267157],[109.711925,18.258734],[109.717784,18.25845],[109.734548,18.259996],[109.739268,18.258734],[109.741466,18.2508],[109.738536,18.243232],[109.731781,18.234198],[109.728038,18.224677],[109.719005,18.21483],[109.708751,18.207221],[109.701182,18.204088],[109.690684,18.209174],[109.684337,18.221137],[109.677257,18.245063],[109.663748,18.237616],[109.62908,18.227362],[109.621918,18.220852],[109.619151,18.217271],[109.60613,18.208889],[109.602061,18.204088],[109.603526,18.198798],[109.613048,18.183051],[109.615733,18.176174],[109.601329,18.18122],[109.587657,18.181586],[109.57602,18.177476],[109.568044,18.169338],[109.561209,18.169338],[109.562511,18.176988],[109.568044,18.193183],[109.565766,18.201361],[109.561209,18.205797],[109.556488,18.209215],[109.554454,18.214057],[109.553233,18.217678],[109.548595,18.217678],[109.547618,18.220852],[109.549653,18.225531],[109.554454,18.228827],[109.559093,18.230536],[109.561209,18.23078],[109.563324,18.238023],[109.566254,18.242987],[109.56658,18.248847],[109.561209,18.258734],[109.552257,18.244778],[109.538829,18.236762],[109.529552,18.227688],[109.533946,18.210354],[109.510753,18.213609],[109.478689,18.192694],[109.465017,18.204088],[109.478038,18.212795],[109.484711,18.221503],[109.492686,18.228095],[109.509613,18.23078],[109.510265,18.238593],[109.506521,18.252753],[109.500173,18.259508],[109.492931,18.245063],[109.480724,18.264797],[109.462738,18.27969],[109.439952,18.288967],[109.333507,18.304267],[109.21811,18.30565],[109.190603,18.299709],[109.173106,18.288153],[109.162608,18.287828],[109.149669,18.299709],[109.143891,18.314154],[109.142345,18.328681],[109.139496,18.340725],[109.129161,18.34748],[109.135997,18.361151],[109.122081,18.358222],[109.111176,18.361274],[109.101573,18.366034],[109.091645,18.368598],[109.000743,18.367174],[108.990896,18.36872],[108.979015,18.374823],[108.967784,18.384467],[108.960948,18.393866],[108.95281,18.402289],[108.937348,18.408922],[108.885916,18.426663],[108.875987,18.433173],[108.868663,18.443834],[108.831065,18.468695],[108.795584,18.486558],[108.775564,18.493069],[108.755138,18.496975],[108.710704,18.499661],[108.694998,18.504828],[108.684906,18.515204],[108.677257,18.532416],[108.674083,18.554836],[108.679454,18.572252],[108.687185,18.587836],[108.690929,18.604722],[108.697113,18.683295],[108.693614,18.719875],[108.68336,18.756171],[108.668142,18.788642],[108.649425,18.813625],[108.636974,18.8251],[108.627452,18.835883],[108.623871,18.849189],[108.628917,18.868232],[108.647227,18.903225],[108.653819,18.921047],[108.656261,18.943996],[108.653575,18.964342],[108.650401,18.973578],[108.646007,18.977484],[108.642589,18.982815],[108.642589,19.018459],[108.615245,19.10163],[108.62908,19.110907],[108.644298,19.124172],[108.656912,19.139797],[108.663097,19.156236],[108.678966,19.152045],[108.683442,19.150051],[108.683442,19.156236],[108.676036,19.162177],[108.671886,19.173],[108.669932,19.194078],[108.66391,19.209621],[108.650076,19.212795],[108.634288,19.212551],[108.622081,19.217719],[108.621755,19.228095],[108.630707,19.237982],[108.63795,19.248969],[108.626964,19.27497],[108.631684,19.286282],[108.641124,19.294908],[108.649425,19.299628],[108.647309,19.303534],[108.644786,19.31037],[108.649669,19.311225],[108.662608,19.309719],[108.664561,19.314276],[108.663097,19.320502],[108.66684,19.325181],[108.677257,19.327582],[108.677257,19.334377],[108.669281,19.343736],[108.672537,19.351264],[108.679535,19.3581],[108.683442,19.365424],[108.686534,19.377875],[108.694347,19.380316],[108.714529,19.375922],[108.729177,19.377997],[108.752208,19.386949],[108.76295,19.388983],[108.770681,19.394355],[108.790294,19.423163],[108.798188,19.425849],[108.817882,19.439195],[108.827485,19.444241],[108.869802,19.457913],[108.903331,19.493354],[108.92449,19.506252],[108.937348,19.492011],[108.944835,19.492011],[108.944835,19.498847],[108.940766,19.514106],[108.956554,19.534613],[108.992686,19.567776],[109.002208,19.587226],[109.008474,19.597073],[109.01588,19.601264],[109.067068,19.60871],[109.078868,19.612738],[109.103363,19.626288],[109.118419,19.631171],[109.128917,19.640204],[109.132579,19.642239],[109.133556,19.643378],[109.156505,19.649644],[109.192068,19.678453],[109.205821,19.698432],[109.204926,19.718573],[109.211192,19.724799],[109.218516,19.722968],[109.243988,19.729926],[109.258962,19.731635],[109.272716,19.729397],[109.283214,19.724799],[109.300466,19.711127],[109.307384,19.711127],[109.298188,19.726793],[109.281586,19.74433],[109.274669,19.757229],[109.2942,19.759508],[109.2942,19.765692],[109.286794,19.765692],[109.286794,19.773179],[109.295746,19.774644],[109.300466,19.776842],[109.307384,19.786851],[109.297374,19.786851],[109.289236,19.787909],[109.281505,19.790188],[109.273204,19.793647],[109.260997,19.778713],[109.235606,19.762356],[109.210134,19.749742],[109.19752,19.745836],[109.181326,19.735989],[109.174815,19.730373],[109.170177,19.724799],[109.163341,19.724799],[109.167247,19.742743],[109.163341,19.790269],[109.16684,19.805487],[109.175548,19.814032],[109.186778,19.820014],[109.19752,19.827826],[109.200938,19.832587],[109.207367,19.843573],[109.211192,19.848293],[109.219493,19.854682],[109.224864,19.855536],[109.229503,19.855373],[109.235606,19.858832],[109.248709,19.868842],[109.25172,19.874701],[109.252696,19.885891],[109.255138,19.898342],[109.261567,19.900824],[109.270518,19.900092],[109.28004,19.902899],[109.303722,19.921698],[109.311371,19.919501],[109.31422,19.899848],[109.3213,19.892035],[109.337901,19.889879],[109.368826,19.889309],[109.395763,19.869534],[109.412608,19.861396],[109.427501,19.865383],[109.443614,19.872992],[109.455333,19.864936],[109.462657,19.849311],[109.465017,19.834052],[109.472423,19.834052],[109.479503,19.844184],[109.493988,19.850165],[109.511404,19.855048],[109.527029,19.861965],[109.53297,19.852607],[109.545095,19.853746],[109.561778,19.857408],[109.581716,19.855699],[109.581716,19.861965],[109.529307,19.875474],[109.520193,19.882473],[109.515636,19.905219],[109.525401,19.911851],[109.554454,19.910346],[109.557465,19.917304],[109.552257,19.927476],[109.544607,19.933336],[109.540782,19.927151],[109.537364,19.924465],[109.530935,19.930121],[109.52589,19.940375],[109.527029,19.951361],[109.581391,19.984809],[109.595714,19.99315],[109.611664,19.99787],[109.626313,19.997952],[109.636241,19.992336],[109.642589,19.992336],[109.65211,20.002183],[109.668142,20.006903],[109.686697,20.00788],[109.7046,20.006578],[109.712901,20.010077],[109.719005,20.010647],[109.725597,20.006578],[109.728363,19.99787],[109.7199,19.985297],[109.725597,19.978664],[109.725597,19.971829],[109.722179,19.966132],[109.71811,19.957506],[109.725597,19.957506],[109.737559,19.978095],[109.763682,19.974351],[109.807628,19.951361],[109.810557,19.965522],[109.811697,19.981838],[109.815929,19.991197],[109.827973,19.984849],[109.835134,19.973334],[109.838552,19.958441],[109.83839,19.943264],[109.83546,19.930854],[109.854666,19.941352],[109.870372,19.953355],[109.880382,19.967597],[109.883311,19.984849],[109.895274,19.985175],[109.914806,19.99022],[109.920909,19.988593],[109.926606,19.98432],[109.929454,19.986151],[109.931326,19.990139],[109.934581,19.992336],[109.942638,19.990912],[109.94337,19.987454],[109.942231,19.982896],[109.944672,19.978664],[109.957205,19.967271],[109.972423,19.948188],[109.975597,19.932278],[109.951508,19.930854],[109.959972,19.917792],[109.973806,19.908922],[109.990082,19.905951],[110.006196,19.910346],[110.006196,19.916571],[109.992198,19.92536],[110.001231,19.932847],[110.014659,19.940863],[110.013682,19.957506],[110.050304,19.974066],[110.068207,19.978664],[110.076345,19.979153],[110.08961,19.978095],[110.10255,19.973944],[110.109874,19.964993],[110.122732,19.974311],[110.136892,19.996731],[110.149587,20.006578],[110.138845,20.002631],[110.123302,19.989691],[110.115489,19.984849],[110.104991,19.982978],[110.068207,19.984849],[110.114919,20.001939],[110.129731,20.012763],[110.137462,20.024359],[110.149669,20.055813],[110.156993,20.067369],[110.171153,20.060777],[110.208669,20.049506],[110.222179,20.047512],[110.232595,20.044501],[110.245128,20.038316],[110.260997,20.033149],[110.280528,20.033271],[110.295177,20.039374],[110.316905,20.057359],[110.324962,20.061225],[110.344737,20.058051],[110.358897,20.049791],[110.368988,20.038642],[110.37672,20.026435],[110.37672,20.020209],[110.368175,20.007799],[110.375173,19.996772],[110.397227,19.978664],[110.402517,19.964342],[110.406505,19.93594],[110.410899,19.923407],[110.417735,19.923407],[110.414399,19.932074],[110.413341,19.934312],[110.410899,19.93769],[110.410899,19.943915],[110.417735,19.943915],[110.417735,19.951361],[110.414561,19.957994],[110.409434,19.980048],[110.407074,19.984849],[110.397146,19.987047],[110.390636,19.993069],[110.386485,20.001899],[110.382986,20.012763],[110.383311,20.014146],[110.378184,20.039862],[110.37672,20.04385],[110.375011,20.063625],[110.376475,20.071967],[110.382986,20.081041],[110.424571,20.047512],[110.431163,20.050605],[110.470225,20.031806],[110.495942,20.023505],[110.527599,20.020209],[110.527599,20.012763],[110.520763,20.012763],[110.520763,20.006578],[110.535655,19.999579],[110.550548,19.988471],[110.564138,19.984524],[110.57545,19.999172],[110.580333,19.979722],[110.598643,19.943996],[110.602712,19.927151],[110.605805,19.923163],[110.612966,19.925727],[110.619884,19.932359],[110.62322,19.940741],[110.621349,19.950019],[110.618419,19.957221],[110.617849,19.963935],[110.62322,19.971829],[110.609141,19.989895],[110.606456,20.007636],[110.600922,20.021064],[110.578868,20.026435],[110.570811,20.030666],[110.57016,20.040269],[110.572276,20.050727],[110.572032,20.057522],[110.566173,20.069525],[110.569347,20.079779],[110.59311,20.107327],[110.604177,20.110826],[110.640147,20.108344],[110.652029,20.117011],[110.670746,20.154975],[110.677908,20.16356],[110.685069,20.153306],[110.710948,20.075181],[110.724457,20.06387],[110.752778,20.047512],[110.774669,20.020209],[110.788341,20.010403],[110.869884,19.997016],[110.890147,19.999172],[110.893077,20.001654],[110.893809,20.004381],[110.896332,20.004584],[110.904307,19.999172],[110.920665,20.01203],[110.934581,19.995063],[110.977061,19.865871],[110.983165,19.807766],[110.996837,19.749172],[111.000011,19.721666],[110.994395,19.694281],[110.996593,19.686591],[111.010509,19.683783]]]}},{"type":"Feature","properties":{},"geometry":{"type":"Polygon","coordinates":[[[121.905772,24.9501],[121.834727,24.871527],[121.823497,24.854926],[121.814626,24.831732],[121.808849,24.805162],[121.806814,24.778754],[121.807791,24.753119],[121.820323,24.699652],[121.819591,24.685981],[121.81422,24.672309],[121.814952,24.644355],[121.827973,24.622789],[121.852712,24.608873],[121.881847,24.60399],[121.881847,24.597805],[121.869477,24.598944],[121.857758,24.597846],[121.847911,24.594916],[121.840831,24.590318],[121.850841,24.572984],[121.855968,24.550523],[121.852794,24.530992],[121.830089,24.519232],[121.82838,24.510728],[121.831309,24.500393],[121.837738,24.491034],[121.840017,24.48135],[121.830414,24.473131],[121.806814,24.460639],[121.78004,24.432685],[121.779145,24.42178],[121.780772,24.39761],[121.776378,24.388332],[121.771495,24.380561],[121.768403,24.369371],[121.766449,24.347357],[121.764334,24.341702],[121.760509,24.337104],[121.758556,24.332343],[121.762543,24.326606],[121.763357,24.325792],[121.76588,24.323188],[121.769298,24.318061],[121.771983,24.312934],[121.772716,24.309231],[121.767426,24.30093],[121.745291,24.281236],[121.721446,24.251166],[121.703868,24.238349],[121.698253,24.231513],[121.700938,24.224189],[121.697765,24.21898],[121.672374,24.201483],[121.662852,24.193101],[121.652192,24.172187],[121.641287,24.129869],[121.613048,24.092108],[121.607432,24.07685],[121.608165,24.060492],[121.615001,24.042304],[121.620779,24.034613],[121.625743,24.030951],[121.628917,24.02619],[121.629161,24.01496],[121.625011,24.002387],[121.611095,23.982489],[121.608165,23.970364],[121.6067,23.948065],[121.594493,23.891506],[121.570323,23.832099],[121.539806,23.692816],[121.521495,23.658677],[121.479503,23.435207],[121.462169,23.343004],[121.453624,23.325995],[121.426768,23.293118],[121.416759,23.276068],[121.408865,23.254584],[121.403331,23.214748],[121.403819,23.179267],[121.400076,23.145494],[121.381602,23.110663],[121.373709,23.103217],[121.355479,23.09101],[121.347423,23.083319],[121.343435,23.075385],[121.337087,23.05508],[121.318858,23.025539],[121.307628,22.979804],[121.299571,22.959174],[121.260509,22.907294],[121.255626,22.897773],[121.20281,22.856513],[121.190278,22.843166],[121.188487,22.83393],[121.190929,22.811957],[121.190278,22.802151],[121.185557,22.790961],[121.177419,22.778632],[121.159353,22.757473],[121.141449,22.741767],[121.080251,22.704088],[121.039073,22.662421],[121.029063,22.657538],[121.021007,22.647895],[121.00115,22.600775],[120.991222,22.583075],[120.960623,22.547797],[120.948253,22.526801],[120.941091,22.483629],[120.922862,22.42475],[120.886567,22.365953],[120.881358,22.345933],[120.875011,22.289252],[120.875987,22.237698],[120.879242,22.055813],[120.873302,22.029975],[120.863617,22.008938],[120.850841,22.00023],[120.835704,21.98725],[120.836192,21.957709],[120.841563,21.925482],[120.840343,21.904608],[120.82309,21.928616],[120.797374,21.946763],[120.767426,21.959296],[120.737315,21.966132],[120.736095,21.942816],[120.727306,21.934475],[120.714366,21.937486],[120.700369,21.948432],[120.699555,21.956692],[120.704356,21.981391],[120.68336,22.013861],[120.681651,22.022528],[120.681895,22.029608],[120.68336,22.041205],[120.68336,22.079047],[120.685557,22.090155],[120.694835,22.102607],[120.696951,22.113227],[120.621267,22.295071],[120.615001,22.304999],[120.593923,22.329169],[120.577322,22.363837],[120.569672,22.373847],[120.538748,22.39643],[120.526378,22.403022],[120.522227,22.404283],[120.518077,22.406968],[120.514415,22.420071],[120.511974,22.42475],[120.495291,22.43476],[120.457205,22.451606],[120.439952,22.462592],[120.421723,22.477362],[120.413259,22.482327],[120.40211,22.486802],[120.396007,22.486477],[120.389008,22.484076],[120.38087,22.483873],[120.331228,22.519721],[120.285167,22.580064],[120.333669,22.525946],[120.327973,22.551703],[120.319916,22.565823],[120.313487,22.577053],[120.293305,22.598293],[120.258962,22.62759],[120.245779,22.642524],[120.239594,22.659084],[120.247813,22.675238],[120.252126,22.689643],[120.246349,22.709906],[120.236176,22.729885],[120.21754,22.756741],[120.199962,22.792467],[120.196056,22.808336],[120.196462,22.81859],[120.202159,22.831244],[120.203461,22.839667],[120.201345,22.844143],[120.196462,22.84748],[120.191417,22.852037],[120.18922,22.860175],[120.178477,22.877346],[120.175548,22.884101],[120.167491,22.931871],[120.163829,22.953843],[120.156912,22.966539],[120.1421,22.980292],[120.160167,22.992133],[120.170258,23.013373],[120.166189,23.031724],[120.1421,23.034898],[120.137462,23.028388],[120.133474,23.016547],[120.12672,23.007148],[120.114106,23.007636],[120.109141,23.015448],[120.111013,23.039984],[120.107921,23.04857],[120.092459,23.054755],[120.083751,23.047553],[120.076671,23.037421],[120.066254,23.034898],[120.055186,23.043687],[120.052419,23.055813],[120.054942,23.067776],[120.059418,23.075873],[120.070567,23.081204],[120.084727,23.082953],[120.096446,23.086412],[120.100434,23.096991],[120.094981,23.102484],[120.059418,23.110663],[120.059418,23.117499],[120.089203,23.117743],[120.086274,23.126939],[120.070079,23.139797],[120.059418,23.151028],[120.062022,23.165025],[120.071544,23.169989],[120.081879,23.173163],[120.086925,23.182034],[120.083832,23.195746],[120.078624,23.206977],[120.082159,23.217292],[120.087444,23.230288],[120.096098,23.239491],[120.094249,23.247504],[120.096039,23.255357],[120.108897,23.286689],[120.114919,23.292711],[120.124685,23.294989],[120.110494,23.303699],[120.116527,23.317897],[120.13118,23.31881],[120.143565,23.323879],[120.148936,23.322252],[120.145763,23.333319],[120.137341,23.327734],[120.130284,23.329335],[120.120942,23.329739],[120.120779,23.341254],[120.130149,23.36096],[120.144164,23.361854],[120.164577,23.361711],[120.150645,23.398139],[120.134776,23.426256],[120.1421,23.438951],[120.1421,23.445787],[120.130544,23.450995],[120.132091,23.456977],[120.138682,23.46426],[120.1421,23.47309],[120.157544,23.491476],[120.125029,23.489611],[120.124262,23.520021],[120.141689,23.537947],[120.140868,23.595263],[120.143609,23.638036],[120.15423,23.672212],[120.170805,23.698902],[120.175548,23.733832],[120.184418,23.76439],[120.18922,23.774807],[120.212657,23.803168],[120.216563,23.812649],[120.219493,23.817939],[120.240733,23.832831],[120.246755,23.843411],[120.25294,23.868069],[120.257498,23.878404],[120.284434,23.902004],[120.292247,23.911933],[120.302501,23.93887],[120.318126,23.965806],[120.340099,24.021796],[120.350352,24.038072],[120.361827,24.048529],[120.371267,24.054348],[120.379568,24.05801],[120.385509,24.063056],[120.387869,24.07331],[120.392345,24.082913],[120.411876,24.09691],[120.416352,24.107489],[120.41863,24.142524],[120.422048,24.152167],[120.432302,24.161078],[120.475434,24.207099],[120.477794,24.209662],[120.480642,24.221096],[120.493175,24.230658],[120.501638,24.252875],[120.511974,24.295559],[120.547374,24.351549],[120.558116,24.385891],[120.570811,24.404934],[120.621349,24.456],[120.648936,24.483873],[120.656016,24.49787],[120.659353,24.520697],[120.667735,24.540025],[120.690196,24.576117],[120.6963,24.597724],[120.702159,24.607001],[120.727875,24.613918],[120.735118,24.621243],[120.739431,24.630357],[120.74464,24.638821],[120.76059,24.653957],[120.778087,24.665717],[120.799327,24.670803],[120.826671,24.666083],[120.823009,24.685045],[120.833344,24.697821],[120.847504,24.710842],[120.854503,24.730658],[120.857677,24.737006],[120.871349,24.743232],[120.876964,24.761908],[120.898123,24.801174],[120.906423,24.811469],[120.90919,24.816881],[120.909028,24.82274],[120.906505,24.829088],[120.902354,24.836819],[120.908051,24.847073],[120.914643,24.85342],[120.914887,24.853705],[120.920584,24.861396],[120.922862,24.874661],[120.926036,24.884711],[120.93393,24.894599],[120.944021,24.902045],[120.953624,24.905015],[120.95281,24.909247],[120.955333,24.919379],[120.963878,24.940416],[120.97169,24.951768],[121.005075,25.0],[122.00115,25.0],[121.926768,24.96662],[121.905772,24.9501]]]}},{"type":"Feature","properties":{},"geometry":{"type":"Polygon","coordinates":[[[123.574474,10.830959],[123.575531,10.825588],[123.570811,10.779242],[123.561534,10.760077],[123.533458,10.721096],[123.516856,10.680976],[123.485688,10.54914],[123.473643,10.52676],[123.389659,10.437161],[123.379405,10.421536],[123.365733,10.392524],[123.344737,10.347968],[123.341807,10.326606],[123.340343,10.260688],[123.33546,10.240668],[123.304698,10.178534],[123.300792,10.155341],[123.299815,10.131415],[123.296641,10.111477],[123.290375,10.093573],[123.244151,10.026353],[123.235525,10.001899],[123.228526,9.994696],[123.221365,9.989081],[123.21811,9.984036],[123.204438,9.939032],[123.175955,9.908108],[123.162364,9.890204],[123.156749,9.867621],[123.170421,9.69599],[123.164561,9.672187],[123.163585,9.661851],[123.160411,9.647406],[123.153087,9.646633],[123.144054,9.649237],[123.136241,9.644843],[123.135427,9.618354],[123.177419,9.589911],[123.170421,9.562893],[123.161143,9.583808],[123.143809,9.573676],[123.135509,9.55268],[123.153331,9.541164],[123.180919,9.537421],[123.189952,9.526801],[123.191661,9.509833],[123.197602,9.487128],[123.211681,9.472724],[123.232595,9.459662],[123.251475,9.443996],[123.267263,9.398342],[123.284841,9.379706],[123.305186,9.362494],[123.321137,9.343166],[123.328298,9.302558],[123.317638,9.256903],[123.298595,9.215033],[123.243419,9.136461],[123.23878,9.120307],[123.230154,9.107611],[123.160981,9.06566],[123.147716,9.061835],[123.112071,9.061957],[123.099946,9.059963],[123.079926,9.050971],[123.057872,9.04682],[123.042654,9.03734],[123.033214,9.035305],[122.990489,9.048774],[122.957693,9.081244],[122.933604,9.121487],[122.892589,9.221015],[122.886729,9.287991],[122.880544,9.305854],[122.869395,9.322659],[122.8449,9.347073],[122.827891,9.35871],[122.811046,9.363593],[122.745128,9.366604],[122.724783,9.37108],[122.680675,9.394355],[122.666759,9.397773],[122.657237,9.401435],[122.649262,9.409898],[122.642426,9.419257],[122.635997,9.425727],[122.623546,9.4289],[122.610118,9.429633],[122.599457,9.432685],[122.597097,9.437649],[122.590668,9.450995],[122.57016,9.475246],[122.551768,9.490953],[122.529796,9.537909],[122.51588,9.54857],[122.505219,9.552395],[122.496593,9.561713],[122.466807,9.623847],[122.457286,9.637926],[122.464366,9.646959],[122.461436,9.65526],[122.443614,9.672756],[122.438243,9.668402],[122.428233,9.662787],[122.423106,9.658433],[122.424815,9.672797],[122.430837,9.698798],[122.430431,9.71369],[122.424571,9.71015],[122.408702,9.70307],[122.402599,9.699408],[122.403575,9.738959],[122.409353,9.775702],[122.409841,9.808539],[122.395193,9.836615],[122.395193,9.842841],[122.405935,9.853461],[122.444102,9.921536],[122.461599,9.965806],[122.47462,9.974351],[122.495372,9.976996],[122.537771,9.987047],[122.560313,9.987454],[122.625987,9.974677],[122.642833,9.966946],[122.656993,9.975816],[122.707774,9.986396],[122.728526,9.997382],[122.782237,10.052965],[122.807384,10.069322],[122.826915,10.058092],[122.8449,10.067288],[122.872813,10.100409],[122.878917,10.118069],[122.875824,10.143012],[122.862559,10.185452],[122.855317,10.228013],[122.869395,10.350531],[122.859386,10.394477],[122.821788,10.47248],[122.814708,10.515041],[122.823904,10.532864],[122.84254,10.541409],[122.861013,10.54621],[122.869395,10.552558],[122.874848,10.561835],[122.910411,10.597561],[122.933849,10.64883],[122.934581,10.658393],[122.97169,10.721096],[122.975841,10.742418],[122.97169,10.806098],[122.968516,10.811103],[122.953949,10.822008],[122.950694,10.827216],[122.952159,10.847724],[122.954356,10.85578],[122.958181,10.864447],[122.966319,10.87637],[122.993826,10.906724],[123.002615,10.912828],[123.048025,10.914862],[123.067719,10.91885],[123.087738,10.92593],[123.170095,10.9772],[123.213552,10.996405],[123.259776,10.994818],[123.262218,10.991156],[123.265147,10.984117],[123.269786,10.977362],[123.276866,10.974311],[123.295665,10.975328],[123.300792,10.974311],[123.31186,10.966986],[123.3296,10.951402],[123.341807,10.946357],[123.35377,10.947577],[123.379242,10.958808],[123.390147,10.960028],[123.403575,10.953192],[123.401378,10.945299],[123.39503,10.936225],[123.396251,10.92593],[123.405447,10.919827],[123.412934,10.924058],[123.420665,10.932685],[123.431,10.939602],[123.445649,10.942288],[123.456879,10.940497],[123.467052,10.93651],[123.502615,10.92772],[123.521821,10.919908],[123.535004,10.904853],[123.541759,10.865465],[123.546641,10.856106],[123.560802,10.837144],[123.56365,10.835354],[123.567393,10.835395],[123.571056,10.834784],[123.574474,10.830959]]]}},{"type":"Feature","properties":{},"geometry":{"type":"Polygon","coordinates":[[[124.047374,10.834052],[124.043793,10.809475],[124.026622,10.769599],[124.020763,10.747748],[124.023936,10.708441],[124.050792,10.627387],[124.054942,10.590074],[124.051768,10.589504],[124.044688,10.586005],[124.037364,10.581122],[124.033865,10.576483],[124.034434,10.571438],[124.040375,10.568549],[124.04127,10.562812],[124.04005,10.484361],[124.035899,10.466783],[124.009776,10.404039],[124.010102,10.394924],[124.018728,10.380805],[124.014903,10.372463],[123.992849,10.357367],[123.990489,10.368842],[123.98585,10.375963],[123.979666,10.377183],[123.972911,10.370998],[123.970876,10.362209],[123.972911,10.326606],[123.961111,10.32331],[123.906261,10.294501],[123.889659,10.282213],[123.868663,10.248196],[123.857107,10.242133],[123.831798,10.240668],[123.808116,10.23664],[123.79363,10.226467],[123.773692,10.199693],[123.719493,10.156806],[123.711681,10.141343],[123.709972,10.120592],[123.704845,10.105455],[123.696137,10.093899],[123.683767,10.083645],[123.675548,10.079006],[123.663422,10.074652],[123.656993,10.069322],[123.652599,10.063625],[123.648204,10.05565],[123.644786,10.047024],[123.643321,10.038967],[123.643321,9.96011],[123.63087,9.90762],[123.62908,9.887519],[123.624766,9.87934],[123.615489,9.874457],[123.605968,9.871161],[123.601817,9.867621],[123.509451,9.65351],[123.503429,9.615302],[123.488292,9.566474],[123.479503,9.54857],[123.471039,9.538967],[123.453298,9.528062],[123.444672,9.521308],[123.435883,9.509955],[123.422699,9.487698],[123.36964,9.425727],[123.358572,9.415758],[123.342459,9.406806],[123.327647,9.408149],[123.321137,9.429145],[123.31422,9.485541],[123.314301,9.507636],[123.365245,9.785346],[123.404959,9.878404],[123.40919,9.897691],[123.410655,9.922553],[123.406423,9.927558],[123.387543,9.937079],[123.383311,9.942694],[123.387055,9.973782],[123.390147,9.980618],[123.398448,9.984809],[123.404063,9.981269],[123.407725,9.975816],[123.410655,9.974351],[123.415212,9.98135],[123.417166,9.989651],[123.417328,10.011664],[123.422537,10.037502],[123.435395,10.05508],[123.472016,10.083645],[123.507986,10.122219],[123.521332,10.14525],[123.533458,10.190375],[123.581309,10.25434],[123.596853,10.317776],[123.605479,10.333157],[123.622732,10.350531],[123.706798,10.461982],[123.711681,10.477444],[123.713878,10.482327],[123.718516,10.487291],[123.723155,10.494208],[123.725352,10.504788],[123.718028,10.537055],[123.719086,10.54914],[123.729259,10.569241],[123.754405,10.599433],[123.764985,10.640041],[123.777843,10.662584],[123.792735,10.683254],[123.831554,10.725084],[123.849294,10.752631],[123.915782,10.939765],[123.934581,10.970445],[123.930024,10.993598],[123.917735,11.028957],[123.924083,11.046332],[123.935232,11.059231],[123.944347,11.074164],[123.945079,11.097846],[123.951915,11.097846],[123.955414,11.090237],[123.959646,11.085517],[123.972911,11.077338],[123.960704,11.130764],[123.955251,11.142239],[123.951915,11.156724],[123.958751,11.17593],[123.969737,11.194525],[124.018321,11.25849],[124.045665,11.277167],[124.074718,11.26911],[124.072765,11.26203],[124.068126,11.233344],[124.055675,11.205024],[124.05128,11.185492],[124.047374,11.148749],[124.04127,11.130113],[124.010753,11.09455],[123.999522,11.077338],[124.009125,11.073391],[124.012543,11.06623],[124.013927,11.059312],[124.0171,11.05622],[124.037283,11.057522],[124.046153,11.05976],[124.054942,11.063666],[124.051931,11.043158],[124.061778,10.98428],[124.059744,10.962307],[124.053477,10.930569],[124.054942,10.912828],[124.066905,10.889065],[124.068533,10.878119],[124.064952,10.867906],[124.050629,10.845038],[124.047374,10.834052]]]}},{"type":"Feature","properties":{},"geometry":{"type":"Polygon","coordinates":[[[119.671886,10.552558],[119.714122,10.53266],[119.725352,10.518622],[119.709972,10.494534],[119.701996,10.490871],[119.678477,10.485663],[119.668468,10.480862],[119.64796,10.449856],[119.639659,10.444729],[119.593435,10.405178],[119.575857,10.38052],[119.563243,10.373481],[119.542247,10.370998],[119.500824,10.370998],[119.489024,10.372463],[119.472667,10.378119],[119.463064,10.378485],[119.449229,10.373033],[119.418712,10.35456],[119.398123,10.350531],[119.378266,10.344143],[119.355968,10.328843],[119.285981,10.261379],[119.257335,10.221991],[119.237153,10.179348],[119.220714,10.084174],[119.1963,10.056342],[119.159434,10.041246],[119.113536,10.028998],[119.10255,10.0244],[119.08253,10.012519],[119.072032,10.007961],[119.060557,10.006659],[119.036143,10.009019],[119.02475,10.007961],[119.014985,10.00373],[118.994965,9.992011],[118.983897,9.987454],[118.972911,9.984524],[118.951427,9.981024],[118.903005,9.978664],[118.874766,9.971869],[118.848806,9.959133],[118.819347,9.939032],[118.79656,9.945217],[118.774181,9.934149],[118.757172,9.912665],[118.750499,9.887519],[118.754568,9.855943],[118.775645,9.814032],[118.784679,9.788235],[118.777843,9.734198],[118.764903,9.728746],[118.749034,9.732815],[118.735606,9.743476],[118.729991,9.757758],[118.733897,9.775702],[118.729666,9.780422],[118.712901,9.781968],[118.700938,9.775539],[118.701915,9.76024],[118.705577,9.742174],[118.701996,9.727362],[118.713145,9.721625],[118.719737,9.713813],[118.720958,9.704047],[118.716319,9.692572],[118.742931,9.696845],[118.758311,9.683336],[118.756358,9.66767],[118.729991,9.665269],[118.731619,9.650377],[118.725352,9.631293],[118.715505,9.612779],[118.705821,9.600084],[118.700531,9.591498],[118.698904,9.583726],[118.695323,9.57807],[118.674815,9.574368],[118.6692,9.569973],[118.592133,9.446194],[118.557302,9.411689],[118.551931,9.40119],[118.547374,9.383002],[118.536469,9.364325],[118.497895,9.313666],[118.492198,9.308824],[118.455089,9.284369],[118.445649,9.281684],[118.430837,9.273179],[118.380544,9.220282],[118.365001,9.193061],[118.35377,9.183173],[118.335785,9.179267],[118.294932,9.179267],[118.284353,9.176418],[118.261404,9.162787],[118.250173,9.158149],[118.189138,9.155992],[118.171235,9.148261],[118.163422,9.142808],[118.136974,9.130845],[118.132091,9.126654],[118.12672,9.096137],[118.113048,9.069403],[118.112071,9.064927],[118.113455,9.053778],[118.113048,9.048977],[118.109141,9.047593],[118.102224,9.047797],[118.09547,9.045966],[118.09254,9.038398],[118.089122,9.019761],[118.080414,8.996283],[118.05836,8.952094],[118.013682,8.8876],[118.000662,8.877387],[117.910411,8.829739],[117.840099,8.774482],[117.773692,8.70307],[117.755382,8.690172],[117.732921,8.685207],[117.711274,8.682929],[117.698009,8.677436],[117.685802,8.67064],[117.667328,8.66474],[117.646739,8.663275],[117.588878,8.670966],[117.565603,8.661078],[117.557384,8.638414],[117.558116,8.596422],[117.550141,8.575629],[117.523123,8.5397],[117.517263,8.517646],[117.512869,8.506781],[117.503184,8.500718],[117.4935,8.499661],[117.489106,8.503648],[117.484141,8.513007],[117.472179,8.513821],[117.378917,8.486314],[117.344981,8.471259],[117.318614,8.45185],[117.315196,8.446112],[117.307628,8.429389],[117.304373,8.424506],[117.27003,8.414293],[117.263845,8.39761],[117.249278,8.383531],[117.222341,8.363715],[117.198009,8.334784],[117.190766,8.338324],[117.188243,8.366523],[117.19044,8.37816],[117.199718,8.398017],[117.204763,8.418647],[117.211436,8.427069],[117.218435,8.433417],[117.222341,8.438178],[117.223399,8.448065],[117.221934,8.469062],[117.222504,8.48432],[117.221934,8.495063],[117.222341,8.50023],[117.225352,8.505316],[117.234141,8.511298],[117.239594,8.535793],[117.248546,8.55508],[117.27003,8.589016],[117.267751,8.590318],[117.263927,8.610093],[117.279959,8.604967],[117.286794,8.620347],[117.291515,8.640815],[117.301117,8.651068],[117.312185,8.656195],[117.327159,8.668647],[117.342052,8.684272],[117.352712,8.698879],[117.339041,8.698879],[117.35963,8.731269],[117.375987,8.746812],[117.417735,8.759101],[117.435557,8.773139],[117.450369,8.791164],[117.519786,8.899726],[117.543793,8.925442],[117.622732,8.991848],[117.640147,9.020982],[117.647716,9.042914],[117.655528,9.057929],[117.66863,9.066636],[117.691905,9.069403],[117.704438,9.079495],[117.71225,9.08161],[117.715668,9.072496],[117.719737,9.065823],[117.729503,9.064154],[117.740733,9.065904],[117.750011,9.069403],[117.761892,9.077948],[117.768077,9.086412],[117.780528,9.120266],[117.7824,9.122545],[117.787852,9.127427],[117.79127,9.134833],[117.789317,9.14232],[117.784028,9.151353],[117.79656,9.163275],[117.836681,9.188218],[117.849864,9.192939],[117.866466,9.203599],[117.889985,9.250556],[117.90447,9.261217],[117.944998,9.25609],[117.966319,9.25727],[117.989513,9.267401],[117.988048,9.255927],[117.989594,9.246243],[117.994477,9.238593],[118.003184,9.233303],[118.016368,9.243232],[118.02589,9.253811],[118.044688,9.281684],[118.054373,9.291449],[118.126964,9.337836],[118.133556,9.343166],[118.135265,9.351874],[118.131033,9.373196],[118.133556,9.384711],[118.148204,9.396715],[118.17156,9.407864],[118.192882,9.42182],[118.216319,9.477973],[118.277192,9.519721],[118.297699,9.554877],[118.326182,9.579047],[118.332774,9.586412],[118.334972,9.59162],[118.33961,9.596584],[118.344249,9.603217],[118.346446,9.613756],[118.34547,9.636176],[118.349132,9.645738],[118.360118,9.658433],[118.371755,9.654364],[118.382335,9.657782],[118.401134,9.672756],[118.408458,9.676337],[118.415294,9.67772],[118.420258,9.680732],[118.424327,9.697903],[118.429454,9.700629],[118.436209,9.70189],[118.442638,9.706244],[118.450857,9.715766],[118.530528,9.774237],[118.537608,9.785102],[118.54835,9.812405],[118.595714,9.857367],[118.606456,9.874172],[118.608246,9.885321],[118.613129,9.900946],[118.620616,9.916897],[118.657237,9.965237],[118.667979,9.974351],[118.656505,9.996161],[118.673595,10.011786],[118.722504,10.035834],[118.728852,10.045803],[118.763682,10.120754],[118.771658,10.130805],[118.776622,10.099066],[118.776622,10.083075],[118.767833,10.076158],[118.76295,10.069241],[118.77947,10.056301],[118.801117,10.049018],[118.81186,10.059068],[118.814789,10.067288],[118.8213,10.073879],[118.828298,10.07925],[118.832367,10.083645],[118.837657,10.095689],[118.838634,10.099921],[118.836436,10.102729],[118.817719,10.136705],[118.812348,10.152086],[118.81186,10.172349],[118.815766,10.18891],[118.822276,10.194525],[118.842947,10.192857],[118.855154,10.196031],[118.875336,10.21015],[118.891124,10.213324],[118.918468,10.208319],[118.933604,10.209662],[118.949718,10.22016],[118.958344,10.235256],[118.960134,10.252509],[118.956716,10.269192],[118.949718,10.282213],[118.956554,10.284817],[118.959483,10.286811],[118.962657,10.286444],[118.970225,10.282213],[118.979259,10.292304],[118.993419,10.300279],[119.009451,10.306098],[119.02475,10.309556],[119.021739,10.325181],[119.03004,10.338568],[119.033946,10.349351],[119.017914,10.357367],[119.008149,10.353705],[118.995942,10.346096],[118.984386,10.344062],[118.97641,10.357367],[118.979747,10.368109],[118.989757,10.383287],[119.001964,10.397528],[119.011729,10.405178],[119.027517,10.407172],[119.043956,10.404202],[119.059337,10.398261],[119.072032,10.391506],[119.079112,10.40469],[119.079112,10.415473],[119.084321,10.422797],[119.1067,10.425605],[119.09962,10.438707],[119.090587,10.445624],[119.084483,10.452786],[119.085704,10.46662],[119.091319,10.47309],[119.111095,10.480658],[119.120372,10.487738],[119.1185,10.476793],[119.117035,10.472398],[119.113536,10.46662],[119.118826,10.454291],[119.127208,10.394924],[119.135265,10.388129],[119.152843,10.398505],[119.181814,10.425605],[119.192068,10.447984],[119.195567,10.453559],[119.202647,10.45718],[119.211925,10.459703],[119.219981,10.463365],[119.229991,10.485419],[119.263927,10.494127],[119.278087,10.508205],[119.268403,10.519517],[119.255626,10.530951],[119.247244,10.542955],[119.250743,10.555976],[119.269542,10.548529],[119.290782,10.557685],[119.309093,10.57453],[119.319102,10.590074],[119.344981,10.723578],[119.342052,10.736151],[119.3296,10.751166],[119.32545,10.757514],[119.321788,10.765611],[119.316905,10.772691],[119.309093,10.775702],[119.302013,10.772854],[119.291677,10.762112],[119.284841,10.76203],[119.273936,10.771674],[119.270274,10.784898],[119.271251,10.812934],[119.266124,10.826606],[119.253591,10.83747],[119.237804,10.845404],[119.223399,10.850816],[119.252615,10.887274],[119.257579,10.891099],[119.249278,10.90233],[119.236339,10.908433],[119.22877,10.916246],[119.237071,10.932685],[119.222504,10.941718],[119.231944,10.951158],[119.247244,10.949774],[119.250743,10.92593],[119.257579,10.92593],[119.258962,10.93008],[119.264415,10.939602],[119.268321,10.931789],[119.273123,10.927476],[119.278575,10.927558],[119.284841,10.932685],[119.291677,10.932685],[119.287852,10.920559],[119.285167,10.917467],[119.278087,10.912828],[119.291677,10.884955],[119.271251,10.884955],[119.278087,10.874945],[119.288585,10.871527],[119.300792,10.873114],[119.312836,10.878119],[119.305837,10.857123],[119.309825,10.847317],[119.320323,10.83926],[119.333263,10.823472],[119.339529,10.823472],[119.339529,10.830959],[119.346934,10.830959],[119.351573,10.810736],[119.368175,10.801337],[119.386404,10.793687],[119.394705,10.778795],[119.39796,10.768215],[119.404959,10.762356],[119.41212,10.761379],[119.418712,10.769924],[119.426117,10.762641],[119.433279,10.752346],[119.439464,10.740424],[119.441091,10.732733],[119.445079,10.727484],[119.456798,10.727281],[119.46754,10.732652],[119.469493,10.741034],[119.465668,10.75023],[119.459972,10.758287],[119.445974,10.789374],[119.439708,10.796047],[119.444184,10.810614],[119.452403,10.824937],[119.456798,10.830959],[119.44988,10.841295],[119.435069,10.85224],[119.418224,10.860907],[119.404959,10.864447],[119.38795,10.864691],[119.370128,10.867743],[119.355235,10.877753],[119.346934,10.898586],[119.348643,10.908026],[119.35906,10.92768],[119.360606,10.932685],[119.351736,10.93476],[119.337738,10.932929],[119.324718,10.933498],[119.319102,10.94302],[119.319998,11.000881],[119.325938,11.015286],[119.325938,11.022773],[119.333263,11.022773],[119.335216,11.011542],[119.340587,11.004055],[119.348888,11.000434],[119.360606,11.000963],[119.352794,11.023586],[119.327403,11.064439],[119.325938,11.090399],[119.334972,11.102932],[119.347911,11.089179],[119.362641,11.067572],[119.377289,11.05622],[119.387543,11.054023],[119.397146,11.050279],[119.406098,11.049547],[119.415294,11.05622],[119.418793,11.067857],[119.418712,11.095608],[119.43214,11.122219],[119.426117,11.133938],[119.417166,11.140326],[119.415294,11.138821],[119.398774,11.159247],[119.3921,11.171373],[119.38795,11.186591],[119.400727,11.18537],[119.413341,11.196682],[119.423595,11.213202],[119.428966,11.227525],[119.428396,11.249823],[119.420584,11.297553],[119.425548,11.313544],[119.430186,11.318427],[119.433442,11.322659],[119.435069,11.327379],[119.435802,11.33397],[119.438731,11.337958],[119.444835,11.337836],[119.44988,11.334906],[119.449392,11.330634],[119.465505,11.346829],[119.473806,11.357856],[119.477306,11.368476],[119.479991,11.396186],[119.484386,11.410549],[119.491059,11.420885],[119.501964,11.423326],[119.509044,11.413072],[119.51295,11.397773],[119.514415,11.385443],[119.514496,11.367662],[119.515391,11.361762],[119.518565,11.350775],[119.52296,11.339911],[119.529552,11.330552],[119.538829,11.323717],[119.541515,11.32807],[119.547699,11.332668],[119.552419,11.337388],[119.567068,11.301418],[119.569021,11.261664],[119.561046,11.220282],[119.545665,11.179145],[119.520518,11.138414],[119.516368,11.117499],[119.528575,11.094143],[119.553396,11.072211],[119.561778,11.059027],[119.572439,11.015326],[119.570567,11.007514],[119.559255,11.000963],[119.538341,11.012763],[119.524181,11.01732],[119.517589,11.011868],[119.506602,10.983588],[119.504568,10.970893],[119.505707,10.958645],[119.510427,10.937323],[119.511404,10.92593],[119.510102,10.916327],[119.505056,10.89647],[119.504568,10.884955],[119.507335,10.874945],[119.51588,10.85928],[119.519298,10.837714],[119.523936,10.827623],[119.531586,10.81981],[119.542247,10.816636],[119.554942,10.818671],[119.562755,10.823188],[119.568044,10.82807],[119.572927,10.830959],[119.585216,10.833441],[119.589122,10.834703],[119.593435,10.837144],[119.602712,10.824408],[119.601573,10.810858],[119.596446,10.797553],[119.593435,10.78559],[119.600108,10.754584],[119.600108,10.717353],[119.596365,10.697089],[119.590505,10.68244],[119.590831,10.672431],[119.606293,10.665839],[119.627208,10.668118],[119.641368,10.675849],[119.653575,10.675116],[119.668468,10.652167],[119.65919,10.655097],[119.650645,10.656195],[119.642426,10.65526],[119.634451,10.652167],[119.639903,10.643948],[119.642589,10.637885],[119.642751,10.632066],[119.641287,10.624905],[119.655121,10.612291],[119.662771,10.57099],[119.671886,10.552558]]]}},{"type":"Feature","properties":{},"geometry":{"type":"Polygon","coordinates":[[[123.170421,11.48078],[123.174815,11.467475],[123.169281,11.453599],[123.161143,11.438951],[123.156749,11.423082],[123.160899,11.394355],[123.160411,11.380439],[123.149425,11.361884],[123.149262,11.35635],[123.147716,11.352484],[123.129161,11.349351],[123.125662,11.344875],[123.124766,11.338324],[123.122081,11.330634],[123.123871,11.329291],[123.122081,11.30268],[123.121349,11.301581],[123.115896,11.282172],[123.113536,11.266669],[123.115896,11.230658],[123.118907,11.221503],[123.125987,11.216783],[123.133067,11.210435],[123.136241,11.196519],[123.131358,11.182685],[123.111339,11.168036],[123.108246,11.151801],[123.085623,11.162543],[123.060883,11.16942],[123.04127,11.163398],[123.028331,11.109849],[123.014903,11.09162],[122.995372,11.078803],[122.97169,11.069892],[122.977061,11.057034],[122.972423,11.049018],[122.950694,11.035793],[122.952403,11.046088],[122.951671,11.055732],[122.947276,11.062323],[122.938243,11.063666],[122.93336,11.058417],[122.930349,11.036851],[122.924571,11.028957],[122.914073,11.026272],[122.9074,11.029731],[122.900401,11.034491],[122.889903,11.035793],[122.88502,11.033189],[122.862559,11.015286],[122.862559,11.028957],[122.839122,11.018052],[122.812022,10.998481],[122.789317,10.97606],[122.78004,10.956936],[122.785167,10.925686],[122.794281,10.900539],[122.798025,10.875434],[122.786876,10.84455],[122.761485,10.810736],[122.744802,10.79564],[122.728526,10.789374],[122.719005,10.79149],[122.702403,10.800849],[122.694102,10.802965],[122.686534,10.800849],[122.666759,10.789374],[122.655528,10.787014],[122.642751,10.781236],[122.630626,10.774359],[122.614757,10.761461],[122.610037,10.75609],[122.601248,10.740953],[122.603038,10.738756],[122.605968,10.734036],[122.604991,10.727729],[122.594981,10.721096],[122.589854,10.698717],[122.544688,10.689846],[122.45102,10.686347],[122.365408,10.672675],[122.357188,10.670396],[122.343598,10.660631],[122.33839,10.658393],[122.304047,10.659735],[122.293305,10.658393],[122.2824,10.654039],[122.268565,10.642727],[122.259288,10.637885],[122.248546,10.637926],[122.237559,10.641425],[122.226573,10.642239],[122.214529,10.634467],[122.173595,10.600653],[122.161957,10.593736],[122.152029,10.592353],[122.141612,10.592434],[122.128917,10.590074],[122.101817,10.569322],[122.039561,10.46662],[122.033214,10.460924],[122.015798,10.445461],[121.982107,10.430243],[121.949718,10.433173],[121.929698,10.46662],[121.932465,10.508694],[121.972179,10.582099],[121.984874,10.624905],[121.984874,10.647284],[121.978038,10.710191],[121.971853,10.725002],[121.944102,10.753567],[121.937022,10.775702],[121.939708,10.793606],[121.954112,10.823228],[121.959972,10.853909],[121.978038,10.905463],[122.045095,11.017401],[122.053071,11.063666],[122.053071,11.233791],[122.050629,11.254706],[122.044281,11.277777],[122.041759,11.300442],[122.050059,11.320299],[122.061371,11.339057],[122.066091,11.360175],[122.073578,11.477362],[122.075938,11.482571],[122.080821,11.487616],[122.085704,11.494574],[122.107188,11.657945],[122.101573,11.693671],[122.084483,11.724677],[122.060232,11.73371],[122.029063,11.734687],[121.99171,11.741441],[121.957856,11.755357],[121.941173,11.760077],[121.919688,11.761949],[121.882172,11.760728],[121.864757,11.762641],[121.853852,11.769436],[121.854421,11.771837],[121.85613,11.779771],[121.866222,11.793443],[121.878103,11.805325],[121.885265,11.81037],[121.889008,11.819281],[121.891449,11.83926],[121.891775,11.859931],[121.888682,11.871243],[121.891856,11.88524],[121.896821,11.893785],[121.905528,11.898017],[121.919688,11.899115],[121.926524,11.903388],[121.939708,11.922187],[121.946625,11.926459],[121.95338,11.927802],[121.958995,11.933173],[121.963715,11.933905],[121.972179,11.930365],[121.977306,11.924018],[121.980968,11.917467],[121.984874,11.913398],[122.02003,11.903144],[122.030284,11.896308],[122.053233,11.866685],[122.072602,11.849311],[122.094412,11.834662],[122.117931,11.823554],[122.228689,11.79975],[122.265391,11.785549],[122.300141,11.761949],[122.322113,11.742255],[122.336111,11.73664],[122.377208,11.733222],[122.38795,11.727444],[122.427989,11.668769],[122.440766,11.657457],[122.454112,11.652737],[122.465343,11.64525],[122.512462,11.59809],[122.572276,11.574937],[122.588145,11.563381],[122.592214,11.554267],[122.594737,11.54857],[122.597504,11.531806],[122.604177,11.517076],[122.622325,11.508734],[122.628429,11.510403],[122.641287,11.520087],[122.65447,11.526068],[122.654307,11.53441],[122.65089,11.543606],[122.649669,11.549709],[122.654145,11.565985],[122.660411,11.568752],[122.673595,11.560248],[122.686046,11.545844],[122.692638,11.542467],[122.704275,11.542873],[122.694102,11.555325],[122.695649,11.561347],[122.703136,11.565009],[122.711111,11.570217],[122.730805,11.592231],[122.733409,11.601304],[122.730317,11.604438],[122.728038,11.607856],[122.724783,11.611762],[122.755382,11.613837],[122.793956,11.612291],[122.830333,11.605292],[122.854991,11.591254],[122.863455,11.576158],[122.868663,11.560452],[122.874848,11.547919],[122.886404,11.542873],[122.900157,11.540676],[122.944509,11.522406],[122.894298,11.487209],[122.875824,11.465644],[122.87615,11.447252],[122.900727,11.437934],[122.927745,11.451117],[122.955414,11.470689],[122.9817,11.48078],[123.008067,11.487291],[123.0442,11.515855],[123.08961,11.52969],[123.117849,11.548163],[123.142345,11.572699],[123.156749,11.59809],[123.163585,11.59809],[123.164399,11.537991],[123.156749,11.522406],[123.149099,11.519355],[123.137869,11.518012],[123.127289,11.515448],[123.122081,11.508734],[123.12322,11.498725],[123.129242,11.493801],[123.138845,11.492743],[123.149913,11.494452],[123.140391,11.479315],[123.148123,11.476955],[123.170421,11.48078]]]}},{"type":"Feature","properties":{},"geometry":{"type":"Polygon","coordinates":[[[121.115977,12.196763],[121.128266,12.174994],[121.131033,12.164374],[121.127696,12.159857],[121.118907,12.158108],[121.108653,12.162502],[121.099376,12.16942],[121.090099,12.174262],[121.083669,12.183498],[121.0796,12.197699],[121.069591,12.211371],[121.051606,12.220933],[121.039561,12.251532],[121.059906,12.278388],[121.088145,12.267076],[121.097911,12.244696],[121.105235,12.211168],[121.110118,12.203111],[121.114106,12.199164],[121.115977,12.196763]]]}},{"type":"Feature","properties":{},"geometry":{"type":"Polygon","coordinates":[[[123.991649,10.324284],[124.009394,10.311758],[124.020876,10.316977],[124.038621,10.329503],[124.04384,10.324284],[124.026095,10.306539],[124.006263,10.28775],[123.988518,10.266874],[123.975992,10.255392],[123.957203,10.253304],[123.946765,10.245997],[123.933196,10.254348],[123.934239,10.273137],[123.934239,10.288794],[123.947809,10.306539],[123.980167,10.320109],[123.991649,10.324284]]]}},{"type":"Feature","properties":{},"geometry":{"type":"Polygon","coordinates":[[[108.870372,3.048245],[108.867849,3.04442],[108.873383,3.033149],[108.84962,3.019395],[108.848399,3.023749],[108.852712,3.025214],[108.854828,3.033149],[108.848643,3.043199],[108.843028,3.050605],[108.841319,3.05744],[108.84669,3.065497],[108.853852,3.063788],[108.85906,3.061021],[108.865815,3.057929],[108.870291,3.053697],[108.871837,3.052883],[108.870372,3.048245]]]}},{"type":"Feature","properties":{},"geometry":{"type":"Polygon","coordinates":[[[105.98821,3.052802],[105.983897,3.049994],[105.97991,3.042711],[105.984467,3.03913],[105.97641,3.023749],[105.973399,3.028795],[105.973969,3.034695],[105.968598,3.032742],[105.964041,3.03205],[105.964854,3.040391],[105.96518,3.051418],[105.966482,3.055569],[105.966807,3.060899],[105.966075,3.069525],[105.966807,3.07335],[105.970307,3.083848],[105.984467,3.090522],[105.987071,3.083075],[105.984223,3.069648],[105.981944,3.063015],[105.98821,3.052802]]]}},{"type":"Feature","properties":{},"geometry":{"type":"Polygon","coordinates":[[[105.651866,3.126573],[105.658051,3.121202],[105.666352,3.10692],[105.666189,3.098782],[105.656505,3.10281],[105.653982,3.099718],[105.654959,3.094875],[105.644054,3.101223],[105.641287,3.107733],[105.638764,3.109442],[105.641205,3.112006],[105.640473,3.117499],[105.641205,3.125027],[105.651866,3.126573]]]}},{"type":"Feature","properties":{},"geometry":{"type":"Polygon","coordinates":[[[106.417979,3.159451],[106.427419,3.156236],[106.433523,3.149319],[106.431651,3.135932],[106.427826,3.13817],[106.418224,3.141059],[106.410167,3.138373],[106.404389,3.140001],[106.400727,3.142035],[106.405772,3.150865],[106.414887,3.162014],[106.417979,3.159451]]]}},{"type":"Feature","properties":{},"geometry":{"type":"Polygon","coordinates":[[[106.197276,3.303127],[106.194509,3.295762],[106.18808,3.305976],[106.180919,3.312242],[106.170177,3.330512],[106.174001,3.340806],[106.199148,3.355496],[106.202322,3.363878],[106.197765,3.380032],[106.204682,3.389146],[106.218842,3.394843],[106.225271,3.392849],[106.221039,3.387519],[106.21811,3.378404],[106.218598,3.363674],[106.223969,3.353664],[106.233084,3.353176],[106.230805,3.336249],[106.216319,3.30565],[106.208507,3.305935],[106.203461,3.31391],[106.202485,3.326158],[106.200287,3.330024],[106.197765,3.328315],[106.196218,3.322781],[106.197276,3.303127]]]}},{"type":"Feature","properties":{},"geometry":{"type":"Polygon","coordinates":[[[108.043468,3.597805],[108.045339,3.598944],[108.049327,3.594387],[108.051443,3.581732],[108.048757,3.569403],[108.04127,3.575059],[108.038178,3.586737],[108.041677,3.592637],[108.043468,3.597805]]]}},{"type":"Feature","properties":{},"geometry":{"type":"Polygon","coordinates":[[[108.09669,3.641832],[108.1067,3.642768],[108.120046,3.636461],[108.124604,3.623236],[108.115896,3.608507],[108.101329,3.60163],[108.09018,3.602484],[108.083018,3.59691],[108.074718,3.594428],[108.0713,3.604315],[108.075694,3.61404],[108.081309,3.619778],[108.08782,3.622626],[108.09669,3.641832]]]}},{"type":"Feature","properties":{},"geometry":{"type":"Polygon","coordinates":[[[108.081554,3.643419],[108.073578,3.642239],[108.063162,3.643215],[108.058767,3.640448],[108.055024,3.643297],[108.051443,3.661729],[108.059581,3.674099],[108.074555,3.672187],[108.082937,3.662909],[108.087738,3.652248],[108.086111,3.646389],[108.081554,3.643419]]]}},{"type":"Feature","properties":{},"geometry":{"type":"Polygon","coordinates":[[[108.039724,3.791571],[108.042491,3.786811],[108.034516,3.770616],[108.033539,3.770657],[108.035085,3.77969],[108.030772,3.786811],[108.028982,3.784939],[108.022146,3.784329],[108.013682,3.788967],[108.01824,3.799302],[108.014985,3.806138],[108.014334,3.812323],[108.007986,3.813544],[108.001313,3.816677],[107.994965,3.817206],[107.996104,3.822496],[108.005056,3.825466],[108.016368,3.823147],[108.026215,3.817125],[108.031342,3.810045],[108.033702,3.799913],[108.035085,3.795274],[108.039724,3.791571]]]}},{"type":"Feature","properties":{},"geometry":{"type":"Polygon","coordinates":[[[107.908458,3.91706],[107.921072,3.914211],[107.924327,3.904812],[107.917898,3.892239],[107.913422,3.889635],[107.906912,3.891018],[107.89796,3.901109],[107.896007,3.910631],[107.903331,3.919501],[107.908458,3.91706]]]}},{"type":"Feature","properties":{},"geometry":{"type":"Polygon","coordinates":[[[107.862966,4.166775],[107.866384,4.164944],[107.869395,4.159695],[107.868175,4.156399],[107.861746,4.143785],[107.863862,4.134385],[107.85613,4.124864],[107.853363,4.123155],[107.849946,4.125637],[107.846283,4.120063],[107.842214,4.12344],[107.845714,4.127875],[107.847504,4.130276],[107.845225,4.132717],[107.845632,4.13939],[107.84905,4.145941],[107.856456,4.160509],[107.862966,4.166775]]]}},{"type":"Feature","properties":{},"geometry":{"type":"Polygon","coordinates":[[[108.198904,4.263983],[108.199067,4.270372],[108.206716,4.274726],[108.205089,4.265733],[108.200369,4.255357],[108.190115,4.243394],[108.188813,4.249213],[108.196707,4.258694],[108.198904,4.263983]]]}},{"type":"Feature","properties":{},"geometry":{"type":"Polygon","coordinates":[[[118.772309,4.626532],[118.77589,4.618679],[118.778656,4.61343],[118.76767,4.615058],[118.758067,4.619615],[118.748464,4.626532],[118.744314,4.622097],[118.733409,4.612698],[118.723155,4.602769],[118.724946,4.620551],[118.738699,4.630276],[118.745046,4.632107],[118.747406,4.634589],[118.752045,4.632432],[118.759451,4.630276],[118.763031,4.632107],[118.772309,4.626532]]]}},{"type":"Feature","properties":{},"geometry":{"type":"Polygon","coordinates":[[[125.429861,4.664862],[125.436697,4.669542],[125.437673,4.657091],[125.434906,4.655666],[125.431733,4.650092],[125.430512,4.651842],[125.429861,4.664862]]]}},{"type":"Feature","properties":{},"geometry":{"type":"Polygon","coordinates":[[[125.434906,4.671373],[125.431163,4.673448],[125.429779,4.678331],[125.437348,4.680487],[125.434906,4.671373]]]}},{"type":"Feature","properties":{},"geometry":{"type":"Polygon","coordinates":[[[125.483409,4.739773],[125.476573,4.733629],[125.472992,4.73786],[125.477875,4.746934],[125.482188,4.746446],[125.484141,4.750678],[125.488292,4.747097],[125.485932,4.743069],[125.483409,4.739773]]]}},{"type":"Feature","properties":{},"geometry":{"type":"Polygon","coordinates":[[[119.414317,4.779364],[119.416596,4.784654],[119.420014,4.787095],[119.421886,4.774848],[119.404307,4.674506],[119.398774,4.672227],[119.393565,4.676256],[119.392019,4.683173],[119.395518,4.691636],[119.395925,4.696845],[119.394379,4.701565],[119.396821,4.708238],[119.401866,4.714871],[119.405772,4.724066],[119.4074,4.735745],[119.405854,4.743028],[119.402029,4.744818],[119.397716,4.743638],[119.39267,4.744452],[119.393728,4.750759],[119.398123,4.756578],[119.399343,4.760606],[119.409353,4.770819],[119.41155,4.775987],[119.414317,4.779364]]]}},{"type":"Feature","properties":{},"geometry":{"type":"Polygon","coordinates":[[[118.362234,4.980536],[118.376964,4.982001],[118.380382,4.979112],[118.373709,4.972886],[118.323578,4.950832],[118.316742,4.950385],[118.31365,4.948798],[118.306163,4.950792],[118.301443,4.957587],[118.304698,4.965644],[118.30893,4.970649],[118.31072,4.974433],[118.314626,4.976142],[118.315115,4.972032],[118.313813,4.967556],[118.314871,4.964952],[118.327891,4.96955],[118.322195,4.97545],[118.320567,4.979315],[118.320811,4.983873],[118.32366,4.989],[118.332042,4.992255],[118.341645,4.99079],[118.342703,4.986355],[118.342459,4.982937],[118.342947,4.979804],[118.349132,4.983913],[118.353445,4.985216],[118.355886,4.985093],[118.357758,4.981716],[118.362234,4.980536]]]}},{"type":"Feature","properties":{},"geometry":{"type":"Polygon","coordinates":[[[120.011892,5.018256],[120.021983,5.012681],[120.024587,5.002061],[120.022634,4.995185],[120.016612,4.991685],[120.01474,4.986192],[120.013194,4.980333],[120.011892,4.968736],[120.007904,4.960028],[120.003266,4.957587],[119.996267,4.955715],[119.990652,4.960273],[119.988943,4.964708],[119.990326,4.967922],[119.988943,4.971218],[119.98585,4.974758],[119.989757,4.980618],[119.989594,4.985989],[119.993337,4.987454],[119.995779,4.989],[119.997162,4.992621],[119.997081,4.996446],[119.993337,4.999905],[119.995453,5.00552],[119.994233,5.010484],[119.999522,5.014512],[120.001394,5.013495],[120.007335,5.014228],[120.011648,5.012356],[120.014089,5.014309],[120.011892,5.018256]]]}},{"type":"Feature","properties":{},"geometry":{"type":"Polygon","coordinates":[[[120.211192,5.047268],[120.222504,5.041897],[120.228119,5.037258],[120.226817,5.032497],[120.223074,5.029527],[120.218028,5.021145],[120.210053,5.016384],[120.194753,5.020453],[120.189138,5.028266],[120.186697,5.026516],[120.190033,5.031155],[120.196951,5.035712],[120.211192,5.047268]]]}},{"type":"Feature","properties":{},"geometry":{"type":"Polygon","coordinates":[[[120.313975,5.125393],[120.315603,5.12759],[120.319021,5.116604],[120.317556,5.111558],[120.311778,5.10102],[120.305512,5.095201],[120.294688,5.091417],[120.282237,5.084296],[120.27475,5.08926],[120.269705,5.099595],[120.274099,5.106106],[120.287446,5.111314],[120.298025,5.122016],[120.303152,5.126858],[120.310639,5.125027],[120.313975,5.125393]]]}},{"type":"Feature","properties":{},"geometry":{"type":"Polygon","coordinates":[[[120.331472,5.159898],[120.342621,5.1647],[120.34547,5.154242],[120.334646,5.118598],[120.326996,5.124294],[120.320811,5.131008],[120.319509,5.134101],[120.321137,5.136705],[120.322195,5.138129],[120.321056,5.141954],[120.321056,5.146104],[120.323822,5.148586],[120.324229,5.155504],[120.331472,5.159898]]]}},{"type":"Feature","properties":{},"geometry":{"type":"Polygon","coordinates":[[[120.49643,5.186265],[120.500336,5.181342],[120.505219,5.176785],[120.504893,5.174709],[120.502533,5.169664],[120.500824,5.161485],[120.496104,5.161282],[120.495209,5.160346],[120.486501,5.168402],[120.486501,5.180243],[120.480968,5.187812],[120.479666,5.194607],[120.493256,5.191514],[120.49643,5.186265]]]}},{"type":"Feature","properties":{},"geometry":{"type":"Polygon","coordinates":[[[120.35198,5.216986],[120.352387,5.221137],[120.354666,5.218126],[120.35198,5.216986]]]}},{"type":"Feature","properties":{},"geometry":{"type":"Polygon","coordinates":[[[120.592621,5.219875],[120.606537,5.222357],[120.608409,5.219468],[120.604666,5.217108],[120.600922,5.213284],[120.60141,5.20779],[120.598806,5.204535],[120.59197,5.20779],[120.583914,5.209133],[120.584727,5.211412],[120.582774,5.213487],[120.582123,5.209459],[120.577647,5.210598],[120.581716,5.218695],[120.592621,5.219875]]]}},{"type":"Feature","properties":{},"geometry":{"type":"Polygon","coordinates":[[[120.681488,5.216539],[120.683604,5.213894],[120.686371,5.214219],[120.679698,5.210801],[120.67156,5.211371],[120.670421,5.214138],[120.663097,5.220445],[120.659109,5.225653],[120.669607,5.224758],[120.681488,5.216539]]]}},{"type":"Feature","properties":{},"geometry":{"type":"Polygon","coordinates":[[[120.336111,5.232571],[120.348237,5.233466],[120.356537,5.224433],[120.351329,5.222561],[120.348969,5.219387],[120.347667,5.214626],[120.347911,5.209499],[120.350759,5.206081],[120.347179,5.198472],[120.34547,5.190375],[120.344737,5.184434],[120.341482,5.182725],[120.34254,5.185167],[120.340343,5.185574],[120.338634,5.185899],[120.340505,5.189276],[120.340994,5.195787],[120.337413,5.198635],[120.336111,5.209825],[120.330984,5.210883],[120.328624,5.215196],[120.330414,5.221015],[120.330903,5.226915],[120.336111,5.232571]]]}},{"type":"Feature","properties":{},"geometry":{"type":"Polygon","coordinates":[[[119.945079,5.233181],[119.942556,5.23664],[119.946218,5.243964],[119.94866,5.240546],[119.945079,5.233181]]]}},{"type":"Feature","properties":{},"geometry":{"type":"Polygon","coordinates":[[[120.274832,5.17768],[120.269542,5.176907],[120.261078,5.181871],[120.250011,5.182847],[120.244802,5.184801],[120.245291,5.189643],[120.247651,5.193101],[120.252289,5.197496],[120.253917,5.199897],[120.248546,5.196234],[120.243337,5.194159],[120.242931,5.196519],[120.2553,5.219468],[120.256847,5.237779],[120.261241,5.248399],[120.267589,5.256822],[120.274262,5.255601],[120.290538,5.240058],[120.288178,5.239407],[120.28061,5.242174],[120.271739,5.249905],[120.268891,5.248684],[120.26946,5.243598],[120.272309,5.241523],[120.277436,5.241075],[120.283946,5.238389],[120.288748,5.231269],[120.293793,5.233181],[120.299897,5.232245],[120.305186,5.226752],[120.30836,5.216335],[120.307628,5.208279],[120.309418,5.203599],[120.3095,5.198106],[120.293386,5.185452],[120.279633,5.182644],[120.274832,5.17768]]]}},{"type":"Feature","properties":{},"geometry":{"type":"Polygon","coordinates":[[[120.350108,5.258043],[120.361664,5.25845],[120.366059,5.250271],[120.360688,5.242092],[120.357839,5.235704],[120.350108,5.234402],[120.34783,5.24258],[120.344493,5.253119],[120.350108,5.258043]]]}},{"type":"Feature","properties":{},"geometry":{"type":"Polygon","coordinates":[[[120.243012,5.34516],[120.244965,5.325995],[120.236176,5.336005],[120.230642,5.336005],[120.227875,5.339464],[120.224864,5.340481],[120.223806,5.345038],[120.220795,5.350409],[120.217459,5.357164],[120.231944,5.360256],[120.239106,5.354315],[120.243012,5.34516]]]}},{"type":"Feature","properties":{},"geometry":{"type":"Polygon","coordinates":[[[120.306488,5.365261],[120.299001,5.367499],[120.293061,5.380276],[120.297048,5.386379],[120.300792,5.381985],[120.304942,5.381741],[120.307302,5.385606],[120.313731,5.387315],[120.318533,5.389553],[120.322113,5.387315],[120.329438,5.384223],[120.335867,5.378241],[120.329519,5.372748],[120.318696,5.368028],[120.306488,5.365261]]]}},{"type":"Feature","properties":{},"geometry":{"type":"Polygon","coordinates":[[[120.381033,5.406643],[120.393403,5.407457],[120.393809,5.39643],[120.384288,5.395575],[120.376964,5.39529],[120.365733,5.392646],[120.381033,5.406643]]]}},{"type":"Feature","properties":{},"geometry":{"type":"Polygon","coordinates":[[[120.589203,5.402574],[120.578136,5.409695],[120.574474,5.415188],[120.573578,5.420762],[120.576508,5.421698],[120.58017,5.419298],[120.583914,5.414374],[120.58725,5.411851],[120.586925,5.416653],[120.590831,5.416734],[120.595551,5.412991],[120.599294,5.412014],[120.599783,5.414984],[120.590994,5.425849],[120.588064,5.425808],[120.579845,5.431545],[120.580577,5.436672],[120.588227,5.436265],[120.59433,5.430935],[120.606944,5.412421],[120.607026,5.407375],[120.604015,5.404893],[120.596853,5.401964],[120.589203,5.402574]]]}},{"type":"Feature","properties":{},"geometry":{"type":"Polygon","coordinates":[[[119.138194,5.462185],[119.15447,5.45661],[119.155365,5.454454],[119.149343,5.450588],[119.135834,5.444892],[119.124441,5.439927],[119.115082,5.437445],[119.103119,5.449327],[119.120616,5.460598],[119.138194,5.462185]]]}},{"type":"Feature","properties":{},"geometry":{"type":"Polygon","coordinates":[[[120.591238,5.458726],[120.586274,5.444892],[120.577891,5.459377],[120.587576,5.470526],[120.591238,5.458726]]]}},{"type":"Feature","properties":{},"geometry":{"type":"Polygon","coordinates":[[[120.729584,5.481065],[120.737071,5.470526],[120.740164,5.441799],[120.737641,5.442532],[120.732188,5.448106],[120.736827,5.452745],[120.734874,5.464097],[120.728526,5.47899],[120.72226,5.482774],[120.717621,5.481065],[120.721365,5.477973],[120.714529,5.477973],[120.714529,5.486029],[120.723155,5.48786],[120.729584,5.481065]]]}},{"type":"Feature","properties":{},"geometry":{"type":"Polygon","coordinates":[[[125.490896,5.485704],[125.495291,5.480333],[125.496674,5.472317],[125.488617,5.433865],[125.491384,5.424262],[125.474294,5.39293],[125.465505,5.391466],[125.461192,5.399156],[125.46225,5.41474],[125.459239,5.420722],[125.454763,5.424831],[125.454519,5.427314],[125.458751,5.42829],[125.457286,5.430121],[125.452159,5.431505],[125.450206,5.435085],[125.454763,5.441636],[125.453461,5.445787],[125.45338,5.450181],[125.462576,5.451972],[125.467296,5.45539],[125.466563,5.458116],[125.460297,5.457506],[125.453624,5.460069],[125.456228,5.468288],[125.46339,5.475572],[125.468435,5.476264],[125.468761,5.477281],[125.466401,5.48371],[125.470063,5.492906],[125.480642,5.493272],[125.490896,5.485704]]]}},{"type":"Feature","properties":{},"geometry":{"type":"Polygon","coordinates":[[[120.788015,5.514268],[120.774425,5.496161],[120.771576,5.495592],[120.765391,5.495998],[120.753266,5.503119],[120.744802,5.516425],[120.746349,5.527818],[120.755382,5.540107],[120.758556,5.556057],[120.764659,5.561143],[120.789561,5.568956],[120.797293,5.567043],[120.805512,5.558539],[120.806163,5.546129],[120.804698,5.538398],[120.804779,5.534125],[120.797293,5.519802],[120.788015,5.514268]]]}},{"type":"Feature","properties":{},"geometry":{"type":"Polygon","coordinates":[[[120.269786,5.629625],[120.274262,5.631171],[120.279145,5.629869],[120.284516,5.627916],[120.284028,5.622056],[120.272309,5.616278],[120.269542,5.620185],[120.268565,5.62698],[120.269786,5.629625]]]}},{"type":"Feature","properties":{},"geometry":{"type":"Polygon","coordinates":[[[121.064952,5.693305],[121.070811,5.687283],[121.067393,5.67711],[121.061371,5.669827],[121.057058,5.667792],[121.052419,5.666815],[121.045339,5.661404],[121.039561,5.661526],[121.024506,5.66828],[121.015798,5.676093],[121.014334,5.683621],[121.020437,5.684556],[121.028331,5.682522],[121.052745,5.692043],[121.064952,5.693305]]]}},{"type":"Feature","properties":{},"geometry":{"type":"Polygon","coordinates":[[[119.701182,5.781928],[119.711192,5.788235],[119.714692,5.787095],[119.706716,5.78144],[119.692475,5.776353],[119.701182,5.781928]]]}},{"type":"Feature","properties":{},"geometry":{"type":"Polygon","coordinates":[[[118.01238,5.776028],[118.018077,5.776353],[118.020681,5.774929],[118.017507,5.761705],[118.008556,5.753892],[118.003673,5.745185],[117.970307,5.747056],[117.959727,5.763536],[117.953217,5.780056],[117.934906,5.781317],[117.917572,5.785712],[117.915863,5.790676],[117.927501,5.790676],[117.939301,5.791897],[117.94516,5.793769],[117.951345,5.793769],[117.974539,5.79328],[117.967459,5.788642],[117.966075,5.784857],[117.965668,5.784044],[117.968923,5.785224],[117.970795,5.788153],[117.977712,5.791653],[117.979828,5.787299],[117.982188,5.790961],[117.989024,5.78677],[117.984386,5.781195],[117.982758,5.777981],[117.986095,5.780382],[117.987559,5.784084],[117.990733,5.787299],[117.994395,5.788031],[117.99407,5.785997],[117.994965,5.779771],[117.996593,5.77619],[117.997895,5.773871],[118.00058,5.775702],[117.996918,5.778388],[117.998057,5.781928],[118.001638,5.780178],[118.007498,5.781643],[118.011241,5.779853],[118.011567,5.775417],[118.01238,5.776028]]]}},{"type":"Feature","properties":{},"geometry":{"type":"Polygon","coordinates":[[[120.410492,5.793809],[120.416189,5.794664],[120.421397,5.786689],[120.420177,5.777696],[120.416677,5.774482],[120.406423,5.778673],[120.398692,5.790513],[120.39446,5.811265],[120.409109,5.801418],[120.405528,5.7956],[120.403412,5.799587],[120.401459,5.797919],[120.40325,5.794053],[120.408621,5.793769],[120.410167,5.79092],[120.40797,5.786485],[120.408539,5.781928],[120.411632,5.780504],[120.414154,5.780748],[120.415945,5.781928],[120.417898,5.786485],[120.414154,5.790961],[120.410492,5.793809]]]}},{"type":"Feature","properties":{},"geometry":{"type":"Polygon","coordinates":[[[119.936046,5.866685],[119.92156,5.871934],[119.925466,5.876776],[119.928396,5.873277],[119.93336,5.873033],[119.93686,5.875963],[119.937999,5.87405],[119.940278,5.870714],[119.942475,5.868232],[119.936046,5.866685]]]}},{"type":"Feature","properties":{},"geometry":{"type":"Polygon","coordinates":[[[119.955414,5.881537],[119.960134,5.874579],[119.960623,5.864691],[119.959646,5.862331],[119.954682,5.864976],[119.943533,5.86872],[119.942231,5.874091],[119.940766,5.877834],[119.940766,5.880927],[119.939057,5.88227],[119.929942,5.881456],[119.926768,5.878445],[119.932546,5.88585],[119.940603,5.885443],[119.950531,5.882188],[119.955414,5.881537]]]}},{"type":"Feature","properties":{},"geometry":{"type":"Polygon","coordinates":[[[119.994558,5.865831],[119.986176,5.864],[119.981944,5.864203],[119.980317,5.866034],[119.972504,5.864976],[119.96518,5.874905],[119.96575,5.893012],[119.973888,5.891588],[119.971446,5.884385],[119.97283,5.869778],[119.983084,5.872097],[119.989106,5.875963],[119.991954,5.876329],[119.997406,5.876899],[120.003022,5.87991],[120.010427,5.881334],[120.013682,5.878567],[120.009776,5.873806],[120.005382,5.869452],[120.004405,5.867255],[120.004731,5.86522],[119.999522,5.866034],[119.994558,5.865831]]]}},{"type":"Feature","properties":{},"geometry":{"type":"Polygon","coordinates":[[[119.97991,5.920844],[119.976166,5.930243],[119.980072,5.929511],[119.97934,5.931464],[119.977061,5.934719],[119.986501,5.943061],[119.998627,5.941596],[119.999522,5.929592],[119.996918,5.929836],[119.996104,5.925767],[119.994233,5.925482],[119.993988,5.922512],[119.993093,5.920844],[119.988943,5.923326],[119.97991,5.920844]]]}},{"type":"Feature","properties":{},"geometry":{"type":"Polygon","coordinates":[[[120.099457,5.964423],[120.107839,5.956692],[120.110525,5.946438],[120.105968,5.940212],[120.094819,5.963202],[120.089203,5.974473],[120.091482,5.980129],[120.095063,5.977444],[120.093598,5.978176],[120.095714,5.971055],[120.099457,5.964423]]]}},{"type":"Feature","properties":{},"geometry":{"type":"Polygon","coordinates":[[[121.585623,5.945299],[121.574962,5.93537],[121.562918,5.938951],[121.556326,5.953274],[121.572358,5.978013],[121.578543,5.980536],[121.588471,5.975206],[121.590831,5.967556],[121.594086,5.963365],[121.593598,5.956041],[121.585623,5.945299]]]}},{"type":"Feature","properties":{},"geometry":{"type":"Polygon","coordinates":[[[117.711111,6.001654],[117.717459,5.995551],[117.719737,5.988796],[117.716645,5.981391],[117.709809,5.973171],[117.708018,5.971259],[117.697846,5.959459],[117.686697,5.955756],[117.67921,5.940823],[117.66684,5.943996],[117.668712,5.952501],[117.687918,5.963202],[117.689464,5.979438],[117.687429,5.986477],[117.689789,5.992825],[117.688813,5.997097],[117.682872,6.002997],[117.684255,6.007148],[117.692556,6.008694],[117.699718,6.012397],[117.702403,6.014268],[117.703949,6.011135],[117.706228,6.003363],[117.708018,6.001899],[117.709727,6.001532],[117.711111,6.001654]]]}},{"type":"Feature","properties":{},"geometry":{"type":"Polygon","coordinates":[[[121.556814,6.018663],[121.546316,6.013861],[121.540619,6.012397],[121.543305,6.008531],[121.533051,6.000637],[121.518891,5.999701],[121.521902,6.002468],[121.525238,6.008816],[121.529307,6.018948],[121.534434,6.029039],[121.545909,6.044704],[121.554454,6.041856],[121.558116,6.031765],[121.552257,6.028998],[121.556814,6.023627],[121.553559,6.02143],[121.556814,6.018663]]]}},{"type":"Feature","properties":{},"geometry":{"type":"Polygon","coordinates":[[[121.384532,6.015448],[121.383474,6.024644],[121.38795,6.034044],[121.406179,6.051256],[121.415782,6.049628],[121.424571,6.045559],[121.429698,6.03974],[121.433279,6.027696],[121.432791,6.017727],[121.425059,6.010688],[121.391938,6.010688],[121.384532,6.015448]]]}},{"type":"Feature","properties":{},"geometry":{"type":"Polygon","coordinates":[[[121.710297,6.040554],[121.724701,6.034898],[121.72519,6.0303],[121.705577,6.02143],[121.694509,6.008368],[121.690684,5.99844],[121.662771,5.991848],[121.653005,5.996812],[121.652761,6.001329],[121.658946,6.009263],[121.664643,6.012437],[121.670665,6.014431],[121.67685,6.020046],[121.683116,6.029242],[121.683686,6.034939],[121.681082,6.038275],[121.677175,6.039781],[121.670909,6.039659],[121.668549,6.04324],[121.674001,6.059231],[121.682302,6.060085],[121.694021,6.055284],[121.696462,6.050889],[121.691824,6.049425],[121.690196,6.046495],[121.689952,6.041856],[121.69044,6.041531],[121.69573,6.044827],[121.704031,6.04324],[121.710297,6.040554]]]}},{"type":"Feature","properties":{},"geometry":{"type":"Polygon","coordinates":[[[118.010997,6.118638],[118.021902,6.126125],[118.026052,6.118638],[118.019786,6.114],[118.012543,6.111477],[118.005544,6.11522],[118.010997,6.118638]]]}},{"type":"Feature","properties":{},"geometry":{"type":"Polygon","coordinates":[[[118.024343,6.127997],[118.024343,6.127061],[118.022716,6.127224],[118.023448,6.128933],[118.024343,6.127997]]]}},{"type":"Feature","properties":{},"geometry":{"type":"Polygon","coordinates":[[[120.535737,6.147895],[120.551036,6.143948],[120.560557,6.131415],[120.557953,6.12523],[120.54835,6.116197],[120.541921,6.11522],[120.535085,6.122423],[120.532644,6.13699],[120.535737,6.147895]]]}},{"type":"Feature","properties":{},"geometry":{"type":"Polygon","coordinates":[[[121.845063,6.148342],[121.851329,6.143541],[121.853445,6.138943],[121.854177,6.134996],[121.851899,6.128445],[121.843679,6.121243],[121.830821,6.118679],[121.822032,6.120836],[121.813975,6.128607],[121.816498,6.136461],[121.836925,6.149319],[121.845063,6.148342]]]}},{"type":"Feature","properties":{},"geometry":{"type":"Polygon","coordinates":[[[120.903738,6.150743],[120.906749,6.149237],[120.906261,6.145372],[120.906342,6.141791],[120.911632,6.142198],[120.917084,6.141018],[120.917735,6.13703],[120.91033,6.127834],[120.898204,6.125067],[120.895193,6.12523],[120.895193,6.126125],[120.89031,6.128201],[120.888682,6.131456],[120.892182,6.13467],[120.895193,6.13406],[120.896495,6.135159],[120.897227,6.137437],[120.897634,6.14114],[120.900483,6.144802],[120.901622,6.149034],[120.903738,6.150743]]]}},{"type":"Feature","properties":{},"geometry":{"type":"Polygon","coordinates":[[[118.049815,6.149482],[118.048839,6.150173],[118.051117,6.152452],[118.049815,6.149482]]]}},{"type":"Feature","properties":{},"geometry":{"type":"Polygon","coordinates":[[[118.107839,6.167019],[118.108246,6.167222],[118.108572,6.165473],[118.107351,6.164862],[118.106944,6.165432],[118.106781,6.165351],[118.105805,6.166856],[118.107758,6.167751],[118.107839,6.167019]]]}},{"type":"Feature","properties":{},"geometry":{"type":"Polygon","coordinates":[[[121.829519,6.151719],[121.812348,6.137437],[121.804698,6.135118],[121.800059,6.138861],[121.796316,6.144192],[121.794851,6.149482],[121.79835,6.160753],[121.808849,6.175076],[121.82016,6.171902],[121.827973,6.159003],[121.829519,6.151719]]]}},{"type":"Feature","properties":{},"geometry":{"type":"Polygon","coordinates":[[[120.449718,6.175645],[120.462087,6.174262],[120.467947,6.171861],[120.467296,6.164903],[120.462332,6.152574],[120.458181,6.145494],[120.453624,6.143256],[120.456554,6.147528],[120.454275,6.147081],[120.451996,6.151313],[120.455007,6.157294],[120.457205,6.159654],[120.457205,6.163642],[120.460378,6.166002],[120.45989,6.168972],[120.457774,6.168158],[120.448171,6.169582],[120.445323,6.165473],[120.447846,6.165676],[120.447276,6.166287],[120.449555,6.16649],[120.450694,6.164496],[120.450857,6.161241],[120.448171,6.160915],[120.449962,6.156277],[120.450369,6.14822],[120.444184,6.14293],[120.442312,6.141262],[120.443533,6.135728],[120.435476,6.140692],[120.430512,6.143826],[120.430431,6.148301],[120.429373,6.151679],[120.428884,6.148301],[120.423188,6.150255],[120.418224,6.15351],[120.416677,6.158637],[120.42099,6.163398],[120.42628,6.165066],[120.428396,6.169094],[120.437022,6.173733],[120.445404,6.174709],[120.449718,6.175645]]]}},{"type":"Feature","properties":{},"geometry":{"type":"Polygon","coordinates":[[[118.057465,6.173733],[118.054942,6.175198],[118.058604,6.177151],[118.057465,6.173733]]]}},{"type":"Feature","properties":{},"geometry":{"type":"Polygon","coordinates":[[[120.922048,6.179999],[120.930837,6.18183],[120.93572,6.173733],[120.929779,6.170722],[120.921153,6.167426],[120.918305,6.16413],[120.914887,6.16059],[120.910899,6.162258],[120.906261,6.161282],[120.902599,6.158189],[120.897797,6.155382],[120.893972,6.149441],[120.893077,6.146348],[120.894216,6.143866],[120.891124,6.140855],[120.886892,6.139553],[120.885265,6.138861],[120.883718,6.142808],[120.886241,6.147732],[120.893403,6.159776],[120.903494,6.167548],[120.922048,6.179999]]]}},{"type":"Feature","properties":{},"geometry":{"type":"Polygon","coordinates":[[[120.969412,6.208035],[120.97991,6.204942],[120.993663,6.188829],[120.985199,6.18183],[120.981781,6.185411],[120.987071,6.193386],[120.980968,6.195868],[120.974946,6.197414],[120.968761,6.196763],[120.968923,6.199897],[120.966889,6.199774],[120.965017,6.196153],[120.96811,6.193671],[120.966726,6.190253],[120.971853,6.193874],[120.979015,6.193834],[120.976817,6.190782],[120.972667,6.187527],[120.97405,6.187364],[120.978689,6.188503],[120.979666,6.184068],[120.976003,6.179999],[120.972504,6.182481],[120.969412,6.180854],[120.970307,6.178371],[120.969412,6.176907],[120.962087,6.185085],[120.958181,6.196479],[120.962983,6.20539],[120.964854,6.210232],[120.969412,6.208035]]]}},{"type":"Feature","properties":{},"geometry":{"type":"Polygon","coordinates":[[[118.073009,6.241116],[118.073904,6.242255],[118.074474,6.241645],[118.074148,6.241034],[118.073009,6.241116]]]}},{"type":"Feature","properties":{},"geometry":{"type":"Polygon","coordinates":[[[118.066417,6.281846],[118.071788,6.290513],[118.079763,6.289578],[118.067393,6.280911],[118.066417,6.281846]]]}},{"type":"Feature","properties":{},"geometry":{"type":"Polygon","coordinates":[[[118.007579,6.306423],[118.006277,6.306423],[118.005219,6.308295],[118.007416,6.309638],[118.008311,6.307278],[118.007579,6.306423]]]}},{"type":"Feature","properties":{},"geometry":{"type":"Polygon","coordinates":[[[120.665945,6.284939],[120.661794,6.277533],[120.655121,6.266425],[120.645925,6.258572],[120.640798,6.254096],[120.633637,6.252916],[120.623057,6.267157],[120.628022,6.278957],[120.629242,6.282131],[120.630056,6.281887],[120.632904,6.281846],[120.634858,6.282782],[120.637706,6.286811],[120.645844,6.295803],[120.650401,6.293565],[120.654063,6.285549],[120.657725,6.280178],[120.659109,6.284613],[120.657237,6.2862],[120.660085,6.291856],[120.66033,6.309109],[120.663097,6.311184],[120.664399,6.308295],[120.66505,6.305406],[120.664073,6.301663],[120.666677,6.302965],[120.668956,6.298896],[120.665701,6.293728],[120.664724,6.293402],[120.664399,6.29206],[120.665945,6.284939]]]}},{"type":"Feature","properties":{},"geometry":{"type":"Polygon","coordinates":[[[122.002696,6.291571],[122.009451,6.296007],[122.015717,6.293728],[121.999034,6.287095],[121.980968,6.280951],[121.974946,6.284125],[121.981212,6.285549],[121.979747,6.290635],[121.975108,6.295681],[121.970144,6.2956],[121.959646,6.293728],[121.955496,6.301459],[121.957205,6.309678],[121.963634,6.316352],[121.975515,6.314521],[121.982026,6.311876],[121.988862,6.310167],[121.9935,6.298285],[121.993093,6.290269],[122.000987,6.291449],[122.002696,6.291571]]]}},{"type":"Feature","properties":{},"geometry":{"type":"Polygon","coordinates":[[[120.864675,6.327216],[120.870697,6.331366],[120.871023,6.335598],[120.867686,6.335801],[120.866466,6.332465],[120.864187,6.330105],[120.860769,6.333726],[120.858816,6.336412],[120.857351,6.334499],[120.857351,6.331977],[120.853608,6.331204],[120.850027,6.330268],[120.84669,6.33454],[120.847179,6.340888],[120.852061,6.345608],[120.859548,6.348863],[120.860444,6.346951],[120.860444,6.345689],[120.864187,6.348212],[120.8685,6.347561],[120.878429,6.333808],[120.872895,6.318223],[120.865408,6.314521],[120.859874,6.311387],[120.845063,6.311998],[120.842296,6.318956],[120.846283,6.326158],[120.849132,6.325751],[120.852712,6.323391],[120.85377,6.318956],[120.856944,6.320095],[120.860525,6.32392],[120.864675,6.327216]]]}},{"type":"Feature","properties":{},"geometry":{"type":"Polygon","coordinates":[[[120.715424,6.413316],[120.71575,6.406846],[120.71225,6.404324],[120.704275,6.402655],[120.696869,6.402411],[120.693451,6.401109],[120.682058,6.406073],[120.670909,6.407945],[120.670095,6.419908],[120.680349,6.428249],[120.691254,6.435004],[120.7046,6.438422],[120.708669,6.440579],[120.712657,6.440945],[120.71575,6.43537],[120.718272,6.430447],[120.71518,6.420437],[120.715424,6.413316]]]}},{"type":"Feature","properties":{},"geometry":{"type":"Polygon","coordinates":[[[120.781261,6.446519],[120.78712,6.443264],[120.78533,6.440334],[120.791189,6.434149],[120.792491,6.421739],[120.788097,6.428534],[120.777273,6.439236],[120.781261,6.446519]]]}},{"type":"Feature","properties":{},"geometry":{"type":"Polygon","coordinates":[[[121.96282,6.7119],[121.957123,6.712348],[121.947113,6.7119],[121.94101,6.713772],[121.939138,6.72781],[121.952647,6.748074],[121.960541,6.750556],[121.972748,6.756741],[121.986664,6.755561],[121.985769,6.744045],[121.982026,6.742174],[121.977875,6.74079],[121.981456,6.730373],[121.96282,6.7119]]]}},{"type":"Feature","properties":{},"geometry":{"type":"Polygon","coordinates":[[[125.722667,6.929511],[125.722667,6.916205],[125.717621,6.906317],[125.705007,6.903754],[125.69044,6.912177],[125.683197,6.921576],[125.678559,6.933173],[125.671072,6.943915],[125.66863,6.950914],[125.673676,6.958808],[125.679698,6.964626],[125.683767,6.966702],[125.694184,6.966254],[125.705577,6.961819],[125.718435,6.942654],[125.722667,6.929511]]]}},{"type":"Feature","properties":{},"geometry":{"type":"Polygon","coordinates":[[[117.101003,8.248847],[117.117361,8.239773],[117.124766,8.229356],[117.121349,8.220364],[117.11085,8.216132],[117.087738,8.218166],[117.081228,8.226304],[117.078949,8.245632],[117.084483,8.250474],[117.101003,8.248847]]]}},{"type":"Feature","properties":{},"geometry":{"type":"Polygon","coordinates":[[[113.341482,8.263495],[113.340099,8.266425],[113.342865,8.26553],[113.341482,8.263495]]]}},{"type":"Feature","properties":{},"geometry":{"type":"Polygon","coordinates":[[[115.415945,8.343492],[115.41212,8.343695],[115.413015,8.34634],[115.415945,8.343492]]]}},{"type":"Feature","properties":{},"geometry":{"type":"Polygon","coordinates":[[[115.271332,8.369696],[115.272472,8.372707],[115.275076,8.37169],[115.273936,8.368679],[115.271332,8.369696]]]}},{"type":"Feature","properties":{},"geometry":{"type":"Polygon","coordinates":[[[115.239431,8.368679],[115.237478,8.37226],[115.240245,8.373236],[115.242198,8.369656],[115.239431,8.368679]]]}},{"type":"Feature","properties":{},"geometry":{"type":"Polygon","coordinates":[[[113.693207,8.96894],[113.693044,8.971055],[113.695486,8.970771],[113.693207,8.96894]]]}},{"type":"Feature","properties":{},"geometry":{"type":"Polygon","coordinates":[[[118.443126,9.23782],[118.448416,9.234524],[118.451834,9.217068],[118.43922,9.209703],[118.423595,9.208482],[118.423595,9.20661],[118.422455,9.216864],[118.425873,9.22191],[118.427094,9.236599],[118.431326,9.247097],[118.437429,9.245917],[118.443126,9.23782]]]}},{"type":"Feature","properties":{},"geometry":{"type":"Polygon","coordinates":[[[125.659028,9.719753],[125.655447,9.716376],[125.651541,9.71247],[125.655691,9.708035],[125.658051,9.702135],[125.657074,9.694648],[125.65561,9.684719],[125.655284,9.681871],[125.660004,9.669176],[125.656912,9.668931],[125.655854,9.666978],[125.657156,9.665147],[125.641694,9.674465],[125.641775,9.679267],[125.641287,9.692288],[125.64031,9.700751],[125.636729,9.701239],[125.637299,9.704332],[125.632335,9.710273],[125.631114,9.706529],[125.627208,9.704942],[125.615571,9.706529],[125.619151,9.711249],[125.619802,9.715237],[125.619558,9.72427],[125.629405,9.730618],[125.633637,9.725816],[125.638276,9.722439],[125.642426,9.726996],[125.646088,9.727525],[125.650401,9.727729],[125.653005,9.726264],[125.657156,9.727362],[125.660818,9.726182],[125.659028,9.719753]]]}},{"type":"Feature","properties":{},"geometry":{"type":"Polygon","coordinates":[[[114.361339,9.767117],[114.359955,9.770046],[114.362804,9.76911],[114.361339,9.767117]]]}},{"type":"Feature","properties":{},"geometry":{"type":"Polygon","coordinates":[[[125.710134,9.814846],[125.720876,9.80801],[125.716156,9.800401],[125.716889,9.790513],[125.725597,9.790758],[125.736339,9.786363],[125.740082,9.783393],[125.730154,9.7744],[125.723155,9.765367],[125.72519,9.754177],[125.71754,9.761298],[125.715505,9.766506],[125.711436,9.764635],[125.707856,9.765977],[125.698904,9.766588],[125.698497,9.772569],[125.695649,9.786933],[125.694916,9.79678],[125.700206,9.79267],[125.704194,9.793728],[125.711029,9.799669],[125.710704,9.8074],[125.710134,9.814846]]]}},{"type":"Feature","properties":{},"geometry":{"type":"Polygon","coordinates":[[[125.51116,9.884508],[125.507823,9.888943],[125.510916,9.898668],[125.508474,9.904242],[125.50587,9.911689],[125.507986,9.920233],[125.51238,9.917711],[125.512055,9.91356],[125.515391,9.910956],[125.515147,9.906643],[125.517019,9.903632],[125.517263,9.900621],[125.521821,9.898993],[125.524181,9.897121],[125.530447,9.894273],[125.532725,9.883368],[125.545421,9.872423],[125.553803,9.86636],[125.541921,9.863105],[125.535085,9.863105],[125.531423,9.871649],[125.520763,9.871812],[125.51116,9.884508]]]}},{"type":"Feature","properties":{},"geometry":{"type":"Polygon","coordinates":[[[115.514822,9.926052],[115.51352,9.929023],[115.516287,9.928087],[115.514822,9.926052]]]}},{"type":"Feature","properties":{},"geometry":{"type":"Polygon","coordinates":[[[115.532888,9.926337],[115.531586,9.929307],[115.534353,9.928371],[115.532888,9.926337]]]}},{"type":"Feature","properties":{},"geometry":{"type":"Polygon","coordinates":[[[115.508311,9.928738],[115.507009,9.931708],[115.509776,9.930772],[115.508311,9.928738]]]}},{"type":"Feature","properties":{},"geometry":{"type":"Polygon","coordinates":[[[125.07366,9.94184],[125.075857,9.932481],[125.076101,9.926622],[125.074474,9.914374],[125.072276,9.898993],[125.068696,9.896186],[125.06308,9.910142],[125.067393,9.915432],[125.067068,9.927761],[125.06186,9.943386],[125.05893,9.95067],[125.054942,9.962755],[125.064952,9.962755],[125.067638,9.953762],[125.07366,9.94184]]]}},{"type":"Feature","properties":{},"geometry":{"type":"Polygon","coordinates":[[[114.242279,10.17654],[114.240896,10.17947],[114.243663,10.178534],[114.242279,10.17654]]]}},{"type":"Feature","properties":{},"geometry":{"type":"Polygon","coordinates":[[[124.246186,10.188015],[124.228445,10.17711],[124.215912,10.172716],[124.209321,10.174872],[124.209483,10.182807],[124.208669,10.18301],[124.201508,10.180813],[124.195323,10.191474],[124.207449,10.19949],[124.213308,10.199449],[124.219737,10.198594],[124.224376,10.202012],[124.230886,10.202012],[124.238048,10.206651],[124.240896,10.20661],[124.251801,10.209133],[124.260997,10.20775],[124.263194,10.202623],[124.258637,10.198065],[124.253266,10.195502],[124.251964,10.195502],[124.246186,10.188015]]]}},{"type":"Feature","properties":{},"geometry":{"type":"Polygon","coordinates":[[[124.055186,10.244696],[124.054698,10.241197],[124.049408,10.237454],[124.044444,10.247504],[124.046641,10.251817],[124.03712,10.25495],[124.027924,10.251125],[124.021007,10.242743],[124.02003,10.249742],[124.02589,10.256781],[124.036876,10.25849],[124.039806,10.259101],[124.037934,10.260525],[124.041026,10.265489],[124.043956,10.268785],[124.050304,10.273749],[124.04599,10.278184],[124.049001,10.281399],[124.052175,10.281684],[124.056163,10.284491],[124.066905,10.288926],[124.071951,10.283718],[124.068858,10.275133],[124.066091,10.267646],[124.060232,10.260972],[124.057384,10.254299],[124.055186,10.244696]]]}},{"type":"Feature","properties":{},"geometry":{"type":"Polygon","coordinates":[[[125.477875,10.457343],[125.488373,10.452338],[125.497406,10.445502],[125.49643,10.438056],[125.491466,10.43244],[125.495535,10.423122],[125.484711,10.422512],[125.478038,10.424221],[125.473481,10.43476],[125.471446,10.44005],[125.465343,10.445502],[125.464936,10.448676],[125.463796,10.452623],[125.462332,10.459052],[125.467784,10.461737],[125.477875,10.457343]]]}},{"type":"Feature","properties":{},"geometry":{"type":"Polygon","coordinates":[[[122.702485,10.449083],[122.696625,10.446112],[122.689057,10.439927],[122.684093,10.441677],[122.683116,10.450466],[122.683767,10.458279],[122.681,10.464586],[122.692882,10.474351],[122.712576,10.465033],[122.717784,10.461412],[122.719981,10.456773],[122.720388,10.450995],[122.716238,10.449246],[122.712006,10.44953],[122.702485,10.449083]]]}},{"type":"Feature","properties":{},"geometry":{"type":"Polygon","coordinates":[[[119.18922,10.572984],[119.1963,10.572821],[119.199799,10.570705],[119.199067,10.567247],[119.193451,10.564683],[119.187673,10.564765],[119.183442,10.565456],[119.182546,10.571641],[119.172781,10.572211],[119.16269,10.56745],[119.158621,10.569485],[119.153982,10.569648],[119.14446,10.560492],[119.136567,10.55508],[119.13087,10.557237],[119.129893,10.557563],[119.128673,10.556708],[119.127045,10.553738],[119.124766,10.553412],[119.128103,10.561754],[119.12615,10.569485],[119.132009,10.571519],[119.128673,10.576768],[119.124197,10.578518],[119.119314,10.579454],[119.118419,10.584988],[119.126801,10.592882],[119.128103,10.586371],[119.139415,10.589179],[119.144379,10.584011],[119.154959,10.593817],[119.160492,10.595079],[119.159841,10.588243],[119.160411,10.582831],[119.161794,10.580715],[119.161225,10.578233],[119.167654,10.575344],[119.171723,10.579779],[119.172374,10.584011],[119.177908,10.580064],[119.185232,10.577135],[119.18922,10.572984]]]}},{"type":"Feature","properties":{},"geometry":{"type":"Polygon","coordinates":[[[125.946544,10.758857],[125.941417,10.765286],[125.944672,10.772895],[125.962901,10.761379],[125.964366,10.745754],[125.963064,10.746365],[125.953705,10.752346],[125.946544,10.758857]]]}},{"type":"Feature","properties":{},"geometry":{"type":"Polygon","coordinates":[[[124.547455,10.763983],[124.54127,10.755276],[124.519542,10.74018],[124.497406,10.742011],[124.497732,10.761176],[124.533539,10.802924],[124.555105,10.812893],[124.563813,10.809638],[124.562755,10.799018],[124.55657,10.790513],[124.55364,10.783189],[124.554047,10.776842],[124.552826,10.771999],[124.547455,10.763983]]]}},{"type":"Feature","properties":{},"geometry":{"type":"Polygon","coordinates":[[[120.958181,10.99136],[120.962087,10.980455],[120.953868,10.976182],[120.944509,10.9737],[120.935069,10.988756],[120.952647,10.998033],[120.958181,10.99136]]]}},{"type":"Feature","properties":{},"geometry":{"type":"Polygon","coordinates":[[[125.624115,10.980007],[125.614187,10.991848],[125.614675,10.996161],[125.612315,11.004299],[125.627778,11.007392],[125.654063,10.998358],[125.651785,10.981391],[125.635427,10.9737],[125.624115,10.980007]]]}},{"type":"Feature","properties":{},"geometry":{"type":"Polygon","coordinates":[[[119.268321,10.974636],[119.267589,10.978746],[119.26238,10.983262],[119.265391,10.992011],[119.271495,10.998155],[119.271332,10.999294],[119.267914,11.001247],[119.266287,11.006212],[119.267751,11.013007],[119.267426,11.018663],[119.276134,11.019517],[119.281098,11.017686],[119.282074,11.013007],[119.284841,11.017686],[119.287852,11.020575],[119.296804,11.020046],[119.301931,11.014268],[119.298188,11.008897],[119.298269,11.003811],[119.301117,10.997463],[119.293793,10.99258],[119.289806,10.985256],[119.291759,10.978909],[119.297699,10.973009],[119.298188,10.965115],[119.300955,10.959418],[119.290131,10.950751],[119.284841,10.955715],[119.279552,10.959418],[119.275971,10.962551],[119.272553,10.96129],[119.26946,10.965806],[119.268321,10.974636]]]}},{"type":"Feature","properties":{},"geometry":{"type":"Polygon","coordinates":[[[119.727712,11.028957],[119.731456,11.02851],[119.741384,11.023098],[119.7435,11.01675],[119.735444,11.009263],[119.731781,11.009263],[119.723643,11.021715],[119.72283,11.02619],[119.727712,11.028957]]]}},{"type":"Feature","properties":{},"geometry":{"type":"Polygon","coordinates":[[[119.689138,11.068915],[119.692882,11.06273],[119.690684,11.053656],[119.689952,11.050971],[119.687104,11.047227],[119.677664,11.036729],[119.671723,11.029771],[119.6692,11.05386],[119.677257,11.059678],[119.677582,11.063992],[119.67864,11.067043],[119.681,11.071316],[119.685069,11.073391],[119.689138,11.068915]]]}},{"type":"Feature","properties":{},"geometry":{"type":"Polygon","coordinates":[[[119.672293,11.104804],[119.670258,11.108629],[119.667003,11.115139],[119.664887,11.120103],[119.665212,11.124254],[119.669281,11.125271],[119.677582,11.125556],[119.683686,11.126085],[119.68686,11.125149],[119.689952,11.122056],[119.69101,11.11815],[119.689871,11.108669],[119.694347,11.104967],[119.696707,11.1022],[119.695893,11.096625],[119.693207,11.091946],[119.692475,11.085883],[119.688162,11.08393],[119.679535,11.081041],[119.675141,11.077216],[119.677094,11.084947],[119.681,11.091783],[119.680349,11.093655],[119.680268,11.099392],[119.677257,11.103664],[119.673757,11.102851],[119.672293,11.104804]]]}},{"type":"Feature","properties":{},"geometry":{"type":"Polygon","coordinates":[[[120.9463,11.135688],[120.938162,11.142361],[120.93572,11.149848],[120.938487,11.156887],[120.974376,11.172634],[120.981293,11.171942],[120.985688,11.164618],[120.983897,11.155137],[120.967214,11.135565],[120.958669,11.132758],[120.9463,11.135688]]]}},{"type":"Feature","properties":{},"geometry":{"type":"Polygon","coordinates":[[[119.374766,11.208889],[119.376638,11.206081],[119.379731,11.195461],[119.372244,11.199897],[119.365164,11.20189],[119.358002,11.208157],[119.348806,11.20775],[119.34197,11.213446],[119.338878,11.218451],[119.338552,11.225084],[119.341563,11.224189],[119.3449,11.227281],[119.344656,11.22956],[119.343272,11.233873],[119.343923,11.236721],[119.34311,11.244696],[119.349864,11.246568],[119.352712,11.239976],[119.353852,11.228827],[119.362885,11.22012],[119.367686,11.219835],[119.37322,11.227281],[119.375987,11.223538],[119.374115,11.213568],[119.374766,11.208889]]]}},{"type":"Feature","properties":{},"geometry":{"type":"Polygon","coordinates":[[[123.161306,11.26199],[123.159028,11.259304],[123.151866,11.249091],[123.148692,11.2508],[123.147065,11.262519],[123.148774,11.271145],[123.15683,11.284532],[123.154796,11.290513],[123.152924,11.299425],[123.152354,11.30508],[123.153656,11.310777],[123.15683,11.313218],[123.163666,11.313218],[123.16977,11.30329],[123.176687,11.301907],[123.182465,11.306098],[123.185151,11.302395],[123.192231,11.296007],[123.18922,11.290717],[123.185476,11.288153],[123.18214,11.281114],[123.176687,11.279446],[123.176199,11.275539],[123.168142,11.269436],[123.166759,11.256212],[123.162771,11.255642],[123.161632,11.259914],[123.161306,11.26199]]]}},{"type":"Feature","properties":{},"geometry":{"type":"Polygon","coordinates":[[[120.677257,11.294827],[120.678233,11.300401],[120.680186,11.30268],[120.675548,11.304796],[120.672374,11.303127],[120.669688,11.305772],[120.671397,11.311306],[120.681326,11.320461],[120.689138,11.320665],[120.694591,11.318793],[120.694021,11.309475],[120.696544,11.303046],[120.694916,11.295396],[120.690603,11.294501],[120.682872,11.289537],[120.677257,11.294827]]]}},{"type":"Feature","properties":{},"geometry":{"type":"Polygon","coordinates":[[[119.676931,11.281277],[119.67449,11.263414],[119.661632,11.272528],[119.659841,11.279731],[119.657563,11.283393],[119.655447,11.29385],[119.656423,11.308092],[119.66448,11.312445],[119.672944,11.310899],[119.678803,11.316921],[119.679454,11.322496],[119.687673,11.327541],[119.691905,11.326402],[119.693044,11.317857],[119.692882,11.309963],[119.688731,11.298],[119.685069,11.292792],[119.683116,11.287665],[119.676931,11.281277]]]}},{"type":"Feature","properties":{},"geometry":{"type":"Polygon","coordinates":[[[123.885671,11.348456],[123.897472,11.353095],[123.899425,11.333116],[123.89975,11.320665],[123.894379,11.312445],[123.893158,11.291409],[123.879487,11.283922],[123.875499,11.30622],[123.877533,11.326402],[123.885671,11.348456]]]}},{"type":"Feature","properties":{},"geometry":{"type":"Polygon","coordinates":[[[120.097911,11.385484],[120.102387,11.387356],[120.110932,11.381578],[120.109386,11.372707],[120.106619,11.363634],[120.089692,11.366604],[120.087738,11.377387],[120.092052,11.383653],[120.088715,11.385972],[120.080903,11.38581],[120.07838,11.385972],[120.076834,11.389838],[120.088959,11.390611],[120.097911,11.385484]]]}},{"type":"Feature","properties":{},"geometry":{"type":"Polygon","coordinates":[[[120.822113,11.443712],[120.826182,11.44774],[120.831065,11.449571],[120.831716,11.444648],[120.835785,11.44245],[120.843516,11.435167],[120.84197,11.425198],[120.834809,11.418484],[120.825043,11.433783],[120.822113,11.443712]]]}},{"type":"Feature","properties":{},"geometry":{"type":"Polygon","coordinates":[[[120.180837,11.44774],[120.176606,11.441352],[120.173025,11.436876],[120.167166,11.434068],[120.174897,11.457994],[120.185883,11.463813],[120.191661,11.457099],[120.196625,11.449286],[120.184906,11.448798],[120.180837,11.44774]]]}},{"type":"Feature","properties":{},"geometry":{"type":"Polygon","coordinates":[[[123.235118,11.490017],[123.234467,11.482408],[123.235118,11.478095],[123.226899,11.468044],[123.208995,11.462226],[123.199067,11.467515],[123.195893,11.472317],[123.19044,11.472642],[123.183442,11.475694],[123.180675,11.483059],[123.183523,11.487779],[123.199311,11.49254],[123.20045,11.500067],[123.206798,11.50849],[123.217784,11.508043],[123.223237,11.504462],[123.225271,11.505439],[123.228363,11.511949],[123.228038,11.515408],[123.229177,11.516343],[123.235118,11.490017]]]}},{"type":"Feature","properties":{},"geometry":{"type":"Polygon","coordinates":[[[123.328298,11.583848],[123.320242,11.590196],[123.326834,11.59866],[123.342865,11.596666],[123.352224,11.596666],[123.353933,11.60163],[123.357595,11.596584],[123.356293,11.586778],[123.353852,11.584621],[123.350597,11.588813],[123.342621,11.584133],[123.33017,11.572374],[123.328543,11.573717],[123.328217,11.579495],[123.328298,11.583848]]]}},{"type":"Feature","properties":{},"geometry":{"type":"Polygon","coordinates":[[[124.8838,11.681912],[124.889252,11.67654],[124.891775,11.668728],[124.889252,11.664903],[124.871267,11.652493],[124.877045,11.636501],[124.876475,11.628648],[124.873709,11.624864],[124.858165,11.619859],[124.855886,11.623684],[124.850597,11.628607],[124.843679,11.631212],[124.837657,11.630845],[124.833181,11.632636],[124.835297,11.646796],[124.830903,11.657294],[124.831554,11.663642],[124.833425,11.668036],[124.820486,11.685614],[124.822927,11.694607],[124.820404,11.707668],[124.823497,11.709377],[124.826345,11.704698],[124.828298,11.699123],[124.830658,11.695095],[124.833751,11.692939],[124.846853,11.68773],[124.854015,11.689765],[124.860444,11.68891],[124.866384,11.680935],[124.875011,11.67947],[124.8838,11.681912]]]}},{"type":"Feature","properties":{},"geometry":{"type":"Polygon","coordinates":[[[120.183523,11.750271],[120.176117,11.746161],[120.169444,11.744045],[120.149994,11.752265],[120.141856,11.752143],[120.138927,11.756252],[120.134125,11.76968],[120.133637,11.775417],[120.13559,11.778062],[120.143484,11.768907],[120.151134,11.770128],[120.154877,11.767605],[120.15797,11.767605],[120.161794,11.768459],[120.167654,11.762274],[120.174978,11.762885],[120.178233,11.763943],[120.176117,11.771877],[120.170258,11.780748],[120.169444,11.783433],[120.177745,11.782864],[120.182628,11.78144],[120.189138,11.777126],[120.195811,11.76203],[120.196462,11.754584],[120.191987,11.752672],[120.188162,11.752427],[120.183523,11.750271]]]}},{"type":"Feature","properties":{},"geometry":{"type":"Polygon","coordinates":[[[124.347179,11.801256],[124.345714,11.781521],[124.336192,11.767442],[124.324962,11.762274],[124.310557,11.766669],[124.300548,11.774807],[124.291596,11.788804],[124.293468,11.800605],[124.30364,11.810248],[124.313243,11.815904],[124.325369,11.81745],[124.337413,11.814643],[124.347179,11.801256]]]}},{"type":"Feature","properties":{},"geometry":{"type":"Polygon","coordinates":[[[123.121104,11.859809],[123.134207,11.86286],[123.138276,11.858059],[123.131684,11.843044],[123.120779,11.835191],[123.121104,11.859809]]]}},{"type":"Feature","properties":{},"geometry":{"type":"Polygon","coordinates":[[[123.6692,11.904446],[123.673025,11.902777],[123.675304,11.888739],[123.671479,11.870632],[123.658214,11.880032],[123.656261,11.88878],[123.658295,11.902899],[123.664968,11.904975],[123.665212,11.904975],[123.6692,11.904446]]]}},{"type":"Feature","properties":{},"geometry":{"type":"Polygon","coordinates":[[[124.459809,11.912746],[124.462576,11.890896],[124.454275,11.884101],[124.444835,11.882148],[124.423188,11.889635],[124.416515,11.893622],[124.414154,11.90176],[124.416596,11.911566],[124.421804,11.920559],[124.433604,11.929877],[124.445323,11.931301],[124.451752,11.928778],[124.455089,11.925157],[124.459809,11.912746]]]}},{"type":"Feature","properties":{},"geometry":{"type":"Polygon","coordinates":[[[124.302745,11.899644],[124.293468,11.897447],[124.290538,11.899685],[124.284109,11.900946],[124.278005,11.911729],[124.274506,11.915066],[124.277599,11.918524],[124.278412,11.923367],[124.281342,11.927639],[124.293793,11.935085],[124.296235,11.937608],[124.297455,11.941596],[124.307709,11.954372],[124.313324,11.954413],[124.31894,11.957343],[124.331147,11.959459],[124.332612,11.954454],[124.335134,11.949246],[124.333669,11.941677],[124.315929,11.917711],[124.311941,11.907497],[124.302745,11.899644]]]}},{"type":"Feature","properties":{},"geometry":{"type":"Polygon","coordinates":[[[121.562104,11.957831],[121.572683,11.946194],[121.576182,11.935329],[121.575776,11.928697],[121.581065,11.914089],[121.580089,11.898871],[121.569591,11.893134],[121.549734,11.889187],[121.541677,11.895046],[121.536713,11.902289],[121.536632,11.908596],[121.544851,11.933987],[121.540294,11.947577],[121.540701,11.958279],[121.551036,11.962307],[121.554779,11.96247],[121.562104,11.957831]]]}},{"type":"Feature","properties":{},"geometry":{"type":"Polygon","coordinates":[[[119.826996,11.943712],[119.823009,11.939317],[119.819509,11.937934],[119.821951,11.945461],[119.824636,11.954739],[119.835378,11.966335],[119.849539,11.981553],[119.862641,11.982367],[119.86964,11.977362],[119.859793,11.973293],[119.855235,11.973497],[119.849864,11.970893],[119.839447,11.952297],[119.830251,11.945299],[119.826996,11.943712]]]}},{"type":"Feature","properties":{},"geometry":{"type":"Polygon","coordinates":[[[124.42335,11.959621],[124.419607,11.960842],[124.41269,11.961168],[124.404145,11.965928],[124.40268,11.974351],[124.405691,11.987535],[124.416189,11.992092],[124.425955,11.988634],[124.433604,11.979844],[124.434255,11.971666],[124.429373,11.963162],[124.42335,11.959621]]]}},{"type":"Feature","properties":{},"geometry":{"type":"Polygon","coordinates":[[[121.942231,11.945176],[121.939789,11.940416],[121.931895,11.940416],[121.929698,11.947333],[121.914724,11.971015],[121.903005,11.990017],[121.912771,11.998196],[121.923757,11.99258],[121.924246,11.985948],[121.926606,11.982937],[121.929128,11.979804],[121.926117,11.969753],[121.927989,11.964789],[121.93336,11.960313],[121.934093,11.958279],[121.938162,11.957058],[121.942556,11.956732],[121.941905,11.955797],[121.945893,11.954779],[121.945323,11.950426],[121.946625,11.948554],[121.942231,11.945176]]]}},{"type":"Feature","properties":{},"geometry":{"type":"Polygon","coordinates":[[[121.910737,12.08218],[121.917735,12.089097],[121.928396,12.094875],[121.941742,12.09398],[121.950287,12.083604],[121.957449,12.064521],[121.957774,12.046658],[121.959076,12.04149],[121.954682,12.035142],[121.934988,12.038601],[121.916433,12.049384],[121.910085,12.065212],[121.910737,12.08218]]]}},{"type":"Feature","properties":{},"geometry":{"type":"Polygon","coordinates":[[[121.020193,12.190741],[121.01352,12.197333],[121.01059,12.197699],[121.008881,12.200751],[121.011974,12.203559],[121.016775,12.203925],[121.01238,12.207668],[121.004242,12.205308],[121.00115,12.214911],[121.008962,12.236518],[121.018484,12.233507],[121.024994,12.21955],[121.028087,12.215033],[121.034841,12.200181],[121.025076,12.204901],[121.018565,12.197699],[121.02475,12.18594],[121.020193,12.190741]]]}},{"type":"Feature","properties":{},"geometry":{"type":"Polygon","coordinates":[[[124.096772,12.258124],[124.095714,12.25906],[124.095714,12.268663],[124.094493,12.277452],[124.088145,12.280178],[124.093272,12.290554],[124.108735,12.284573],[124.096772,12.258124]]]}},{"type":"Feature","properties":{},"geometry":{"type":"Polygon","coordinates":[[[124.279796,12.375881],[124.274099,12.366238],[124.26238,12.374172],[124.248871,12.402981],[124.239187,12.44302],[124.240245,12.453437],[124.245453,12.460639],[124.255219,12.45303],[124.264659,12.440619],[124.278819,12.405951],[124.280772,12.391018],[124.279796,12.375881]]]}},{"type":"Feature","properties":{},"geometry":{"type":"Polygon","coordinates":[[[124.427745,12.551378],[124.414236,12.55744],[124.409679,12.56151],[124.417817,12.573961],[124.425466,12.579942],[124.429861,12.574164],[124.43393,12.563218],[124.438487,12.560289],[124.443696,12.56155],[124.45281,12.557929],[124.454275,12.550686],[124.453461,12.546047],[124.451996,12.54328],[124.44337,12.545152],[124.433442,12.548855],[124.427745,12.551378]]]}},{"type":"Feature","properties":{},"geometry":{"type":"Polygon","coordinates":[[[124.514822,12.55272],[124.499278,12.54092],[124.490408,12.558417],[124.484711,12.564358],[124.476654,12.575303],[124.480317,12.58511],[124.490245,12.582709],[124.499278,12.572089],[124.50408,12.566921],[124.506765,12.565212],[124.508067,12.559353],[124.514822,12.55272]]]}},{"type":"Feature","properties":{},"geometry":{"type":"Polygon","coordinates":[[[124.384044,12.611843],[124.39031,12.60281],[124.396495,12.591986],[124.388438,12.579576],[124.383311,12.583075],[124.377452,12.594021],[124.374522,12.588121],[124.367035,12.589342],[124.362966,12.59573],[124.361013,12.599799],[124.363455,12.606513],[124.364431,12.61107],[124.36142,12.613756],[124.36435,12.618354],[124.374115,12.618801],[124.384044,12.611843]]]}},{"type":"Feature","properties":{},"geometry":{"type":"Polygon","coordinates":[[[125.064301,12.57335],[125.061778,12.568345],[125.056082,12.561754],[125.046886,12.556789],[125.035004,12.555569],[125.028331,12.556586],[125.015961,12.568915],[125.009939,12.570299],[125.004731,12.576239],[124.989757,12.616929],[124.987315,12.640123],[124.997081,12.636868],[125.00823,12.6258],[125.010997,12.6164],[125.010671,12.605089],[125.015147,12.599473],[125.034679,12.587877],[125.050629,12.588324],[125.058116,12.585191],[125.064301,12.57335]]]}},{"type":"Feature","properties":{},"geometry":{"type":"Polygon","coordinates":[[[125.073416,12.634833],[125.077973,12.621609],[125.084483,12.618801],[125.08725,12.61343],[125.085134,12.605658],[125.078298,12.603664],[125.05421,12.606635],[125.044363,12.611436],[125.037283,12.620998],[125.039724,12.6258],[125.045746,12.62755],[125.05185,12.632758],[125.049571,12.639757],[125.041677,12.646918],[125.033458,12.649685],[125.026378,12.654324],[125.027029,12.660549],[125.029714,12.6647],[125.028901,12.668118],[125.030284,12.674221],[125.035167,12.681871],[125.042654,12.684475],[125.053233,12.685899],[125.061697,12.683417],[125.071788,12.650987],[125.073416,12.634833]]]}},{"type":"Feature","properties":{},"geometry":{"type":"Polygon","coordinates":[[[124.366384,12.655422],[124.36142,12.661404],[124.359467,12.675157],[124.358735,12.681057],[124.353445,12.687323],[124.351899,12.695339],[124.357188,12.696601],[124.373057,12.685899],[124.377289,12.685777],[124.382416,12.686916],[124.381602,12.683824],[124.380951,12.681952],[124.382416,12.681464],[124.387869,12.673285],[124.391694,12.658922],[124.393403,12.650865],[124.391938,12.643215],[124.385916,12.639879],[124.381602,12.638088],[124.366384,12.655422]]]}},{"type":"Feature","properties":{},"geometry":{"type":"Polygon","coordinates":[[[122.060883,12.826565],[122.069184,12.828518],[122.077322,12.834581],[122.077159,12.824978],[122.069347,12.803982],[122.057628,12.790066],[122.045177,12.784329],[122.035818,12.787177],[122.029714,12.792304],[122.026541,12.796861],[122.020274,12.798082],[122.018077,12.802273],[122.026215,12.81151],[122.036957,12.818142],[122.046641,12.820136],[122.060883,12.826565]]]}},{"type":"Feature","properties":{},"geometry":{"type":"Polygon","coordinates":[[[122.066417,12.965074],[122.092459,12.960517],[122.095551,12.953966],[122.094737,12.942532],[122.090994,12.929185],[122.084239,12.916571],[122.074229,12.90941],[122.059744,12.909329],[122.049978,12.920274],[122.050141,12.923977],[122.053071,12.93183],[122.047537,12.93773],[122.03948,12.94066],[122.035981,12.942816],[122.035492,12.945909],[122.033051,12.95071],[122.034109,12.956855],[122.041189,12.961656],[122.066417,12.965074]]]}},{"type":"Feature","properties":{},"geometry":{"type":"Polygon","coordinates":[[[122.87794,13.154486],[122.892182,13.148912],[122.894054,13.146674],[122.891531,13.141995],[122.881114,13.14232],[122.877289,13.145087],[122.868988,13.146959],[122.861583,13.162543],[122.854421,13.175442],[122.864106,13.169216],[122.87794,13.154486]]]}},{"type":"Feature","properties":{},"geometry":{"type":"Polygon","coordinates":[[[122.722748,13.361355],[122.720876,13.3581],[122.720876,13.350043],[122.722748,13.332017],[122.718435,13.324571],[122.711762,13.34394],[122.713796,13.363837],[122.722748,13.361355]]]}},{"type":"Feature","properties":{},"geometry":{"type":"Polygon","coordinates":[[[122.166759,13.520901],[122.176036,13.530707],[122.179698,13.505805],[122.166759,13.520901]]]}},{"type":"Feature","properties":{},"geometry":{"type":"Polygon","coordinates":[[[122.123139,13.537218],[122.130789,13.534125],[122.133556,13.516954],[122.125824,13.522121],[122.112478,13.527696],[122.107026,13.527411],[122.10727,13.53148],[122.105805,13.53616],[122.108897,13.539293],[122.114024,13.537502],[122.123139,13.537218]]]}},{"type":"Feature","properties":{},"geometry":{"type":"Polygon","coordinates":[[[109.354666,13.609442],[109.351736,13.610989],[109.345876,13.621609],[109.343435,13.63227],[109.349213,13.630683],[109.358002,13.619696],[109.362478,13.616523],[109.365082,13.608507],[109.362966,13.606431],[109.358409,13.609849],[109.354666,13.609442]]]}},{"type":"Feature","properties":{},"geometry":{"type":"Polygon","coordinates":[[[120.363617,13.650377],[120.317393,13.670315],[120.309744,13.676907],[120.311209,13.680365],[120.370128,13.66706],[120.377452,13.661282],[120.387055,13.656684],[120.406912,13.657457],[120.409923,13.656033],[120.413015,13.652208],[120.417979,13.638129],[120.413992,13.62755],[120.404877,13.629381],[120.398692,13.632229],[120.388845,13.633205],[120.384451,13.63524],[120.376638,13.642442],[120.363617,13.650377]]]}},{"type":"Feature","properties":{},"geometry":{"type":"Polygon","coordinates":[[[120.313406,13.779853],[120.299001,13.779486],[120.280772,13.787828],[120.272309,13.794623],[120.271007,13.802924],[120.268972,13.808092],[120.264822,13.806993],[120.260265,13.808092],[120.26352,13.813381],[120.273285,13.815701],[120.281179,13.820583],[120.285818,13.837388],[120.296641,13.833645],[120.305837,13.827663],[120.310802,13.825954],[120.316173,13.82689],[120.318451,13.825792],[120.323822,13.813747],[120.329031,13.807522],[120.331228,13.80211],[120.330089,13.797675],[120.313406,13.779853]]]}},{"type":"Feature","properties":{},"geometry":{"type":"Polygon","coordinates":[[[120.025483,13.899766],[120.045746,13.892971],[120.056163,13.877021],[120.044363,13.868313],[120.033865,13.873928],[120.024587,13.879503],[120.0171,13.88463],[120.017426,13.894192],[120.018728,13.896348],[120.025483,13.899766]]]}},{"type":"Feature","properties":{},"geometry":{"type":"Polygon","coordinates":[[[121.787527,13.913398],[121.794688,13.905056],[121.793712,13.887926],[121.78419,13.879503],[121.780772,13.883816],[121.782481,13.898464],[121.775727,13.902248],[121.756928,13.889553],[121.749278,13.887681],[121.742768,13.900092],[121.739268,13.919257],[121.743907,13.922919],[121.749278,13.925442],[121.750499,13.929755],[121.74586,13.940131],[121.750173,13.943712],[121.758474,13.942939],[121.782074,13.934516],[121.78891,13.925442],[121.786713,13.916897],[121.787527,13.913398]]]}},{"type":"Feature","properties":{},"geometry":{"type":"Polygon","coordinates":[[[123.806977,13.94835],[123.815278,13.951768],[123.813487,13.965399],[123.815115,13.974636],[123.818696,13.977891],[123.834809,13.976711],[123.837738,13.969224],[123.832042,13.964464],[123.832693,13.959825],[123.835867,13.949897],[123.832042,13.938585],[123.834646,13.919582],[123.836192,13.910305],[123.839692,13.901923],[123.834809,13.894192],[123.83017,13.891384],[123.821625,13.910142],[123.820323,13.912502],[123.817149,13.911851],[123.812348,13.911973],[123.810557,13.918728],[123.810883,13.924791],[123.808279,13.92768],[123.812185,13.933458],[123.81186,13.936998],[123.808767,13.943427],[123.806977,13.94835]]]}},{"type":"Feature","properties":{},"geometry":{"type":"Polygon","coordinates":[[[124.311697,13.957872],[124.307628,13.967841],[124.314301,13.976345],[124.322927,13.976345],[124.323741,13.978542],[124.322439,13.983262],[124.326182,13.982489],[124.351085,13.954332],[124.350922,13.950263],[124.347585,13.949205],[124.336436,13.941881],[124.326915,13.944078],[124.311697,13.957872]]]}},{"type":"Feature","properties":{},"geometry":{"type":"Polygon","coordinates":[[[123.307302,14.109687],[123.299001,14.115627],[123.288422,14.125556],[123.301768,14.13052],[123.319916,14.118394],[123.320567,14.113145],[123.325206,14.114407],[123.325206,14.107327],[123.32016,14.099962],[123.318858,14.099229],[123.31837,14.094387],[123.314626,14.091905],[123.309255,14.10342],[123.307302,14.109687]]]}},{"type":"Feature","properties":{},"geometry":{"type":"Polygon","coordinates":[[[121.802257,14.29206],[121.804373,14.299587],[121.82488,14.308051],[121.82724,14.305528],[121.844168,14.299628],[121.845551,14.291897],[121.830251,14.268337],[121.828868,14.263617],[121.826589,14.259345],[121.821137,14.253892],[121.816498,14.255561],[121.813894,14.265001],[121.808604,14.271186],[121.804047,14.279486],[121.802257,14.29206]]]}},{"type":"Feature","properties":{},"geometry":{"type":"Polygon","coordinates":[[[120.584402,14.390286],[120.59254,14.393744],[120.608409,14.390896],[120.607351,14.390611],[120.600841,14.389106],[120.586111,14.384426],[120.578217,14.374783],[120.564626,14.377468],[120.561453,14.380764],[120.563487,14.390937],[120.57073,14.393988],[120.584402,14.390286]]]}},{"type":"Feature","properties":{},"geometry":{"type":"Polygon","coordinates":[[[122.039561,14.437934],[122.040131,14.429551],[122.043875,14.423367],[122.038666,14.41706],[122.036225,14.408149],[122.03183,14.400214],[122.030284,14.418647],[122.025564,14.433295],[122.025076,14.444119],[122.028494,14.446926],[122.0324,14.443345],[122.039561,14.437934]]]}},{"type":"Feature","properties":{},"geometry":{"type":"Polygon","coordinates":[[[122.956879,14.495714],[122.953868,14.486599],[122.946951,14.4772],[122.95102,14.474433],[122.955251,14.473497],[122.954112,14.468166],[122.946788,14.467475],[122.940278,14.463202],[122.941498,14.457343],[122.941987,14.453396],[122.934011,14.449286],[122.930349,14.451158],[122.931326,14.456204],[122.928396,14.454942],[122.919037,14.456326],[122.915945,14.45128],[122.909434,14.44774],[122.906423,14.445054],[122.896495,14.451199],[122.898692,14.456081],[122.90268,14.460679],[122.903494,14.461615],[122.906749,14.465399],[122.912527,14.466295],[122.918549,14.466986],[122.919281,14.474311],[122.921397,14.473293],[122.924408,14.471869],[122.927745,14.47248],[122.936046,14.480943],[122.938243,14.489],[122.944509,14.493638],[122.947765,14.496934],[122.95045,14.495592],[122.956879,14.495714]]]}},{"type":"Feature","properties":{},"geometry":{"type":"Polygon","coordinates":[[[122.073416,14.849311],[122.06308,14.844387],[122.044119,14.845282],[122.039399,14.844062],[122.033621,14.847195],[122.025971,14.849026],[122.021088,14.851345],[122.021007,14.855292],[122.011567,14.874213],[122.014659,14.878119],[122.019949,14.879665],[122.025157,14.877387],[122.042166,14.874579],[122.059906,14.864936],[122.073416,14.849311]]]}},{"type":"Feature","properties":{},"geometry":{"type":"Polygon","coordinates":[[[109.116791,15.390733],[109.129812,15.390204],[109.140473,15.385688],[109.144216,15.378892],[109.139415,15.375393],[109.130707,15.371609],[109.118826,15.370673],[109.105154,15.374457],[109.097341,15.379462],[109.097992,15.383857],[109.104828,15.389919],[109.116791,15.390733]]]}},{"type":"Feature","properties":{},"geometry":{"type":"Polygon","coordinates":[[[108.538748,15.953518],[108.541677,15.943874],[108.541677,15.925279],[108.540457,15.920559],[108.536794,15.921983],[108.531179,15.929796],[108.512787,15.942491],[108.511648,15.944973],[108.511241,15.950873],[108.50587,15.955715],[108.498953,15.956163],[108.492361,15.958767],[108.48821,15.963935],[108.490245,15.966946],[108.501475,15.974921],[108.508474,15.975816],[108.538748,15.953518]]]}},{"type":"Feature","properties":{},"geometry":{"type":"Polygon","coordinates":[[[119.930349,16.38052],[119.926117,16.386542],[119.917247,16.389919],[119.909923,16.390937],[119.908295,16.396552],[119.907074,16.412258],[119.909841,16.421373],[119.918305,16.426907],[119.927745,16.427476],[119.934906,16.425523],[119.95696,16.397691],[119.959809,16.388983],[119.960297,16.376451],[119.955903,16.372382],[119.943696,16.379299],[119.930349,16.38052]]]}},{"type":"Feature","properties":{},"geometry":{"type":"Polygon","coordinates":[[[111.508149,16.442043],[111.506928,16.443549],[111.51002,16.444729],[111.508149,16.442043]]]}},{"type":"Feature","properties":{},"geometry":{"type":"Polygon","coordinates":[[[111.71225,16.447414],[111.710948,16.450344],[111.713715,16.449449],[111.71225,16.447414]]]}},{"type":"Feature","properties":{},"geometry":{"type":"Polygon","coordinates":[[[111.70281,16.450914],[111.701427,16.453884],[111.704194,16.452948],[111.70281,16.450914]]]}},{"type":"Feature","properties":{},"geometry":{"type":"Polygon","coordinates":[[[111.742849,16.457139],[111.741547,16.460069],[111.744314,16.459133],[111.742849,16.457139]]]}},{"type":"Feature","properties":{},"geometry":{"type":"Polygon","coordinates":[[[111.659516,16.543606],[111.658214,16.546536],[111.660981,16.5456],[111.659516,16.543606]]]}},{"type":"Feature","properties":{},"geometry":{"type":"Polygon","coordinates":[[[111.713959,16.543687],[111.712576,16.546617],[111.715343,16.545722],[111.713959,16.543687]]]}},{"type":"Feature","properties":{},"geometry":{"type":"Polygon","coordinates":[[[111.673432,16.569932],[111.672048,16.572903],[111.674897,16.571967],[111.673432,16.569932]]]}},{"type":"Feature","properties":{},"geometry":{"type":"Polygon","coordinates":[[[111.703949,16.573188],[111.70281,16.5751],[111.705903,16.575181],[111.703949,16.573188]]]}},{"type":"Feature","properties":{},"geometry":{"type":"Polygon","coordinates":[[[111.680268,16.578152],[111.678884,16.581122],[111.681651,16.580186],[111.680268,16.578152]]]}},{"type":"Feature","properties":{},"geometry":{"type":"Polygon","coordinates":[[[112.326915,16.942369],[112.324229,16.941718],[112.325043,16.944322],[112.326915,16.942369]]]}},{"type":"Feature","properties":{},"geometry":{"type":"Polygon","coordinates":[[[112.314301,16.951687],[112.31422,16.953843],[112.316091,16.952541],[112.314301,16.951687]]]}},{"type":"Feature","properties":{},"geometry":{"type":"Polygon","coordinates":[[[112.200206,16.97427],[112.197032,16.972357],[112.198741,16.975653],[112.200206,16.97427]]]}},{"type":"Feature","properties":{},"geometry":{"type":"Polygon","coordinates":[[[122.149669,18.578192],[122.153819,18.57156],[122.154633,18.567125],[122.154145,18.550849],[122.146332,18.536648],[122.146821,18.526435],[122.140961,18.521226],[122.112559,18.506985],[122.114919,18.536038],[122.117849,18.542792],[122.108897,18.554836],[122.109548,18.561143],[122.115245,18.571275],[122.118012,18.573269],[122.125092,18.575751],[122.131684,18.580227],[122.137462,18.582546],[122.144705,18.581407],[122.149669,18.578192]]]}},{"type":"Feature","properties":{},"geometry":{"type":"Polygon","coordinates":[[[105.93214,19.382351],[105.935557,19.381863],[105.940359,19.377305],[105.941498,19.37169],[105.93922,19.366156],[105.935069,19.360541],[105.929047,19.359076],[105.925059,19.363105],[105.92099,19.369045],[105.920502,19.376288],[105.924164,19.37991],[105.928477,19.380357],[105.93214,19.382351]]]}},{"type":"Feature","properties":{},"geometry":{"type":"Polygon","coordinates":[[[121.506928,19.451077],[121.514008,19.43712],[121.515717,19.431749],[121.51352,19.424669],[121.510671,19.424547],[121.504568,19.431789],[121.503184,19.438178],[121.506928,19.451077]]]}},{"type":"Feature","properties":{},"geometry":{"type":"Polygon","coordinates":[[[107.731944,20.133897],[107.739838,20.138617],[107.745616,20.139716],[107.744965,20.133775],[107.742279,20.127468],[107.739594,20.124132],[107.735769,20.124376],[107.730479,20.126003],[107.72755,20.129014],[107.731944,20.133897]]]}},{"type":"Feature","properties":{},"geometry":{"type":"Polygon","coordinates":[[[121.797211,20.319851],[121.808442,20.338243],[121.815847,20.317369],[121.810232,20.308987],[121.808767,20.301866],[121.804047,20.30032],[121.796641,20.307766],[121.797211,20.319851]]]}},{"type":"Feature","properties":{},"geometry":{"type":"Polygon","coordinates":[[[107.467947,20.73253],[107.471121,20.737698],[107.474376,20.734687],[107.473888,20.730048],[107.466319,20.720404],[107.452647,20.714464],[107.46339,20.726264],[107.46339,20.729438],[107.467947,20.73253]]]}},{"type":"Feature","properties":{},"geometry":{"type":"Polygon","coordinates":[[[107.145844,20.751899],[107.145193,20.745917],[107.146332,20.743109],[107.146821,20.740587],[107.142263,20.738227],[107.137218,20.738267],[107.132498,20.743232],[107.129893,20.748318],[107.131521,20.751532],[107.135102,20.755439],[107.13852,20.761461],[107.144054,20.765652],[107.147472,20.762926],[107.145844,20.751899]]]}},{"type":"Feature","properties":{},"geometry":{"type":"Polygon","coordinates":[[[107.482351,20.769436],[107.49171,20.774197],[107.494802,20.77676],[107.49114,20.762722],[107.481863,20.755601],[107.475841,20.762112],[107.480886,20.765815],[107.482351,20.769436]]]}},{"type":"Feature","properties":{},"geometry":{"type":"Polygon","coordinates":[[[107.13323,20.77497],[107.1338,20.772528],[107.128998,20.768541],[107.126394,20.769192],[107.119884,20.783271],[107.118744,20.788072],[107.119721,20.793687],[107.11907,20.797716],[107.117198,20.800767],[107.116547,20.804307],[107.118826,20.805569],[107.122895,20.803331],[107.125499,20.801011],[107.126964,20.803331],[107.128998,20.80508],[107.131358,20.802069],[107.131521,20.796576],[107.133556,20.795925],[107.137706,20.792304],[107.139008,20.785875],[107.138276,20.784084],[107.134044,20.782864],[107.1338,20.781602],[107.135183,20.779812],[107.132335,20.776557],[107.13323,20.77497]]]}},{"type":"Feature","properties":{},"geometry":{"type":"Polygon","coordinates":[[[107.416759,20.773139],[107.41391,20.768297],[107.411957,20.7685],[107.409109,20.772895],[107.405772,20.775133],[107.403901,20.77794],[107.401947,20.788886],[107.402273,20.796169],[107.40561,20.803453],[107.410818,20.806016],[107.417572,20.796617],[107.420909,20.783637],[107.419281,20.777248],[107.416759,20.773139]]]}},{"type":"Feature","properties":{},"geometry":{"type":"Polygon","coordinates":[[[106.807872,20.817613],[106.812429,20.818508],[106.814952,20.814276],[106.807058,20.807969],[106.794932,20.806016],[106.786713,20.807318],[106.780284,20.811265],[106.765798,20.824978],[106.76238,20.831814],[106.761485,20.841702],[106.766124,20.846055],[106.787527,20.823961],[106.800466,20.817247],[106.807872,20.817613]]]}},{"type":"Feature","properties":{},"geometry":{"type":"Polygon","coordinates":[[[107.289887,20.847764],[107.294119,20.846218],[107.299408,20.844062],[107.294444,20.838935],[107.287608,20.839097],[107.285899,20.835476],[107.278331,20.833726],[107.273367,20.831651],[107.272309,20.832587],[107.274832,20.836493],[107.277924,20.837226],[107.27825,20.83983],[107.279877,20.841579],[107.275564,20.839423],[107.271169,20.839423],[107.271983,20.841864],[107.278656,20.843411],[107.285167,20.846544],[107.282563,20.85045],[107.286713,20.855333],[107.289887,20.854682],[107.28948,20.852525],[107.289887,20.847764]]]}},{"type":"Feature","properties":{},"geometry":{"type":"Polygon","coordinates":[[[107.107839,20.835883],[107.11321,20.830878],[107.112641,20.827012],[107.1067,20.82746],[107.097667,20.838039],[107.093354,20.836046],[107.09018,20.83572],[107.087006,20.838324],[107.085785,20.842475],[107.087657,20.845201],[107.090424,20.846584],[107.09254,20.850206],[107.095225,20.853176],[107.098155,20.855333],[107.101899,20.856513],[107.103445,20.853013],[107.101817,20.84809],[107.102224,20.845323],[107.105642,20.841254],[107.107839,20.835883]]]}},{"type":"Feature","properties":{},"geometry":{"type":"Polygon","coordinates":[[[106.902761,20.84748],[106.897065,20.847764],[106.895844,20.846015],[106.89796,20.840644],[106.897065,20.840318],[106.881521,20.847154],[106.881358,20.852932],[106.888031,20.853135],[106.887787,20.854478],[106.885916,20.856553],[106.889008,20.85871],[106.889171,20.861518],[106.889089,20.865139],[106.893158,20.863389],[106.892589,20.865953],[106.891775,20.873114],[106.900401,20.864325],[106.901296,20.854071],[106.902761,20.84748]]]}},{"type":"Feature","properties":{},"geometry":{"type":"Polygon","coordinates":[[[106.765961,20.847764],[106.764985,20.847764],[106.753835,20.850857],[106.748871,20.859036],[106.749034,20.862331],[106.747732,20.861518],[106.742361,20.86164],[106.737071,20.863267],[106.734711,20.865749],[106.731293,20.866604],[106.727712,20.869045],[106.727712,20.872789],[106.72519,20.872667],[106.725515,20.874783],[106.728282,20.876817],[106.732921,20.881781],[106.74114,20.875149],[106.747,20.87401],[106.753266,20.871283],[106.761404,20.857489],[106.765961,20.847764]]]}},{"type":"Feature","properties":{},"geometry":{"type":"Polygon","coordinates":[[[107.210053,20.865139],[107.207693,20.865098],[107.205903,20.868557],[107.202973,20.870673],[107.200369,20.870958],[107.188813,20.879706],[107.190684,20.882188],[107.195486,20.88406],[107.19988,20.882595],[107.210053,20.875718],[107.212087,20.871609],[107.210053,20.865139]]]}},{"type":"Feature","properties":{},"geometry":{"type":"Polygon","coordinates":[[[107.302908,20.900377],[107.314301,20.889512],[107.324392,20.870307],[107.315929,20.877427],[107.308767,20.883938],[107.300385,20.895209],[107.293712,20.905015],[107.295746,20.906724],[107.302908,20.900377]]]}},{"type":"Feature","properties":{},"geometry":{"type":"Polygon","coordinates":[[[107.319591,20.903469],[107.32309,20.892076],[107.326345,20.880845],[107.324311,20.882066],[107.314789,20.892524],[107.311371,20.905382],[107.309744,20.905219],[107.31186,20.90884],[107.315278,20.911363],[107.319591,20.903469]]]}},{"type":"Feature","properties":{},"geometry":{"type":"Polygon","coordinates":[[[106.977224,20.931383],[106.991059,20.936916],[106.997244,20.936916],[106.997244,20.929226],[106.994721,20.923774],[106.992279,20.917589],[106.991059,20.916978],[106.989757,20.917914],[106.985444,20.920966],[106.982026,20.922919],[106.977224,20.931383]]]}},{"type":"Feature","properties":{},"geometry":{"type":"Polygon","coordinates":[[[106.932221,20.939032],[106.93686,20.952053],[106.955089,20.939236],[106.94866,20.931912],[106.932221,20.939032]]]}},{"type":"Feature","properties":{},"geometry":{"type":"Polygon","coordinates":[[[107.34962,20.924343],[107.326589,20.929104],[107.318044,20.934394],[107.316091,20.939927],[107.32602,20.940416],[107.334158,20.94302],[107.339447,20.943468],[107.347016,20.935981],[107.347911,20.934312],[107.351492,20.940009],[107.355968,20.941799],[107.364513,20.943061],[107.376313,20.955634],[107.380138,20.956285],[107.380789,20.952704],[107.38266,20.953355],[107.384695,20.958808],[107.387869,20.961046],[107.39031,20.959377],[107.390066,20.956529],[107.387055,20.947699],[107.366791,20.929307],[107.354747,20.924791],[107.34962,20.924343]]]}},{"type":"Feature","properties":{},"geometry":{"type":"Polygon","coordinates":[[[107.37322,20.909125],[107.406098,20.918118],[107.41391,20.92239],[107.420584,20.931993],[107.42335,20.942369],[107.425955,20.94595],[107.432791,20.950303],[107.439301,20.957628],[107.44809,20.964138],[107.454275,20.960028],[107.444753,20.941311],[107.43336,20.928249],[107.428722,20.925442],[107.420421,20.917426],[107.381847,20.903103],[107.353282,20.901435],[107.350759,20.904731],[107.37322,20.909125]]]}},{"type":"Feature","properties":{},"geometry":{"type":"Polygon","coordinates":[[[107.058197,20.966051],[107.061615,20.961859],[107.062185,20.958116],[107.052745,20.952501],[107.038341,20.947537],[107.029959,20.948065],[107.022878,20.950426],[107.019379,20.95421],[107.031261,20.974351],[107.037039,20.974555],[107.038666,20.976508],[107.043793,20.978258],[107.051199,20.976589],[107.058197,20.966051]]]}},{"type":"Feature","properties":{},"geometry":{"type":"Polygon","coordinates":[[[106.738536,20.950344],[106.727794,20.953437],[106.71339,20.952541],[106.702322,20.954942],[106.693289,20.960679],[106.685639,20.974189],[106.68686,20.981879],[106.692556,20.985256],[106.698822,20.981635],[106.702566,20.976549],[106.70989,20.972846],[106.72698,20.968655],[106.733084,20.972398],[106.728119,20.980658],[106.728282,20.987209],[106.733084,20.992987],[106.739268,20.996243],[106.744477,20.995144],[106.753591,20.988918],[106.762787,20.979071],[106.763845,20.972683],[106.758962,20.973131],[106.757498,20.972968],[106.759532,20.970771],[106.763764,20.96894],[106.76531,20.964057],[106.765636,20.959621],[106.764659,20.952704],[106.760102,20.947008],[106.738536,20.950344]]]}},{"type":"Feature","properties":{},"geometry":{"type":"Polygon","coordinates":[[[107.517996,21.045233],[107.513276,21.043769],[107.507253,21.039089],[107.500255,21.037584],[107.496918,21.039049],[107.506114,21.048489],[107.514659,21.052965],[107.521821,21.058987],[107.530203,21.070705],[107.533376,21.069729],[107.533702,21.066596],[107.535004,21.066107],[107.537771,21.068549],[107.538748,21.071641],[107.53061,21.07685],[107.530203,21.081],[107.532156,21.083645],[107.53712,21.087795],[107.537934,21.090806],[107.540863,21.095404],[107.546072,21.09984],[107.553152,21.113756],[107.557709,21.115465],[107.561209,21.113756],[107.563569,21.111802],[107.567312,21.111925],[107.576427,21.117377],[107.581798,21.11758],[107.582286,21.110582],[107.581147,21.102322],[107.572683,21.084133],[107.566417,21.082424],[107.562429,21.079495],[107.561615,21.073065],[107.551117,21.068101],[107.535899,21.056912],[107.53476,21.05211],[107.517996,21.045233]]]}},{"type":"Feature","properties":{},"geometry":{"type":"Polygon","coordinates":[[[107.5713,21.13467],[107.576996,21.135769],[107.583507,21.137478],[107.581716,21.129299],[107.565929,21.116848],[107.563487,21.117621],[107.559174,21.122911],[107.560313,21.127427],[107.563487,21.131659],[107.567068,21.134955],[107.5713,21.13467]]]}},{"type":"Feature","properties":{},"geometry":{"type":"Polygon","coordinates":[[[107.66977,21.197496],[107.674083,21.206],[107.679454,21.210924],[107.680186,21.207139],[107.663829,21.145209],[107.658295,21.139431],[107.657563,21.148057],[107.66977,21.197496]]]}},{"type":"Feature","properties":{},"geometry":{"type":"Polygon","coordinates":[[[107.968842,21.24433],[107.974946,21.24494],[107.980968,21.242214],[107.982595,21.2355],[107.979666,21.229438],[107.973318,21.22781],[107.961843,21.228868],[107.953624,21.233629],[107.9546,21.239569],[107.968842,21.24433]]]}},{"type":"Feature","properties":{},"geometry":{"type":"Polygon","coordinates":[[[107.638601,21.255805],[107.639496,21.25259],[107.63852,21.249172],[107.615245,21.232978],[107.611176,21.232978],[107.599457,21.237779],[107.603933,21.242458],[107.638031,21.258612],[107.638601,21.255805]]]}},{"type":"Feature","properties":{},"geometry":{"type":"Polygon","coordinates":[[[107.542084,21.259019],[107.544119,21.265611],[107.557465,21.272203],[107.572765,21.273179],[107.583344,21.26789],[107.587901,21.261501],[107.58489,21.258572],[107.5796,21.256415],[107.566824,21.255154],[107.561046,21.252183],[107.555349,21.257351],[107.548025,21.256456],[107.542084,21.259019]]]}},{"type":"Feature","properties":{},"geometry":{"type":"Polygon","coordinates":[[[107.539887,21.266547],[107.5324,21.263983],[107.525238,21.274726],[107.530528,21.281317],[107.533132,21.285386],[107.539643,21.28384],[107.546397,21.281317],[107.549653,21.281033],[107.557058,21.281562],[107.553884,21.275539],[107.546723,21.27143],[107.539887,21.266547]]]}},{"type":"Feature","properties":{},"geometry":{"type":"Polygon","coordinates":[[[107.781423,21.295071],[107.791026,21.296129],[107.796967,21.293036],[107.793549,21.291246],[107.780854,21.291246],[107.772634,21.289415],[107.759858,21.281317],[107.757335,21.281317],[107.75408,21.283718],[107.759369,21.290839],[107.771169,21.294176],[107.775808,21.294338],[107.781423,21.295071]]]}},{"type":"Feature","properties":{},"geometry":{"type":"Polygon","coordinates":[[[107.694753,21.296902],[107.700531,21.296739],[107.69988,21.291775],[107.660248,21.266832],[107.659841,21.268215],[107.676443,21.287502],[107.694753,21.296902]]]}},{"type":"Feature","properties":{},"geometry":{"type":"Polygon","coordinates":[[[108.160004,21.544176],[108.172781,21.546169],[108.181814,21.54149],[108.182709,21.53498],[108.177013,21.530056],[108.128835,21.518704],[108.126557,21.520413],[108.129568,21.523708],[108.142263,21.529283],[108.160004,21.544176]]]}},{"type":"Feature","properties":{},"geometry":{"type":"Polygon","coordinates":[[[108.569672,21.765774],[108.569509,21.769477],[108.565522,21.77383],[108.570893,21.777533],[108.574229,21.775295],[108.577403,21.771145],[108.577403,21.76321],[108.576345,21.759101],[108.572602,21.759426],[108.569672,21.765774]]]}},{"type":"Feature","properties":{},"geometry":{"type":"Polygon","coordinates":[[[113.175873,21.862128],[113.18157,21.866848],[113.187673,21.869045],[113.190929,21.863349],[113.187999,21.856635],[113.180024,21.850328],[113.173269,21.849148],[113.165538,21.853339],[113.148692,21.842597],[113.131196,21.850369],[113.135671,21.864976],[113.146332,21.862454],[113.151052,21.868964],[113.155935,21.872748],[113.160655,21.870429],[113.167166,21.864488],[113.175873,21.862128]]]}},{"type":"Feature","properties":{},"geometry":{"type":"Polygon","coordinates":[[[113.010916,21.876207],[113.024669,21.880845],[113.03533,21.878445],[113.038829,21.865627],[113.034516,21.855292],[113.020518,21.854844],[113.017345,21.849514],[113.012462,21.852607],[113.003754,21.869534],[113.010916,21.876207]]]}},{"type":"Feature","properties":{},"geometry":{"type":"Polygon","coordinates":[[[121.60255,21.948798],[121.598155,21.952257],[121.601248,21.95718],[121.605724,21.953681],[121.60255,21.948798]]]}},{"type":"Feature","properties":{},"geometry":{"type":"Polygon","coordinates":[[[113.223318,22.000556],[113.201589,21.988756],[113.198253,21.980048],[113.200206,21.975328],[113.196137,21.96719],[113.188162,21.959988],[113.182791,21.960476],[113.180349,21.964423],[113.180024,21.970771],[113.192393,22.033759],[113.200043,22.038438],[113.239513,22.038072],[113.243988,22.039293],[113.249115,22.038357],[113.249197,22.03384],[113.239513,22.023301],[113.242117,22.018175],[113.246349,22.013292],[113.248709,22.008124],[113.249034,22.004747],[113.237641,22.002468],[113.231781,22.002956],[113.223318,22.000556]]]}},{"type":"Feature","properties":{},"geometry":{"type":"Polygon","coordinates":[[[113.903331,22.158433],[113.897146,22.158433],[113.899587,22.163031],[113.910574,22.166164],[113.910574,22.158433],[113.903331,22.158433]]]}},{"type":"Feature","properties":{},"geometry":{"type":"Polygon","coordinates":[[[114.264089,22.16234],[114.256114,22.154568],[114.250662,22.16234],[114.256114,22.171658],[114.266368,22.178697],[114.26946,22.171658],[114.26946,22.164578],[114.264089,22.16234]]]}},{"type":"Feature","properties":{},"geometry":{"type":"Polygon","coordinates":[[[113.910574,22.178697],[113.910574,22.176378],[113.903331,22.178697],[113.903331,22.18651],[113.910574,22.178697]]]}},{"type":"Feature","properties":{},"geometry":{"type":"Polygon","coordinates":[[[114.249034,22.177151],[114.242849,22.175564],[114.242849,22.18419],[114.242849,22.184963],[114.248383,22.184963],[114.253754,22.18651],[114.256114,22.181871],[114.251475,22.177151],[114.249034,22.177151]]]}},{"type":"Feature","properties":{},"geometry":{"type":"Polygon","coordinates":[[[113.990733,22.191881],[113.989106,22.18651],[113.984467,22.188056],[113.97755,22.193427],[113.983735,22.198961],[113.987641,22.198961],[113.990733,22.191881]]]}},{"type":"Feature","properties":{},"geometry":{"type":"Polygon","coordinates":[[[114.022146,22.206773],[114.026785,22.205227],[114.034516,22.205227],[114.031423,22.195868],[114.026785,22.198961],[114.015798,22.191881],[114.014985,22.198188],[114.022146,22.202826],[114.022146,22.206773]]]}},{"type":"Feature","properties":{},"geometry":{"type":"Polygon","coordinates":[[[114.156342,22.231757],[114.152192,22.230984],[114.14446,22.236477],[114.142182,22.241197],[114.142182,22.241889],[114.156342,22.238837],[114.156342,22.231757]]]}},{"type":"Feature","properties":{},"geometry":{"type":"Polygon","coordinates":[[[114.29599,22.254421],[114.29599,22.248114],[114.298513,22.242662],[114.295177,22.23725],[114.288259,22.23253],[114.285167,22.238023],[114.281342,22.238837],[114.282888,22.249742],[114.282888,22.248887],[114.29599,22.254421]]]}},{"type":"Feature","properties":{},"geometry":{"type":"Polygon","coordinates":[[[114.042979,22.241197],[114.038341,22.241197],[114.031423,22.249742],[114.020518,22.255194],[114.023692,22.255968],[114.042247,22.255968],[114.042979,22.241197]]]}},{"type":"Feature","properties":{},"geometry":{"type":"Polygon","coordinates":[[[114.047862,22.256741],[114.042979,22.256741],[114.045339,22.262152],[114.050222,22.262152],[114.051768,22.261379],[114.047862,22.256741]]]}},{"type":"Feature","properties":{},"geometry":{"type":"Polygon","coordinates":[[[114.349946,22.264594],[114.34669,22.25906],[114.344412,22.263048],[114.34669,22.269192],[114.349946,22.264594]]]}},{"type":"Feature","properties":{},"geometry":{"type":"Polygon","coordinates":[[[114.272553,22.27619],[114.264822,22.269965],[114.265636,22.279364],[114.272553,22.27619]]]}},{"type":"Feature","properties":{},"geometry":{"type":"Polygon","coordinates":[[[114.073497,22.280137],[114.069672,22.280137],[114.069672,22.285631],[114.071951,22.285631],[114.074392,22.284084],[114.073497,22.280137]]]}},{"type":"Feature","properties":{},"geometry":{"type":"Polygon","coordinates":[[[114.040701,22.291083],[114.038341,22.285631],[114.042979,22.285631],[114.042979,22.281684],[114.034516,22.279364],[114.034516,22.288723],[114.035248,22.288723],[114.040701,22.291083]]]}},{"type":"Feature","properties":{},"geometry":{"type":"Polygon","coordinates":[[[114.370209,22.305162],[114.368663,22.305162],[114.363943,22.312893],[114.366303,22.318427],[114.370209,22.311347],[114.370209,22.305162]]]}},{"type":"Feature","properties":{},"geometry":{"type":"Polygon","coordinates":[[[114.134369,22.319932],[114.141368,22.315985],[114.145356,22.316799],[114.146821,22.313666],[114.141368,22.310574],[114.136729,22.313666],[114.129812,22.315212],[114.12908,22.315985],[114.134369,22.319932]]]}},{"type":"Feature","properties":{},"geometry":{"type":"Polygon","coordinates":[[[113.942556,22.322252],[113.939464,22.312893],[113.936127,22.309801],[113.933767,22.300401],[113.931488,22.292711],[113.929942,22.292711],[113.929942,22.301174],[113.923676,22.311347],[113.923676,22.312893],[113.923676,22.313666],[113.929942,22.315985],[113.933035,22.322252],[113.936127,22.318427],[113.942556,22.322252]]]}},{"type":"Feature","properties":{},"geometry":{"type":"Polygon","coordinates":[[[114.352306,22.312893],[114.34669,22.309801],[114.353038,22.322252],[114.356049,22.322252],[114.352306,22.312893]]]}},{"type":"Feature","properties":{},"geometry":{"type":"Polygon","coordinates":[[[114.331228,22.326117],[114.319509,22.323798],[114.316335,22.33633],[114.323497,22.339464],[114.328868,22.337144],[114.331228,22.326117]]]}},{"type":"Feature","properties":{},"geometry":{"type":"Polygon","coordinates":[[[114.061778,22.339464],[114.056407,22.339464],[114.054861,22.347276],[114.057953,22.351915],[114.065766,22.348822],[114.062673,22.345771],[114.061778,22.339464]]]}},{"type":"Feature","properties":{},"geometry":{"type":"Polygon","coordinates":[[[120.348155,22.32095],[120.345063,22.331814],[120.350271,22.341132],[120.35019,22.341417],[120.360769,22.353827],[120.368582,22.353827],[120.371104,22.355496],[120.372325,22.353827],[120.373057,22.353827],[120.373871,22.351874],[120.378917,22.345038],[120.377126,22.343492],[120.377696,22.341742],[120.367442,22.335313],[120.36614,22.334215],[120.359793,22.329535],[120.348318,22.320339],[120.348237,22.321072],[120.348155,22.32095]]]}},{"type":"Feature","properties":{},"geometry":{"type":"Polygon","coordinates":[[[114.104828,22.326117],[114.089041,22.322252],[114.086843,22.339464],[114.079112,22.349636],[114.079112,22.35578],[114.085297,22.358995],[114.093761,22.35578],[114.10255,22.353461],[114.105642,22.347276],[114.108735,22.340237],[114.104828,22.326117]]]}},{"type":"Feature","properties":{},"geometry":{"type":"Polygon","coordinates":[[[114.29599,22.362087],[114.29599,22.348822],[114.289724,22.353461],[114.288992,22.36522],[114.288992,22.369086],[114.292817,22.371405],[114.29599,22.362087]]]}},{"type":"Feature","properties":{},"geometry":{"type":"Polygon","coordinates":[[[114.328868,22.342556],[114.307791,22.342556],[114.305431,22.345771],[114.304698,22.358995],[114.303152,22.36522],[114.310883,22.376125],[114.316335,22.376125],[114.319509,22.358995],[114.328868,22.350369],[114.328868,22.342556]]]}},{"type":"Feature","properties":{},"geometry":{"type":"Polygon","coordinates":[[[113.883962,22.379218],[113.879893,22.369859],[113.876069,22.383897],[113.883962,22.379218]]]}},{"type":"Feature","properties":{},"geometry":{"type":"Polygon","coordinates":[[[114.365408,22.474433],[114.359141,22.465806],[114.353038,22.480658],[114.358328,22.486884],[114.363129,22.486111],[114.365408,22.474433]]]}},{"type":"Feature","properties":{},"geometry":{"type":"Polygon","coordinates":[[[114.317068,22.518175],[114.312429,22.512803],[114.300059,22.506415],[114.29363,22.512803],[114.298513,22.515855],[114.303152,22.514268],[114.308523,22.526028],[114.317068,22.518175]]]}},{"type":"Feature","properties":{},"geometry":{"type":"Polygon","coordinates":[[[114.425629,22.551703],[114.427908,22.548611],[114.43336,22.543891],[114.422537,22.543891],[114.425629,22.551703]]]}},{"type":"Feature","properties":{},"geometry":{"type":"Polygon","coordinates":[[[114.288992,22.556383],[114.297699,22.550198],[114.308523,22.554063],[114.316335,22.551744],[114.303884,22.547838],[114.298513,22.547838],[114.295177,22.547838],[114.300792,22.535264],[114.288992,22.540798],[114.285981,22.547065],[114.288992,22.556383]]]}},{"type":"Feature","properties":{},"geometry":{"type":"Polygon","coordinates":[[[120.037852,23.060045],[120.046072,23.052273],[120.045584,23.048896],[120.043224,23.044582],[120.034679,23.051703],[120.02825,23.066189],[120.029307,23.070705],[120.031993,23.070787],[120.03533,23.066555],[120.037852,23.060045]]]}},{"type":"Feature","properties":{},"geometry":{"type":"Polygon","coordinates":[[[120.048513,23.149604],[120.047618,23.145413],[120.03655,23.120958],[120.036306,23.121446],[120.051443,23.168158],[120.052257,23.16767],[120.053722,23.167548],[120.048513,23.149604]]]}},{"type":"Feature","properties":{},"geometry":{"type":"Polygon","coordinates":[[[119.42571,23.222357],[119.436046,23.219713],[119.436697,23.212388],[119.435639,23.206692],[119.431082,23.202786],[119.424978,23.194932],[119.418305,23.191799],[119.413341,23.196967],[119.407644,23.213446],[119.411306,23.21776],[119.42571,23.222357]]]}},{"type":"Feature","properties":{},"geometry":{"type":"Polygon","coordinates":[[[120.060639,23.190212],[120.060395,23.190212],[120.074148,23.224595],[120.076182,23.22484],[120.076834,23.218533],[120.060639,23.190212]]]}},{"type":"Feature","properties":{},"geometry":{"type":"Polygon","coordinates":[[[119.414154,23.225979],[119.405691,23.228298],[119.39796,23.236762],[119.396983,23.24551],[119.401541,23.249376],[119.413748,23.247585],[119.420665,23.236802],[119.414154,23.225979]]]}},{"type":"Feature","properties":{},"geometry":{"type":"Polygon","coordinates":[[[119.612478,23.253201],[119.611664,23.251817],[119.613943,23.248765],[119.609548,23.248358],[119.609386,23.248033],[119.606375,23.248033],[119.604666,23.247829],[119.604421,23.247992],[119.60434,23.248155],[119.600271,23.252794],[119.601899,23.253404],[119.601329,23.25495],[119.607514,23.255479],[119.608653,23.255886],[119.610688,23.255723],[119.612478,23.253201]]]}},{"type":"Feature","properties":{},"geometry":{"type":"Polygon","coordinates":[[[119.61085,23.256496],[119.609386,23.256496],[119.610118,23.258979],[119.611176,23.257148],[119.61085,23.256496]]]}},{"type":"Feature","properties":{},"geometry":{"type":"Polygon","coordinates":[[[119.660655,23.263332],[119.669281,23.263332],[119.667817,23.25967],[119.669281,23.258857],[119.665212,23.25373],[119.662283,23.247219],[119.660167,23.252468],[119.658132,23.256985],[119.658865,23.263332],[119.65919,23.263332],[119.659272,23.264065],[119.660655,23.263332]]]}},{"type":"Feature","properties":{},"geometry":{"type":"Polygon","coordinates":[[[119.652273,23.265937],[119.651622,23.263332],[119.652517,23.263332],[119.652517,23.261461],[119.650564,23.262193],[119.648529,23.262397],[119.648936,23.262763],[119.647716,23.263251],[119.649425,23.263292],[119.652273,23.265937]]]}},{"type":"Feature","properties":{},"geometry":{"type":"Polygon","coordinates":[[[119.497406,23.268378],[119.501882,23.274604],[119.504242,23.271186],[119.497406,23.268378]]]}},{"type":"Feature","properties":{},"geometry":{"type":"Polygon","coordinates":[[[120.08489,23.268663],[120.083669,23.260037],[120.083263,23.260403],[120.085623,23.297268],[120.087576,23.296658],[120.08489,23.268663]]]}},{"type":"Feature","properties":{},"geometry":{"type":"Polygon","coordinates":[[[119.328054,23.319403],[119.329194,23.319159],[119.329519,23.317369],[119.328298,23.316759],[119.327729,23.317288],[119.326671,23.318793],[119.328054,23.319403]]]}},{"type":"Feature","properties":{},"geometry":{"type":"Polygon","coordinates":[[[119.313894,23.325141],[119.314382,23.324612],[119.314708,23.322862],[119.313487,23.322252],[119.312999,23.32274],[119.311941,23.324246],[119.313894,23.325141]]]}},{"type":"Feature","properties":{},"geometry":{"type":"Polygon","coordinates":[[[119.329438,23.31981],[119.328054,23.319932],[119.326671,23.325263],[119.329682,23.323391],[119.329438,23.31981]]]}},{"type":"Feature","properties":{},"geometry":{"type":"Polygon","coordinates":[[[120.105479,23.311184],[120.098725,23.306545],[120.097341,23.31037],[120.106293,23.321194],[120.109874,23.329291],[120.113862,23.334621],[120.116303,23.33275],[120.11671,23.328966],[120.111257,23.322252],[120.105479,23.311184]]]}},{"type":"Feature","properties":{},"geometry":{"type":"Polygon","coordinates":[[[120.120453,23.36579],[120.114106,23.355373],[120.110444,23.351426],[120.111257,23.357774],[120.118907,23.370917],[120.122325,23.372219],[120.120453,23.36579]]]}},{"type":"Feature","properties":{},"geometry":{"type":"Polygon","coordinates":[[[119.521088,23.37405],[119.527029,23.37523],[119.532725,23.372016],[119.531912,23.367621],[119.528575,23.366889],[119.525564,23.367011],[119.514171,23.360989],[119.512706,23.362209],[119.514171,23.366929],[119.51824,23.372097],[119.521088,23.37405]]]}},{"type":"Feature","properties":{},"geometry":{"type":"Polygon","coordinates":[[[120.132742,23.386827],[120.132416,23.386746],[120.132416,23.402167],[120.134207,23.400702],[120.134451,23.390652],[120.132742,23.386827]]]}},{"type":"Feature","properties":{},"geometry":{"type":"Polygon","coordinates":[[[119.505219,23.375271],[119.507823,23.372911],[119.5053,23.367499],[119.500987,23.36343],[119.501313,23.360216],[119.503103,23.356676],[119.497569,23.354682],[119.485525,23.35574],[119.479584,23.35814],[119.485037,23.368964],[119.48406,23.383572],[119.480724,23.381415],[119.473155,23.37934],[119.470958,23.387397],[119.478689,23.405097],[119.484955,23.406317],[119.495291,23.393541],[119.497732,23.393012],[119.499929,23.390855],[119.500336,23.382676],[119.502208,23.377265],[119.505219,23.375271]]]}},{"type":"Feature","properties":{},"geometry":{"type":"Polygon","coordinates":[[[119.310557,23.397895],[119.309418,23.399563],[119.309418,23.39997],[119.306488,23.401719],[119.310395,23.409491],[119.311046,23.409573],[119.31186,23.410915],[119.314464,23.410102],[119.315766,23.410305],[119.32073,23.408637],[119.319672,23.406806],[119.320893,23.403022],[119.318614,23.399807],[119.310557,23.397895]]]}},{"type":"Feature","properties":{},"geometry":{"type":"Polygon","coordinates":[[[120.13559,23.416002],[120.135102,23.414944],[120.133149,23.421983],[120.137625,23.420844],[120.137543,23.420722],[120.137869,23.42064],[120.135916,23.414781],[120.13559,23.416002]]]}},{"type":"Feature","properties":{},"geometry":{"type":"Polygon","coordinates":[[[120.12615,23.444525],[120.132416,23.443061],[120.132172,23.442206],[120.132986,23.441921],[120.131033,23.43712],[120.127126,23.443061],[120.12615,23.444525]]]}},{"type":"Feature","properties":{},"geometry":{"type":"Polygon","coordinates":[[[119.533865,23.497423],[119.533621,23.497341],[119.534434,23.49726],[119.524832,23.491319],[119.523367,23.490912],[119.522146,23.489895],[119.519542,23.489691],[119.514334,23.487942],[119.505626,23.483832],[119.504568,23.485256],[119.500987,23.485745],[119.499685,23.492051],[119.500255,23.492458],[119.500011,23.492784],[119.500336,23.49258],[119.502289,23.494127],[119.509288,23.492214],[119.51059,23.493191],[119.514496,23.494737],[119.515636,23.495144],[119.515798,23.495307],[119.524425,23.499172],[119.533865,23.497423]]]}},{"type":"Feature","properties":{},"geometry":{"type":"Polygon","coordinates":[[[116.929454,23.539537],[116.923757,23.543443],[116.919526,23.548489],[116.918875,23.554999],[116.924978,23.560696],[116.937104,23.566352],[116.945974,23.57449],[116.946056,23.582017],[116.948985,23.591051],[116.953705,23.59573],[116.96697,23.600816],[116.970795,23.59984],[116.971202,23.594184],[116.968923,23.585761],[116.960623,23.574123],[116.960785,23.554714],[116.958263,23.547349],[116.952485,23.543769],[116.942556,23.543565],[116.929454,23.539537]]]}},{"type":"Feature","properties":{},"geometry":{"type":"Polygon","coordinates":[[[119.612804,23.749823],[119.611257,23.743557],[119.602712,23.739122],[119.595307,23.73078],[119.594086,23.727484],[119.593679,23.72899],[119.593435,23.728746],[119.589203,23.738023],[119.59018,23.739569],[119.588471,23.742987],[119.594981,23.74787],[119.59905,23.755235],[119.601329,23.758328],[119.602875,23.756008],[119.603201,23.754788],[119.612804,23.749823]]]}},{"type":"Feature","properties":{},"geometry":{"type":"Polygon","coordinates":[[[123.781749,24.039089],[123.76002,24.045111],[123.75766,24.053819],[123.766856,24.06037],[123.783458,24.062405],[123.802908,24.060614],[123.807465,24.050767],[123.795095,24.040758],[123.781749,24.039089]]]}},{"type":"Feature","properties":{},"geometry":{"type":"Polygon","coordinates":[[[123.994477,24.235704],[123.997081,24.246772],[124.006196,24.245958],[124.013113,24.241929],[124.021332,24.241034],[124.028738,24.234361],[124.024587,24.221381],[124.01352,24.213772],[124.004324,24.215155],[123.998139,24.222439],[123.994477,24.235704]]]}},{"type":"Feature","properties":{},"geometry":{"type":"Polygon","coordinates":[[[124.097341,24.309231],[124.08961,24.304877],[124.081879,24.310045],[124.078868,24.319403],[124.082693,24.328233],[124.09197,24.328559],[124.100678,24.320014],[124.102224,24.314683],[124.097341,24.309231]]]}},{"type":"Feature","properties":{},"geometry":{"type":"Polygon","coordinates":[[[123.966482,24.326158],[123.958263,24.326931],[123.954031,24.328843],[123.963959,24.334215],[123.965668,24.341376],[123.968761,24.346829],[123.981212,24.347195],[123.997651,24.329983],[123.999278,24.321763],[123.991547,24.319607],[123.985769,24.323228],[123.979666,24.324652],[123.972097,24.32453],[123.966482,24.326158]]]}},{"type":"Feature","properties":{},"geometry":{"type":"Polygon","coordinates":[[[118.256358,24.448106],[118.262706,24.441799],[118.262543,24.430976],[118.257335,24.423774],[118.251231,24.423367],[118.247,24.419298],[118.244802,24.415147],[118.240164,24.412828],[118.220225,24.407538],[118.208995,24.411607],[118.228038,24.446031],[118.233084,24.450751],[118.241059,24.452623],[118.249034,24.452826],[118.256358,24.448106]]]}},{"type":"Feature","properties":{},"geometry":{"type":"Polygon","coordinates":[[[118.326508,24.54324],[118.30128,24.55744],[118.297699,24.561428],[118.300955,24.565212],[118.306895,24.567491],[118.323985,24.569159],[118.333832,24.563544],[118.33546,24.555569],[118.332693,24.547838],[118.326508,24.54324]]]}},{"type":"Feature","properties":{},"geometry":{"type":"Polygon","coordinates":[[[124.705089,24.669257],[124.7199,24.661241],[124.725841,24.646552],[124.717133,24.635037],[124.708263,24.630723],[124.701752,24.62991],[124.691335,24.63109],[124.678559,24.636542],[124.67628,24.651964],[124.689382,24.666897],[124.705089,24.669257]]]}},{"type":"Feature","properties":{},"geometry":{"type":"Polygon","coordinates":[[[124.696137,24.754503],[124.70045,24.750149],[124.704112,24.748318],[124.707856,24.737128],[124.697358,24.741482],[124.68865,24.744574],[124.687429,24.755113],[124.696137,24.754503]]]}},{"type":"Feature","properties":{},"geometry":{"type":"Polygon","coordinates":[[[121.953949,24.846381],[121.956391,24.844224],[121.953624,24.836168],[121.939057,24.836615],[121.93393,24.83926],[121.932465,24.841376],[121.93214,24.841417],[121.927257,24.848578],[121.931,24.847439],[121.94044,24.852362],[121.94101,24.853095],[121.941661,24.853013],[121.942068,24.853217],[121.942963,24.85281],[121.950287,24.851671],[121.953949,24.846381]]]}},{"type":"Feature","properties":{},"geometry":{"type":"Polygon","coordinates":[[[125.245779,24.935899],[125.25294,24.929104],[125.257416,24.918443],[125.252615,24.919338],[125.250987,24.919257],[125.25058,24.91531],[125.237559,24.934027],[125.245779,24.935899]]]}},{"type":"Feature","properties":{},"geometry":{"type":"Polygon","coordinates":[[[119.469493,24.995754],[119.476085,24.9949],[119.476899,24.988308],[119.473643,24.980862],[119.462901,24.975898],[119.457937,24.980048],[119.460378,24.99079],[119.469493,24.995754]]]}},{"type":"Feature","properties":{},"geometry":{"type":"Polygon","coordinates":[[[117.753887,15.154369],[117.755692,15.151887],[117.753887,15.150082],[117.751856,15.151887],[117.753887,15.154369]]]}},{"type":"Feature","properties":{},"geometry":{"type":"Polygon","coordinates":[[[121.526134,12.704495],[121.527354,12.692206],[121.530935,12.676011],[121.536388,12.660346],[121.546397,12.64411],[121.547374,12.636908],[121.545665,12.611233],[121.542735,12.609036],[121.538259,12.609198],[121.5324,12.605455],[121.493419,12.549262],[121.481456,12.539008],[121.456716,12.522935],[121.448985,12.520819],[121.442393,12.522406],[121.437836,12.521633],[121.43629,12.512397],[121.436778,12.495917],[121.438975,12.489244],[121.443614,12.482001],[121.43629,12.474514],[121.430024,12.482001],[121.42628,12.475084],[121.424653,12.470038],[121.425629,12.464097],[121.430024,12.454657],[121.411876,12.443183],[121.412446,12.414984],[121.425304,12.384223],[121.443614,12.365302],[121.443614,12.358466],[121.403331,12.369818],[121.384288,12.368598],[121.381602,12.35102],[121.387218,12.344713],[121.388927,12.336371],[121.386974,12.32689],[121.381602,12.317532],[121.390391,12.313056],[121.394542,12.307685],[121.395844,12.300238],[121.395763,12.289537],[121.365733,12.307766],[121.354747,12.324123],[121.34018,12.316636],[121.316417,12.296373],[121.303396,12.293402],[121.29127,12.2862],[121.27296,12.269029],[121.247813,12.219916],[121.244965,12.214423],[121.230154,12.214342],[121.207774,12.236029],[121.193696,12.241767],[121.131684,12.241767],[121.113617,12.251288],[121.099132,12.274644],[121.093272,12.303697],[121.101085,12.330512],[121.106944,12.314358],[121.115977,12.305243],[121.128184,12.303656],[121.142589,12.310045],[121.134939,12.313463],[121.128184,12.312934],[121.121593,12.310045],[121.115408,12.327541],[121.114757,12.330512],[121.094412,12.345404],[121.08725,12.343248],[121.08725,12.323676],[121.071137,12.332506],[121.050629,12.349433],[121.032888,12.368109],[121.020518,12.389797],[120.994884,12.413723],[120.986827,12.416205],[120.98113,12.422675],[120.938975,12.493964],[120.926036,12.501858],[120.916352,12.512397],[120.918468,12.536282],[120.929047,12.577582],[120.927908,12.597602],[120.92213,12.617092],[120.912446,12.634711],[120.885916,12.664984],[120.868663,12.699652],[120.854503,12.715318],[120.832205,12.724026],[120.812266,12.72427],[120.797862,12.729438],[120.792491,12.75259],[120.791352,12.763861],[120.786306,12.78262],[120.785167,12.79385],[120.781993,12.805569],[120.76531,12.831448],[120.766449,12.840522],[120.770844,12.847113],[120.77589,12.852729],[120.778982,12.85871],[120.779633,12.867906],[120.776703,12.916083],[120.767426,12.946845],[120.758311,13.002387],[120.740977,13.033271],[120.696951,13.092108],[120.664887,13.155911],[120.642345,13.183254],[120.594574,13.199205],[120.576345,13.221422],[120.559825,13.228664],[120.525157,13.225653],[120.514822,13.230536],[120.526215,13.249172],[120.499766,13.273342],[120.479991,13.3015],[120.467784,13.333482],[120.459727,13.403713],[120.452485,13.420233],[120.439952,13.427232],[120.432628,13.426703],[120.41505,13.423],[120.408214,13.420478],[120.400157,13.415025],[120.395763,13.409491],[120.392426,13.404202],[120.387869,13.399359],[120.368175,13.383368],[120.355968,13.38052],[120.340099,13.386298],[120.327647,13.396877],[120.316905,13.4112],[120.309337,13.427639],[120.306651,13.444322],[120.310557,13.466986],[120.321544,13.487779],[120.337657,13.505316],[120.356619,13.518378],[120.380138,13.526353],[120.403168,13.52733],[120.47169,13.511542],[120.531912,13.509223],[120.544688,13.510932],[120.555186,13.513495],[120.56544,13.513129],[120.584727,13.501858],[120.595388,13.498928],[120.614431,13.496161],[120.653331,13.496568],[120.676524,13.492987],[120.690196,13.481879],[120.706391,13.490383],[120.719249,13.485175],[120.737315,13.468248],[120.754568,13.466742],[120.77003,13.470689],[120.799327,13.481879],[120.888194,13.501858],[120.915375,13.516669],[120.928396,13.50495],[120.936778,13.507514],[120.944835,13.512844],[120.950206,13.530341],[120.964366,13.526353],[120.969005,13.527167],[120.977387,13.530341],[120.978689,13.526516],[120.984386,13.522895],[120.979666,13.514146],[120.973888,13.507758],[120.966563,13.503974],[120.957042,13.502997],[120.963064,13.49433],[120.973155,13.482733],[120.98463,13.472602],[120.994884,13.468248],[121.003917,13.459662],[121.026866,13.421576],[121.042735,13.413031],[121.108653,13.415961],[121.125255,13.404771],[121.121593,13.372016],[121.128266,13.372016],[121.130138,13.378363],[121.132823,13.393622],[121.135102,13.399359],[121.139334,13.405422],[121.141124,13.407416],[121.148774,13.413031],[121.158865,13.417548],[121.171641,13.421454],[121.18336,13.428127],[121.190278,13.440904],[121.197113,13.440904],[121.217784,13.40412],[121.333751,13.310614],[121.376231,13.245103],[121.3921,13.2355],[121.41391,13.232733],[121.430512,13.22427],[121.440766,13.209418],[121.443614,13.18769],[121.440684,13.177436],[121.435557,13.166693],[121.432628,13.156073],[121.43629,13.146064],[121.44752,13.138983],[121.458995,13.139716],[121.470225,13.143744],[121.481212,13.146064],[121.504649,13.145168],[121.527029,13.140774],[121.544444,13.130316],[121.552989,13.111314],[121.549164,13.090644],[121.535899,13.07685],[121.50172,13.054267],[121.489513,13.03677],[121.483165,13.014716],[121.481944,12.990871],[121.492442,12.929511],[121.492035,12.913316],[121.483084,12.872138],[121.48463,12.85871],[121.477794,12.85871],[121.483409,12.831122],[121.485606,12.768459],[121.495128,12.745429],[121.522472,12.711493],[121.526134,12.704495]]]}},{"type":"Feature","properties":{},"geometry":{"type":"Polygon","coordinates":[[[108.870372,3.048245],[108.867849,3.04442],[108.873383,3.033149],[108.84962,3.019395],[108.848399,3.023749],[108.852712,3.025214],[108.854828,3.033149],[108.848643,3.043199],[108.843028,3.050605],[108.841319,3.05744],[108.84669,3.065497],[108.853852,3.063788],[108.85906,3.061021],[108.865815,3.057929],[108.870291,3.053697],[108.871837,3.052883],[108.870372,3.048245]]]}},{"type":"Feature","properties":{},"geometry":{"type":"Polygon","coordinates":[[[105.98821,3.052802],[105.983897,3.049994],[105.97991,3.042711],[105.984467,3.03913],[105.97641,3.023749],[105.973399,3.028795],[105.973969,3.034695],[105.968598,3.032742],[105.964041,3.03205],[105.964854,3.040391],[105.96518,3.051418],[105.966482,3.055569],[105.966807,3.060899],[105.966075,3.069525],[105.966807,3.07335],[105.970307,3.083848],[105.984467,3.090522],[105.987071,3.083075],[105.984223,3.069648],[105.981944,3.063015],[105.98821,3.052802]]]}},{"type":"Feature","properties":{},"geometry":{"type":"Polygon","coordinates":[[[105.651866,3.126573],[105.658051,3.121202],[105.666352,3.10692],[105.666189,3.098782],[105.656505,3.10281],[105.653982,3.099718],[105.654959,3.094875],[105.644054,3.101223],[105.641287,3.107733],[105.638764,3.109442],[105.641205,3.112006],[105.640473,3.117499],[105.641205,3.125027],[105.651866,3.126573]]]}},{"type":"Feature","properties":{},"geometry":{"type":"Polygon","coordinates":[[[106.417979,3.159451],[106.427419,3.156236],[106.433523,3.149319],[106.431651,3.135932],[106.427826,3.13817],[106.418224,3.141059],[106.410167,3.138373],[106.404389,3.140001],[106.400727,3.142035],[106.405772,3.150865],[106.414887,3.162014],[106.417979,3.159451]]]}},{"type":"Feature","properties":{},"geometry":{"type":"Polygon","coordinates":[[[106.197276,3.303127],[106.194509,3.295762],[106.18808,3.305976],[106.180919,3.312242],[106.170177,3.330512],[106.174001,3.340806],[106.199148,3.355496],[106.202322,3.363878],[106.197765,3.380032],[106.204682,3.389146],[106.218842,3.394843],[106.225271,3.392849],[106.221039,3.387519],[106.21811,3.378404],[106.218598,3.363674],[106.223969,3.353664],[106.233084,3.353176],[106.230805,3.336249],[106.216319,3.30565],[106.208507,3.305935],[106.203461,3.31391],[106.202485,3.326158],[106.200287,3.330024],[106.197765,3.328315],[106.196218,3.322781],[106.197276,3.303127]]]}},{"type":"Feature","properties":{},"geometry":{"type":"Polygon","coordinates":[[[108.043468,3.597805],[108.045339,3.598944],[108.049327,3.594387],[108.051443,3.581732],[108.048757,3.569403],[108.04127,3.575059],[108.038178,3.586737],[108.041677,3.592637],[108.043468,3.597805]]]}},{"type":"Feature","properties":{},"geometry":{"type":"Polygon","coordinates":[[[108.09669,3.641832],[108.1067,3.642768],[108.120046,3.636461],[108.124604,3.623236],[108.115896,3.608507],[108.101329,3.60163],[108.09018,3.602484],[108.083018,3.59691],[108.074718,3.594428],[108.0713,3.604315],[108.075694,3.61404],[108.081309,3.619778],[108.08782,3.622626],[108.09669,3.641832]]]}},{"type":"Feature","properties":{},"geometry":{"type":"Polygon","coordinates":[[[108.081554,3.643419],[108.073578,3.642239],[108.063162,3.643215],[108.058767,3.640448],[108.055024,3.643297],[108.051443,3.661729],[108.059581,3.674099],[108.074555,3.672187],[108.082937,3.662909],[108.087738,3.652248],[108.086111,3.646389],[108.081554,3.643419]]]}},{"type":"Feature","properties":{},"geometry":{"type":"Polygon","coordinates":[[[108.039724,3.791571],[108.042491,3.786811],[108.034516,3.770616],[108.033539,3.770657],[108.035085,3.77969],[108.030772,3.786811],[108.028982,3.784939],[108.022146,3.784329],[108.013682,3.788967],[108.01824,3.799302],[108.014985,3.806138],[108.014334,3.812323],[108.007986,3.813544],[108.001313,3.816677],[107.994965,3.817206],[107.996104,3.822496],[108.005056,3.825466],[108.016368,3.823147],[108.026215,3.817125],[108.031342,3.810045],[108.033702,3.799913],[108.035085,3.795274],[108.039724,3.791571]]]}},{"type":"Feature","properties":{},"geometry":{"type":"Polygon","coordinates":[[[107.908458,3.91706],[107.921072,3.914211],[107.924327,3.904812],[107.917898,3.892239],[107.913422,3.889635],[107.906912,3.891018],[107.89796,3.901109],[107.896007,3.910631],[107.903331,3.919501],[107.908458,3.91706]]]}},{"type":"Feature","properties":{},"geometry":{"type":"Polygon","coordinates":[[[107.862966,4.166775],[107.866384,4.164944],[107.869395,4.159695],[107.868175,4.156399],[107.861746,4.143785],[107.863862,4.134385],[107.85613,4.124864],[107.853363,4.123155],[107.849946,4.125637],[107.846283,4.120063],[107.842214,4.12344],[107.845714,4.127875],[107.847504,4.130276],[107.845225,4.132717],[107.845632,4.13939],[107.84905,4.145941],[107.856456,4.160509],[107.862966,4.166775]]]}},{"type":"Feature","properties":{},"geometry":{"type":"Polygon","coordinates":[[[108.198904,4.263983],[108.199067,4.270372],[108.206716,4.274726],[108.205089,4.265733],[108.200369,4.255357],[108.190115,4.243394],[108.188813,4.249213],[108.196707,4.258694],[108.198904,4.263983]]]}},{"type":"Feature","properties":{},"geometry":{"type":"Polygon","coordinates":[[[118.772309,4.626532],[118.77589,4.618679],[118.778656,4.61343],[118.76767,4.615058],[118.758067,4.619615],[118.748464,4.626532],[118.744314,4.622097],[118.733409,4.612698],[118.723155,4.602769],[118.724946,4.620551],[118.738699,4.630276],[118.745046,4.632107],[118.747406,4.634589],[118.752045,4.632432],[118.759451,4.630276],[118.763031,4.632107],[118.772309,4.626532]]]}},{"type":"Feature","properties":{},"geometry":{"type":"Polygon","coordinates":[[[125.429861,4.664862],[125.436697,4.669542],[125.437673,4.657091],[125.434906,4.655666],[125.431733,4.650092],[125.430512,4.651842],[125.429861,4.664862]]]}},{"type":"Feature","properties":{},"geometry":{"type":"Polygon","coordinates":[[[125.434906,4.671373],[125.431163,4.673448],[125.429779,4.678331],[125.437348,4.680487],[125.434906,4.671373]]]}},{"type":"Feature","properties":{},"geometry":{"type":"Polygon","coordinates":[[[125.483409,4.739773],[125.476573,4.733629],[125.472992,4.73786],[125.477875,4.746934],[125.482188,4.746446],[125.484141,4.750678],[125.488292,4.747097],[125.485932,4.743069],[125.483409,4.739773]]]}},{"type":"Feature","properties":{},"geometry":{"type":"Polygon","coordinates":[[[119.414317,4.779364],[119.416596,4.784654],[119.420014,4.787095],[119.421886,4.774848],[119.404307,4.674506],[119.398774,4.672227],[119.393565,4.676256],[119.392019,4.683173],[119.395518,4.691636],[119.395925,4.696845],[119.394379,4.701565],[119.396821,4.708238],[119.401866,4.714871],[119.405772,4.724066],[119.4074,4.735745],[119.405854,4.743028],[119.402029,4.744818],[119.397716,4.743638],[119.39267,4.744452],[119.393728,4.750759],[119.398123,4.756578],[119.399343,4.760606],[119.409353,4.770819],[119.41155,4.775987],[119.414317,4.779364]]]}},{"type":"Feature","properties":{},"geometry":{"type":"Polygon","coordinates":[[[118.362234,4.980536],[118.376964,4.982001],[118.380382,4.979112],[118.373709,4.972886],[118.323578,4.950832],[118.316742,4.950385],[118.31365,4.948798],[118.306163,4.950792],[118.301443,4.957587],[118.304698,4.965644],[118.30893,4.970649],[118.31072,4.974433],[118.314626,4.976142],[118.315115,4.972032],[118.313813,4.967556],[118.314871,4.964952],[118.327891,4.96955],[118.322195,4.97545],[118.320567,4.979315],[118.320811,4.983873],[118.32366,4.989],[118.332042,4.992255],[118.341645,4.99079],[118.342703,4.986355],[118.342459,4.982937],[118.342947,4.979804],[118.349132,4.983913],[118.353445,4.985216],[118.355886,4.985093],[118.357758,4.981716],[118.362234,4.980536]]]}},{"type":"Feature","properties":{},"geometry":{"type":"Polygon","coordinates":[[[120.011892,5.018256],[120.021983,5.012681],[120.024587,5.002061],[120.022634,4.995185],[120.016612,4.991685],[120.01474,4.986192],[120.013194,4.980333],[120.011892,4.968736],[120.007904,4.960028],[120.003266,4.957587],[119.996267,4.955715],[119.990652,4.960273],[119.988943,4.964708],[119.990326,4.967922],[119.988943,4.971218],[119.98585,4.974758],[119.989757,4.980618],[119.989594,4.985989],[119.993337,4.987454],[119.995779,4.989],[119.997162,4.992621],[119.997081,4.996446],[119.993337,4.999905],[119.995453,5.00552],[119.994233,5.010484],[119.999522,5.014512],[120.001394,5.013495],[120.007335,5.014228],[120.011648,5.012356],[120.014089,5.014309],[120.011892,5.018256]]]}},{"type":"Feature","properties":{},"geometry":{"type":"Polygon","coordinates":[[[120.211192,5.047268],[120.222504,5.041897],[120.228119,5.037258],[120.226817,5.032497],[120.223074,5.029527],[120.218028,5.021145],[120.210053,5.016384],[120.194753,5.020453],[120.189138,5.028266],[120.186697,5.026516],[120.190033,5.031155],[120.196951,5.035712],[120.211192,5.047268]]]}},{"type":"Feature","properties":{},"geometry":{"type":"Polygon","coordinates":[[[120.313975,5.125393],[120.315603,5.12759],[120.319021,5.116604],[120.317556,5.111558],[120.311778,5.10102],[120.305512,5.095201],[120.294688,5.091417],[120.282237,5.084296],[120.27475,5.08926],[120.269705,5.099595],[120.274099,5.106106],[120.287446,5.111314],[120.298025,5.122016],[120.303152,5.126858],[120.310639,5.125027],[120.313975,5.125393]]]}},{"type":"Feature","properties":{},"geometry":{"type":"Polygon","coordinates":[[[120.331472,5.159898],[120.342621,5.1647],[120.34547,5.154242],[120.334646,5.118598],[120.326996,5.124294],[120.320811,5.131008],[120.319509,5.134101],[120.321137,5.136705],[120.322195,5.138129],[120.321056,5.141954],[120.321056,5.146104],[120.323822,5.148586],[120.324229,5.155504],[120.331472,5.159898]]]}},{"type":"Feature","properties":{},"geometry":{"type":"Polygon","coordinates":[[[120.49643,5.186265],[120.500336,5.181342],[120.505219,5.176785],[120.504893,5.174709],[120.502533,5.169664],[120.500824,5.161485],[120.496104,5.161282],[120.495209,5.160346],[120.486501,5.168402],[120.486501,5.180243],[120.480968,5.187812],[120.479666,5.194607],[120.493256,5.191514],[120.49643,5.186265]]]}},{"type":"Feature","properties":{},"geometry":{"type":"Polygon","coordinates":[[[120.35198,5.216986],[120.352387,5.221137],[120.354666,5.218126],[120.35198,5.216986]]]}},{"type":"Feature","properties":{},"geometry":{"type":"Polygon","coordinates":[[[120.592621,5.219875],[120.606537,5.222357],[120.608409,5.219468],[120.604666,5.217108],[120.600922,5.213284],[120.60141,5.20779],[120.598806,5.204535],[120.59197,5.20779],[120.583914,5.209133],[120.584727,5.211412],[120.582774,5.213487],[120.582123,5.209459],[120.577647,5.210598],[120.581716,5.218695],[120.592621,5.219875]]]}},{"type":"Feature","properties":{},"geometry":{"type":"Polygon","coordinates":[[[120.681488,5.216539],[120.683604,5.213894],[120.686371,5.214219],[120.679698,5.210801],[120.67156,5.211371],[120.670421,5.214138],[120.663097,5.220445],[120.659109,5.225653],[120.669607,5.224758],[120.681488,5.216539]]]}},{"type":"Feature","properties":{},"geometry":{"type":"Polygon","coordinates":[[[120.336111,5.232571],[120.348237,5.233466],[120.356537,5.224433],[120.351329,5.222561],[120.348969,5.219387],[120.347667,5.214626],[120.347911,5.209499],[120.350759,5.206081],[120.347179,5.198472],[120.34547,5.190375],[120.344737,5.184434],[120.341482,5.182725],[120.34254,5.185167],[120.340343,5.185574],[120.338634,5.185899],[120.340505,5.189276],[120.340994,5.195787],[120.337413,5.198635],[120.336111,5.209825],[120.330984,5.210883],[120.328624,5.215196],[120.330414,5.221015],[120.330903,5.226915],[120.336111,5.232571]]]}},{"type":"Feature","properties":{},"geometry":{"type":"Polygon","coordinates":[[[119.945079,5.233181],[119.942556,5.23664],[119.946218,5.243964],[119.94866,5.240546],[119.945079,5.233181]]]}},{"type":"Feature","properties":{},"geometry":{"type":"Polygon","coordinates":[[[120.274832,5.17768],[120.269542,5.176907],[120.261078,5.181871],[120.250011,5.182847],[120.244802,5.184801],[120.245291,5.189643],[120.247651,5.193101],[120.252289,5.197496],[120.253917,5.199897],[120.248546,5.196234],[120.243337,5.194159],[120.242931,5.196519],[120.2553,5.219468],[120.256847,5.237779],[120.261241,5.248399],[120.267589,5.256822],[120.274262,5.255601],[120.290538,5.240058],[120.288178,5.239407],[120.28061,5.242174],[120.271739,5.249905],[120.268891,5.248684],[120.26946,5.243598],[120.272309,5.241523],[120.277436,5.241075],[120.283946,5.238389],[120.288748,5.231269],[120.293793,5.233181],[120.299897,5.232245],[120.305186,5.226752],[120.30836,5.216335],[120.307628,5.208279],[120.309418,5.203599],[120.3095,5.198106],[120.293386,5.185452],[120.279633,5.182644],[120.274832,5.17768]]]}},{"type":"Feature","properties":{},"geometry":{"type":"Polygon","coordinates":[[[120.350108,5.258043],[120.361664,5.25845],[120.366059,5.250271],[120.360688,5.242092],[120.357839,5.235704],[120.350108,5.234402],[120.34783,5.24258],[120.344493,5.253119],[120.350108,5.258043]]]}},{"type":"Feature","properties":{},"geometry":{"type":"Polygon","coordinates":[[[120.243012,5.34516],[120.244965,5.325995],[120.236176,5.336005],[120.230642,5.336005],[120.227875,5.339464],[120.224864,5.340481],[120.223806,5.345038],[120.220795,5.350409],[120.217459,5.357164],[120.231944,5.360256],[120.239106,5.354315],[120.243012,5.34516]]]}},{"type":"Feature","properties":{},"geometry":{"type":"Polygon","coordinates":[[[120.306488,5.365261],[120.299001,5.367499],[120.293061,5.380276],[120.297048,5.386379],[120.300792,5.381985],[120.304942,5.381741],[120.307302,5.385606],[120.313731,5.387315],[120.318533,5.389553],[120.322113,5.387315],[120.329438,5.384223],[120.335867,5.378241],[120.329519,5.372748],[120.318696,5.368028],[120.306488,5.365261]]]}},{"type":"Feature","properties":{},"geometry":{"type":"Polygon","coordinates":[[[120.381033,5.406643],[120.393403,5.407457],[120.393809,5.39643],[120.384288,5.395575],[120.376964,5.39529],[120.365733,5.392646],[120.381033,5.406643]]]}},{"type":"Feature","properties":{},"geometry":{"type":"Polygon","coordinates":[[[120.589203,5.402574],[120.578136,5.409695],[120.574474,5.415188],[120.573578,5.420762],[120.576508,5.421698],[120.58017,5.419298],[120.583914,5.414374],[120.58725,5.411851],[120.586925,5.416653],[120.590831,5.416734],[120.595551,5.412991],[120.599294,5.412014],[120.599783,5.414984],[120.590994,5.425849],[120.588064,5.425808],[120.579845,5.431545],[120.580577,5.436672],[120.588227,5.436265],[120.59433,5.430935],[120.606944,5.412421],[120.607026,5.407375],[120.604015,5.404893],[120.596853,5.401964],[120.589203,5.402574]]]}},{"type":"Feature","properties":{},"geometry":{"type":"Polygon","coordinates":[[[119.138194,5.462185],[119.15447,5.45661],[119.155365,5.454454],[119.149343,5.450588],[119.135834,5.444892],[119.124441,5.439927],[119.115082,5.437445],[119.103119,5.449327],[119.120616,5.460598],[119.138194,5.462185]]]}},{"type":"Feature","properties":{},"geometry":{"type":"Polygon","coordinates":[[[120.591238,5.458726],[120.586274,5.444892],[120.577891,5.459377],[120.587576,5.470526],[120.591238,5.458726]]]}},{"type":"Feature","properties":{},"geometry":{"type":"Polygon","coordinates":[[[120.729584,5.481065],[120.737071,5.470526],[120.740164,5.441799],[120.737641,5.442532],[120.732188,5.448106],[120.736827,5.452745],[120.734874,5.464097],[120.728526,5.47899],[120.72226,5.482774],[120.717621,5.481065],[120.721365,5.477973],[120.714529,5.477973],[120.714529,5.486029],[120.723155,5.48786],[120.729584,5.481065]]]}},{"type":"Feature","properties":{},"geometry":{"type":"Polygon","coordinates":[[[125.490896,5.485704],[125.495291,5.480333],[125.496674,5.472317],[125.488617,5.433865],[125.491384,5.424262],[125.474294,5.39293],[125.465505,5.391466],[125.461192,5.399156],[125.46225,5.41474],[125.459239,5.420722],[125.454763,5.424831],[125.454519,5.427314],[125.458751,5.42829],[125.457286,5.430121],[125.452159,5.431505],[125.450206,5.435085],[125.454763,5.441636],[125.453461,5.445787],[125.45338,5.450181],[125.462576,5.451972],[125.467296,5.45539],[125.466563,5.458116],[125.460297,5.457506],[125.453624,5.460069],[125.456228,5.468288],[125.46339,5.475572],[125.468435,5.476264],[125.468761,5.477281],[125.466401,5.48371],[125.470063,5.492906],[125.480642,5.493272],[125.490896,5.485704]]]}},{"type":"Feature","properties":{},"geometry":{"type":"Polygon","coordinates":[[[120.788015,5.514268],[120.774425,5.496161],[120.771576,5.495592],[120.765391,5.495998],[120.753266,5.503119],[120.744802,5.516425],[120.746349,5.527818],[120.755382,5.540107],[120.758556,5.556057],[120.764659,5.561143],[120.789561,5.568956],[120.797293,5.567043],[120.805512,5.558539],[120.806163,5.546129],[120.804698,5.538398],[120.804779,5.534125],[120.797293,5.519802],[120.788015,5.514268]]]}},{"type":"Feature","properties":{},"geometry":{"type":"Polygon","coordinates":[[[120.269786,5.629625],[120.274262,5.631171],[120.279145,5.629869],[120.284516,5.627916],[120.284028,5.622056],[120.272309,5.616278],[120.269542,5.620185],[120.268565,5.62698],[120.269786,5.629625]]]}},{"type":"Feature","properties":{},"geometry":{"type":"Polygon","coordinates":[[[121.064952,5.693305],[121.070811,5.687283],[121.067393,5.67711],[121.061371,5.669827],[121.057058,5.667792],[121.052419,5.666815],[121.045339,5.661404],[121.039561,5.661526],[121.024506,5.66828],[121.015798,5.676093],[121.014334,5.683621],[121.020437,5.684556],[121.028331,5.682522],[121.052745,5.692043],[121.064952,5.693305]]]}},{"type":"Feature","properties":{},"geometry":{"type":"Polygon","coordinates":[[[119.701182,5.781928],[119.711192,5.788235],[119.714692,5.787095],[119.706716,5.78144],[119.692475,5.776353],[119.701182,5.781928]]]}},{"type":"Feature","properties":{},"geometry":{"type":"Polygon","coordinates":[[[118.01238,5.776028],[118.018077,5.776353],[118.020681,5.774929],[118.017507,5.761705],[118.008556,5.753892],[118.003673,5.745185],[117.970307,5.747056],[117.959727,5.763536],[117.953217,5.780056],[117.934906,5.781317],[117.917572,5.785712],[117.915863,5.790676],[117.927501,5.790676],[117.939301,5.791897],[117.94516,5.793769],[117.951345,5.793769],[117.974539,5.79328],[117.967459,5.788642],[117.966075,5.784857],[117.965668,5.784044],[117.968923,5.785224],[117.970795,5.788153],[117.977712,5.791653],[117.979828,5.787299],[117.982188,5.790961],[117.989024,5.78677],[117.984386,5.781195],[117.982758,5.777981],[117.986095,5.780382],[117.987559,5.784084],[117.990733,5.787299],[117.994395,5.788031],[117.99407,5.785997],[117.994965,5.779771],[117.996593,5.77619],[117.997895,5.773871],[118.00058,5.775702],[117.996918,5.778388],[117.998057,5.781928],[118.001638,5.780178],[118.007498,5.781643],[118.011241,5.779853],[118.011567,5.775417],[118.01238,5.776028]]]}},{"type":"Feature","properties":{},"geometry":{"type":"Polygon","coordinates":[[[120.410492,5.793809],[120.416189,5.794664],[120.421397,5.786689],[120.420177,5.777696],[120.416677,5.774482],[120.406423,5.778673],[120.398692,5.790513],[120.39446,5.811265],[120.409109,5.801418],[120.405528,5.7956],[120.403412,5.799587],[120.401459,5.797919],[120.40325,5.794053],[120.408621,5.793769],[120.410167,5.79092],[120.40797,5.786485],[120.408539,5.781928],[120.411632,5.780504],[120.414154,5.780748],[120.415945,5.781928],[120.417898,5.786485],[120.414154,5.790961],[120.410492,5.793809]]]}},{"type":"Feature","properties":{},"geometry":{"type":"Polygon","coordinates":[[[119.936046,5.866685],[119.92156,5.871934],[119.925466,5.876776],[119.928396,5.873277],[119.93336,5.873033],[119.93686,5.875963],[119.937999,5.87405],[119.940278,5.870714],[119.942475,5.868232],[119.936046,5.866685]]]}},{"type":"Feature","properties":{},"geometry":{"type":"Polygon","coordinates":[[[119.955414,5.881537],[119.960134,5.874579],[119.960623,5.864691],[119.959646,5.862331],[119.954682,5.864976],[119.943533,5.86872],[119.942231,5.874091],[119.940766,5.877834],[119.940766,5.880927],[119.939057,5.88227],[119.929942,5.881456],[119.926768,5.878445],[119.932546,5.88585],[119.940603,5.885443],[119.950531,5.882188],[119.955414,5.881537]]]}},{"type":"Feature","properties":{},"geometry":{"type":"Polygon","coordinates":[[[119.994558,5.865831],[119.986176,5.864],[119.981944,5.864203],[119.980317,5.866034],[119.972504,5.864976],[119.96518,5.874905],[119.96575,5.893012],[119.973888,5.891588],[119.971446,5.884385],[119.97283,5.869778],[119.983084,5.872097],[119.989106,5.875963],[119.991954,5.876329],[119.997406,5.876899],[120.003022,5.87991],[120.010427,5.881334],[120.013682,5.878567],[120.009776,5.873806],[120.005382,5.869452],[120.004405,5.867255],[120.004731,5.86522],[119.999522,5.866034],[119.994558,5.865831]]]}},{"type":"Feature","properties":{},"geometry":{"type":"Polygon","coordinates":[[[119.97991,5.920844],[119.976166,5.930243],[119.980072,5.929511],[119.97934,5.931464],[119.977061,5.934719],[119.986501,5.943061],[119.998627,5.941596],[119.999522,5.929592],[119.996918,5.929836],[119.996104,5.925767],[119.994233,5.925482],[119.993988,5.922512],[119.993093,5.920844],[119.988943,5.923326],[119.97991,5.920844]]]}},{"type":"Feature","properties":{},"geometry":{"type":"Polygon","coordinates":[[[120.099457,5.964423],[120.107839,5.956692],[120.110525,5.946438],[120.105968,5.940212],[120.094819,5.963202],[120.089203,5.974473],[120.091482,5.980129],[120.095063,5.977444],[120.093598,5.978176],[120.095714,5.971055],[120.099457,5.964423]]]}},{"type":"Feature","properties":{},"geometry":{"type":"Polygon","coordinates":[[[121.585623,5.945299],[121.574962,5.93537],[121.562918,5.938951],[121.556326,5.953274],[121.572358,5.978013],[121.578543,5.980536],[121.588471,5.975206],[121.590831,5.967556],[121.594086,5.963365],[121.593598,5.956041],[121.585623,5.945299]]]}},{"type":"Feature","properties":{},"geometry":{"type":"Polygon","coordinates":[[[117.711111,6.001654],[117.717459,5.995551],[117.719737,5.988796],[117.716645,5.981391],[117.709809,5.973171],[117.708018,5.971259],[117.697846,5.959459],[117.686697,5.955756],[117.67921,5.940823],[117.66684,5.943996],[117.668712,5.952501],[117.687918,5.963202],[117.689464,5.979438],[117.687429,5.986477],[117.689789,5.992825],[117.688813,5.997097],[117.682872,6.002997],[117.684255,6.007148],[117.692556,6.008694],[117.699718,6.012397],[117.702403,6.014268],[117.703949,6.011135],[117.706228,6.003363],[117.708018,6.001899],[117.709727,6.001532],[117.711111,6.001654]]]}},{"type":"Feature","properties":{},"geometry":{"type":"Polygon","coordinates":[[[121.556814,6.018663],[121.546316,6.013861],[121.540619,6.012397],[121.543305,6.008531],[121.533051,6.000637],[121.518891,5.999701],[121.521902,6.002468],[121.525238,6.008816],[121.529307,6.018948],[121.534434,6.029039],[121.545909,6.044704],[121.554454,6.041856],[121.558116,6.031765],[121.552257,6.028998],[121.556814,6.023627],[121.553559,6.02143],[121.556814,6.018663]]]}},{"type":"Feature","properties":{},"geometry":{"type":"Polygon","coordinates":[[[121.384532,6.015448],[121.383474,6.024644],[121.38795,6.034044],[121.406179,6.051256],[121.415782,6.049628],[121.424571,6.045559],[121.429698,6.03974],[121.433279,6.027696],[121.432791,6.017727],[121.425059,6.010688],[121.391938,6.010688],[121.384532,6.015448]]]}},{"type":"Feature","properties":{},"geometry":{"type":"Polygon","coordinates":[[[121.710297,6.040554],[121.724701,6.034898],[121.72519,6.0303],[121.705577,6.02143],[121.694509,6.008368],[121.690684,5.99844],[121.662771,5.991848],[121.653005,5.996812],[121.652761,6.001329],[121.658946,6.009263],[121.664643,6.012437],[121.670665,6.014431],[121.67685,6.020046],[121.683116,6.029242],[121.683686,6.034939],[121.681082,6.038275],[121.677175,6.039781],[121.670909,6.039659],[121.668549,6.04324],[121.674001,6.059231],[121.682302,6.060085],[121.694021,6.055284],[121.696462,6.050889],[121.691824,6.049425],[121.690196,6.046495],[121.689952,6.041856],[121.69044,6.041531],[121.69573,6.044827],[121.704031,6.04324],[121.710297,6.040554]]]}},{"type":"Feature","properties":{},"geometry":{"type":"Polygon","coordinates":[[[118.010997,6.118638],[118.021902,6.126125],[118.026052,6.118638],[118.019786,6.114],[118.012543,6.111477],[118.005544,6.11522],[118.010997,6.118638]]]}},{"type":"Feature","properties":{},"geometry":{"type":"Polygon","coordinates":[[[118.024343,6.127997],[118.024343,6.127061],[118.022716,6.127224],[118.023448,6.128933],[118.024343,6.127997]]]}},{"type":"Feature","properties":{},"geometry":{"type":"Polygon","coordinates":[[[120.535737,6.147895],[120.551036,6.143948],[120.560557,6.131415],[120.557953,6.12523],[120.54835,6.116197],[120.541921,6.11522],[120.535085,6.122423],[120.532644,6.13699],[120.535737,6.147895]]]}},{"type":"Feature","properties":{},"geometry":{"type":"Polygon","coordinates":[[[121.845063,6.148342],[121.851329,6.143541],[121.853445,6.138943],[121.854177,6.134996],[121.851899,6.128445],[121.843679,6.121243],[121.830821,6.118679],[121.822032,6.120836],[121.813975,6.128607],[121.816498,6.136461],[121.836925,6.149319],[121.845063,6.148342]]]}},{"type":"Feature","properties":{},"geometry":{"type":"Polygon","coordinates":[[[120.903738,6.150743],[120.906749,6.149237],[120.906261,6.145372],[120.906342,6.141791],[120.911632,6.142198],[120.917084,6.141018],[120.917735,6.13703],[120.91033,6.127834],[120.898204,6.125067],[120.895193,6.12523],[120.895193,6.126125],[120.89031,6.128201],[120.888682,6.131456],[120.892182,6.13467],[120.895193,6.13406],[120.896495,6.135159],[120.897227,6.137437],[120.897634,6.14114],[120.900483,6.144802],[120.901622,6.149034],[120.903738,6.150743]]]}},{"type":"Feature","properties":{},"geometry":{"type":"Polygon","coordinates":[[[118.049815,6.149482],[118.048839,6.150173],[118.051117,6.152452],[118.049815,6.149482]]]}},{"type":"Feature","properties":{},"geometry":{"type":"Polygon","coordinates":[[[118.107839,6.167019],[118.108246,6.167222],[118.108572,6.165473],[118.107351,6.164862],[118.106944,6.165432],[118.106781,6.165351],[118.105805,6.166856],[118.107758,6.167751],[118.107839,6.167019]]]}},{"type":"Feature","properties":{},"geometry":{"type":"Polygon","coordinates":[[[121.829519,6.151719],[121.812348,6.137437],[121.804698,6.135118],[121.800059,6.138861],[121.796316,6.144192],[121.794851,6.149482],[121.79835,6.160753],[121.808849,6.175076],[121.82016,6.171902],[121.827973,6.159003],[121.829519,6.151719]]]}},{"type":"Feature","properties":{},"geometry":{"type":"Polygon","coordinates":[[[120.449718,6.175645],[120.462087,6.174262],[120.467947,6.171861],[120.467296,6.164903],[120.462332,6.152574],[120.458181,6.145494],[120.453624,6.143256],[120.456554,6.147528],[120.454275,6.147081],[120.451996,6.151313],[120.455007,6.157294],[120.457205,6.159654],[120.457205,6.163642],[120.460378,6.166002],[120.45989,6.168972],[120.457774,6.168158],[120.448171,6.169582],[120.445323,6.165473],[120.447846,6.165676],[120.447276,6.166287],[120.449555,6.16649],[120.450694,6.164496],[120.450857,6.161241],[120.448171,6.160915],[120.449962,6.156277],[120.450369,6.14822],[120.444184,6.14293],[120.442312,6.141262],[120.443533,6.135728],[120.435476,6.140692],[120.430512,6.143826],[120.430431,6.148301],[120.429373,6.151679],[120.428884,6.148301],[120.423188,6.150255],[120.418224,6.15351],[120.416677,6.158637],[120.42099,6.163398],[120.42628,6.165066],[120.428396,6.169094],[120.437022,6.173733],[120.445404,6.174709],[120.449718,6.175645]]]}},{"type":"Feature","properties":{},"geometry":{"type":"Polygon","coordinates":[[[118.057465,6.173733],[118.054942,6.175198],[118.058604,6.177151],[118.057465,6.173733]]]}},{"type":"Feature","properties":{},"geometry":{"type":"Polygon","coordinates":[[[120.922048,6.179999],[120.930837,6.18183],[120.93572,6.173733],[120.929779,6.170722],[120.921153,6.167426],[120.918305,6.16413],[120.914887,6.16059],[120.910899,6.162258],[120.906261,6.161282],[120.902599,6.158189],[120.897797,6.155382],[120.893972,6.149441],[120.893077,6.146348],[120.894216,6.143866],[120.891124,6.140855],[120.886892,6.139553],[120.885265,6.138861],[120.883718,6.142808],[120.886241,6.147732],[120.893403,6.159776],[120.903494,6.167548],[120.922048,6.179999]]]}},{"type":"Feature","properties":{},"geometry":{"type":"Polygon","coordinates":[[[120.969412,6.208035],[120.97991,6.204942],[120.993663,6.188829],[120.985199,6.18183],[120.981781,6.185411],[120.987071,6.193386],[120.980968,6.195868],[120.974946,6.197414],[120.968761,6.196763],[120.968923,6.199897],[120.966889,6.199774],[120.965017,6.196153],[120.96811,6.193671],[120.966726,6.190253],[120.971853,6.193874],[120.979015,6.193834],[120.976817,6.190782],[120.972667,6.187527],[120.97405,6.187364],[120.978689,6.188503],[120.979666,6.184068],[120.976003,6.179999],[120.972504,6.182481],[120.969412,6.180854],[120.970307,6.178371],[120.969412,6.176907],[120.962087,6.185085],[120.958181,6.196479],[120.962983,6.20539],[120.964854,6.210232],[120.969412,6.208035]]]}},{"type":"Feature","properties":{},"geometry":{"type":"Polygon","coordinates":[[[118.073009,6.241116],[118.073904,6.242255],[118.074474,6.241645],[118.074148,6.241034],[118.073009,6.241116]]]}},{"type":"Feature","properties":{},"geometry":{"type":"Polygon","coordinates":[[[118.066417,6.281846],[118.071788,6.290513],[118.079763,6.289578],[118.067393,6.280911],[118.066417,6.281846]]]}},{"type":"Feature","properties":{},"geometry":{"type":"Polygon","coordinates":[[[118.007579,6.306423],[118.006277,6.306423],[118.005219,6.308295],[118.007416,6.309638],[118.008311,6.307278],[118.007579,6.306423]]]}},{"type":"Feature","properties":{},"geometry":{"type":"Polygon","coordinates":[[[120.665945,6.284939],[120.661794,6.277533],[120.655121,6.266425],[120.645925,6.258572],[120.640798,6.254096],[120.633637,6.252916],[120.623057,6.267157],[120.628022,6.278957],[120.629242,6.282131],[120.630056,6.281887],[120.632904,6.281846],[120.634858,6.282782],[120.637706,6.286811],[120.645844,6.295803],[120.650401,6.293565],[120.654063,6.285549],[120.657725,6.280178],[120.659109,6.284613],[120.657237,6.2862],[120.660085,6.291856],[120.66033,6.309109],[120.663097,6.311184],[120.664399,6.308295],[120.66505,6.305406],[120.664073,6.301663],[120.666677,6.302965],[120.668956,6.298896],[120.665701,6.293728],[120.664724,6.293402],[120.664399,6.29206],[120.665945,6.284939]]]}},{"type":"Feature","properties":{},"geometry":{"type":"Polygon","coordinates":[[[122.002696,6.291571],[122.009451,6.296007],[122.015717,6.293728],[121.999034,6.287095],[121.980968,6.280951],[121.974946,6.284125],[121.981212,6.285549],[121.979747,6.290635],[121.975108,6.295681],[121.970144,6.2956],[121.959646,6.293728],[121.955496,6.301459],[121.957205,6.309678],[121.963634,6.316352],[121.975515,6.314521],[121.982026,6.311876],[121.988862,6.310167],[121.9935,6.298285],[121.993093,6.290269],[122.000987,6.291449],[122.002696,6.291571]]]}},{"type":"Feature","properties":{},"geometry":{"type":"Polygon","coordinates":[[[120.864675,6.327216],[120.870697,6.331366],[120.871023,6.335598],[120.867686,6.335801],[120.866466,6.332465],[120.864187,6.330105],[120.860769,6.333726],[120.858816,6.336412],[120.857351,6.334499],[120.857351,6.331977],[120.853608,6.331204],[120.850027,6.330268],[120.84669,6.33454],[120.847179,6.340888],[120.852061,6.345608],[120.859548,6.348863],[120.860444,6.346951],[120.860444,6.345689],[120.864187,6.348212],[120.8685,6.347561],[120.878429,6.333808],[120.872895,6.318223],[120.865408,6.314521],[120.859874,6.311387],[120.845063,6.311998],[120.842296,6.318956],[120.846283,6.326158],[120.849132,6.325751],[120.852712,6.323391],[120.85377,6.318956],[120.856944,6.320095],[120.860525,6.32392],[120.864675,6.327216]]]}},{"type":"Feature","properties":{},"geometry":{"type":"Polygon","coordinates":[[[120.715424,6.413316],[120.71575,6.406846],[120.71225,6.404324],[120.704275,6.402655],[120.696869,6.402411],[120.693451,6.401109],[120.682058,6.406073],[120.670909,6.407945],[120.670095,6.419908],[120.680349,6.428249],[120.691254,6.435004],[120.7046,6.438422],[120.708669,6.440579],[120.712657,6.440945],[120.71575,6.43537],[120.718272,6.430447],[120.71518,6.420437],[120.715424,6.413316]]]}},{"type":"Feature","properties":{},"geometry":{"type":"Polygon","coordinates":[[[120.781261,6.446519],[120.78712,6.443264],[120.78533,6.440334],[120.791189,6.434149],[120.792491,6.421739],[120.788097,6.428534],[120.777273,6.439236],[120.781261,6.446519]]]}},{"type":"Feature","properties":{},"geometry":{"type":"Polygon","coordinates":[[[121.96282,6.7119],[121.957123,6.712348],[121.947113,6.7119],[121.94101,6.713772],[121.939138,6.72781],[121.952647,6.748074],[121.960541,6.750556],[121.972748,6.756741],[121.986664,6.755561],[121.985769,6.744045],[121.982026,6.742174],[121.977875,6.74079],[121.981456,6.730373],[121.96282,6.7119]]]}},{"type":"Feature","properties":{},"geometry":{"type":"Polygon","coordinates":[[[125.722667,6.929511],[125.722667,6.916205],[125.717621,6.906317],[125.705007,6.903754],[125.69044,6.912177],[125.683197,6.921576],[125.678559,6.933173],[125.671072,6.943915],[125.66863,6.950914],[125.673676,6.958808],[125.679698,6.964626],[125.683767,6.966702],[125.694184,6.966254],[125.705577,6.961819],[125.718435,6.942654],[125.722667,6.929511]]]}},{"type":"Feature","properties":{},"geometry":{"type":"Polygon","coordinates":[[[117.101003,8.248847],[117.117361,8.239773],[117.124766,8.229356],[117.121349,8.220364],[117.11085,8.216132],[117.087738,8.218166],[117.081228,8.226304],[117.078949,8.245632],[117.084483,8.250474],[117.101003,8.248847]]]}},{"type":"Feature","properties":{},"geometry":{"type":"Polygon","coordinates":[[[113.341482,8.263495],[113.340099,8.266425],[113.342865,8.26553],[113.341482,8.263495]]]}},{"type":"Feature","properties":{},"geometry":{"type":"Polygon","coordinates":[[[115.415945,8.343492],[115.41212,8.343695],[115.413015,8.34634],[115.415945,8.343492]]]}},{"type":"Feature","properties":{},"geometry":{"type":"Polygon","coordinates":[[[115.271332,8.369696],[115.272472,8.372707],[115.275076,8.37169],[115.273936,8.368679],[115.271332,8.369696]]]}},{"type":"Feature","properties":{},"geometry":{"type":"Polygon","coordinates":[[[115.239431,8.368679],[115.237478,8.37226],[115.240245,8.373236],[115.242198,8.369656],[115.239431,8.368679]]]}},{"type":"Feature","properties":{},"geometry":{"type":"Polygon","coordinates":[[[113.693207,8.96894],[113.693044,8.971055],[113.695486,8.970771],[113.693207,8.96894]]]}},{"type":"Feature","properties":{},"geometry":{"type":"Polygon","coordinates":[[[118.443126,9.23782],[118.448416,9.234524],[118.451834,9.217068],[118.43922,9.209703],[118.423595,9.208482],[118.423595,9.20661],[118.422455,9.216864],[118.425873,9.22191],[118.427094,9.236599],[118.431326,9.247097],[118.437429,9.245917],[118.443126,9.23782]]]}},{"type":"Feature","properties":{},"geometry":{"type":"Polygon","coordinates":[[[125.659028,9.719753],[125.655447,9.716376],[125.651541,9.71247],[125.655691,9.708035],[125.658051,9.702135],[125.657074,9.694648],[125.65561,9.684719],[125.655284,9.681871],[125.660004,9.669176],[125.656912,9.668931],[125.655854,9.666978],[125.657156,9.665147],[125.641694,9.674465],[125.641775,9.679267],[125.641287,9.692288],[125.64031,9.700751],[125.636729,9.701239],[125.637299,9.704332],[125.632335,9.710273],[125.631114,9.706529],[125.627208,9.704942],[125.615571,9.706529],[125.619151,9.711249],[125.619802,9.715237],[125.619558,9.72427],[125.629405,9.730618],[125.633637,9.725816],[125.638276,9.722439],[125.642426,9.726996],[125.646088,9.727525],[125.650401,9.727729],[125.653005,9.726264],[125.657156,9.727362],[125.660818,9.726182],[125.659028,9.719753]]]}},{"type":"Feature","properties":{},"geometry":{"type":"Polygon","coordinates":[[[114.361339,9.767117],[114.359955,9.770046],[114.362804,9.76911],[114.361339,9.767117]]]}},{"type":"Feature","properties":{},"geometry":{"type":"Polygon","coordinates":[[[125.710134,9.814846],[125.720876,9.80801],[125.716156,9.800401],[125.716889,9.790513],[125.725597,9.790758],[125.736339,9.786363],[125.740082,9.783393],[125.730154,9.7744],[125.723155,9.765367],[125.72519,9.754177],[125.71754,9.761298],[125.715505,9.766506],[125.711436,9.764635],[125.707856,9.765977],[125.698904,9.766588],[125.698497,9.772569],[125.695649,9.786933],[125.694916,9.79678],[125.700206,9.79267],[125.704194,9.793728],[125.711029,9.799669],[125.710704,9.8074],[125.710134,9.814846]]]}},{"type":"Feature","properties":{},"geometry":{"type":"Polygon","coordinates":[[[125.51116,9.884508],[125.507823,9.888943],[125.510916,9.898668],[125.508474,9.904242],[125.50587,9.911689],[125.507986,9.920233],[125.51238,9.917711],[125.512055,9.91356],[125.515391,9.910956],[125.515147,9.906643],[125.517019,9.903632],[125.517263,9.900621],[125.521821,9.898993],[125.524181,9.897121],[125.530447,9.894273],[125.532725,9.883368],[125.545421,9.872423],[125.553803,9.86636],[125.541921,9.863105],[125.535085,9.863105],[125.531423,9.871649],[125.520763,9.871812],[125.51116,9.884508]]]}},{"type":"Feature","properties":{},"geometry":{"type":"Polygon","coordinates":[[[115.514822,9.926052],[115.51352,9.929023],[115.516287,9.928087],[115.514822,9.926052]]]}},{"type":"Feature","properties":{},"geometry":{"type":"Polygon","coordinates":[[[115.532888,9.926337],[115.531586,9.929307],[115.534353,9.928371],[115.532888,9.926337]]]}},{"type":"Feature","properties":{},"geometry":{"type":"Polygon","coordinates":[[[115.508311,9.928738],[115.507009,9.931708],[115.509776,9.930772],[115.508311,9.928738]]]}},{"type":"Feature","properties":{},"geometry":{"type":"Polygon","coordinates":[[[125.07366,9.94184],[125.075857,9.932481],[125.076101,9.926622],[125.074474,9.914374],[125.072276,9.898993],[125.068696,9.896186],[125.06308,9.910142],[125.067393,9.915432],[125.067068,9.927761],[125.06186,9.943386],[125.05893,9.95067],[125.054942,9.962755],[125.064952,9.962755],[125.067638,9.953762],[125.07366,9.94184]]]}},{"type":"Feature","properties":{},"geometry":{"type":"Polygon","coordinates":[[[114.242279,10.17654],[114.240896,10.17947],[114.243663,10.178534],[114.242279,10.17654]]]}},{"type":"Feature","properties":{},"geometry":{"type":"Polygon","coordinates":[[[124.246186,10.188015],[124.228445,10.17711],[124.215912,10.172716],[124.209321,10.174872],[124.209483,10.182807],[124.208669,10.18301],[124.201508,10.180813],[124.195323,10.191474],[124.207449,10.19949],[124.213308,10.199449],[124.219737,10.198594],[124.224376,10.202012],[124.230886,10.202012],[124.238048,10.206651],[124.240896,10.20661],[124.251801,10.209133],[124.260997,10.20775],[124.263194,10.202623],[124.258637,10.198065],[124.253266,10.195502],[124.251964,10.195502],[124.246186,10.188015]]]}},{"type":"Feature","properties":{},"geometry":{"type":"Polygon","coordinates":[[[124.055186,10.244696],[124.054698,10.241197],[124.049408,10.237454],[124.044444,10.247504],[124.046641,10.251817],[124.03712,10.25495],[124.027924,10.251125],[124.021007,10.242743],[124.02003,10.249742],[124.02589,10.256781],[124.036876,10.25849],[124.039806,10.259101],[124.037934,10.260525],[124.041026,10.265489],[124.043956,10.268785],[124.050304,10.273749],[124.04599,10.278184],[124.049001,10.281399],[124.052175,10.281684],[124.056163,10.284491],[124.066905,10.288926],[124.071951,10.283718],[124.068858,10.275133],[124.066091,10.267646],[124.060232,10.260972],[124.057384,10.254299],[124.055186,10.244696]]]}},{"type":"Feature","properties":{},"geometry":{"type":"Polygon","coordinates":[[[125.477875,10.457343],[125.488373,10.452338],[125.497406,10.445502],[125.49643,10.438056],[125.491466,10.43244],[125.495535,10.423122],[125.484711,10.422512],[125.478038,10.424221],[125.473481,10.43476],[125.471446,10.44005],[125.465343,10.445502],[125.464936,10.448676],[125.463796,10.452623],[125.462332,10.459052],[125.467784,10.461737],[125.477875,10.457343]]]}},{"type":"Feature","properties":{},"geometry":{"type":"Polygon","coordinates":[[[122.702485,10.449083],[122.696625,10.446112],[122.689057,10.439927],[122.684093,10.441677],[122.683116,10.450466],[122.683767,10.458279],[122.681,10.464586],[122.692882,10.474351],[122.712576,10.465033],[122.717784,10.461412],[122.719981,10.456773],[122.720388,10.450995],[122.716238,10.449246],[122.712006,10.44953],[122.702485,10.449083]]]}},{"type":"Feature","properties":{},"geometry":{"type":"Polygon","coordinates":[[[119.18922,10.572984],[119.1963,10.572821],[119.199799,10.570705],[119.199067,10.567247],[119.193451,10.564683],[119.187673,10.564765],[119.183442,10.565456],[119.182546,10.571641],[119.172781,10.572211],[119.16269,10.56745],[119.158621,10.569485],[119.153982,10.569648],[119.14446,10.560492],[119.136567,10.55508],[119.13087,10.557237],[119.129893,10.557563],[119.128673,10.556708],[119.127045,10.553738],[119.124766,10.553412],[119.128103,10.561754],[119.12615,10.569485],[119.132009,10.571519],[119.128673,10.576768],[119.124197,10.578518],[119.119314,10.579454],[119.118419,10.584988],[119.126801,10.592882],[119.128103,10.586371],[119.139415,10.589179],[119.144379,10.584011],[119.154959,10.593817],[119.160492,10.595079],[119.159841,10.588243],[119.160411,10.582831],[119.161794,10.580715],[119.161225,10.578233],[119.167654,10.575344],[119.171723,10.579779],[119.172374,10.584011],[119.177908,10.580064],[119.185232,10.577135],[119.18922,10.572984]]]}},{"type":"Feature","properties":{},"geometry":{"type":"Polygon","coordinates":[[[125.946544,10.758857],[125.941417,10.765286],[125.944672,10.772895],[125.962901,10.761379],[125.964366,10.745754],[125.963064,10.746365],[125.953705,10.752346],[125.946544,10.758857]]]}},{"type":"Feature","properties":{},"geometry":{"type":"Polygon","coordinates":[[[124.547455,10.763983],[124.54127,10.755276],[124.519542,10.74018],[124.497406,10.742011],[124.497732,10.761176],[124.533539,10.802924],[124.555105,10.812893],[124.563813,10.809638],[124.562755,10.799018],[124.55657,10.790513],[124.55364,10.783189],[124.554047,10.776842],[124.552826,10.771999],[124.547455,10.763983]]]}},{"type":"Feature","properties":{},"geometry":{"type":"Polygon","coordinates":[[[120.958181,10.99136],[120.962087,10.980455],[120.953868,10.976182],[120.944509,10.9737],[120.935069,10.988756],[120.952647,10.998033],[120.958181,10.99136]]]}},{"type":"Feature","properties":{},"geometry":{"type":"Polygon","coordinates":[[[125.624115,10.980007],[125.614187,10.991848],[125.614675,10.996161],[125.612315,11.004299],[125.627778,11.007392],[125.654063,10.998358],[125.651785,10.981391],[125.635427,10.9737],[125.624115,10.980007]]]}},{"type":"Feature","properties":{},"geometry":{"type":"Polygon","coordinates":[[[119.268321,10.974636],[119.267589,10.978746],[119.26238,10.983262],[119.265391,10.992011],[119.271495,10.998155],[119.271332,10.999294],[119.267914,11.001247],[119.266287,11.006212],[119.267751,11.013007],[119.267426,11.018663],[119.276134,11.019517],[119.281098,11.017686],[119.282074,11.013007],[119.284841,11.017686],[119.287852,11.020575],[119.296804,11.020046],[119.301931,11.014268],[119.298188,11.008897],[119.298269,11.003811],[119.301117,10.997463],[119.293793,10.99258],[119.289806,10.985256],[119.291759,10.978909],[119.297699,10.973009],[119.298188,10.965115],[119.300955,10.959418],[119.290131,10.950751],[119.284841,10.955715],[119.279552,10.959418],[119.275971,10.962551],[119.272553,10.96129],[119.26946,10.965806],[119.268321,10.974636]]]}},{"type":"Feature","properties":{},"geometry":{"type":"Polygon","coordinates":[[[119.727712,11.028957],[119.731456,11.02851],[119.741384,11.023098],[119.7435,11.01675],[119.735444,11.009263],[119.731781,11.009263],[119.723643,11.021715],[119.72283,11.02619],[119.727712,11.028957]]]}},{"type":"Feature","properties":{},"geometry":{"type":"Polygon","coordinates":[[[119.689138,11.068915],[119.692882,11.06273],[119.690684,11.053656],[119.689952,11.050971],[119.687104,11.047227],[119.677664,11.036729],[119.671723,11.029771],[119.6692,11.05386],[119.677257,11.059678],[119.677582,11.063992],[119.67864,11.067043],[119.681,11.071316],[119.685069,11.073391],[119.689138,11.068915]]]}},{"type":"Feature","properties":{},"geometry":{"type":"Polygon","coordinates":[[[119.672293,11.104804],[119.670258,11.108629],[119.667003,11.115139],[119.664887,11.120103],[119.665212,11.124254],[119.669281,11.125271],[119.677582,11.125556],[119.683686,11.126085],[119.68686,11.125149],[119.689952,11.122056],[119.69101,11.11815],[119.689871,11.108669],[119.694347,11.104967],[119.696707,11.1022],[119.695893,11.096625],[119.693207,11.091946],[119.692475,11.085883],[119.688162,11.08393],[119.679535,11.081041],[119.675141,11.077216],[119.677094,11.084947],[119.681,11.091783],[119.680349,11.093655],[119.680268,11.099392],[119.677257,11.103664],[119.673757,11.102851],[119.672293,11.104804]]]}},{"type":"Feature","properties":{},"geometry":{"type":"Polygon","coordinates":[[[120.9463,11.135688],[120.938162,11.142361],[120.93572,11.149848],[120.938487,11.156887],[120.974376,11.172634],[120.981293,11.171942],[120.985688,11.164618],[120.983897,11.155137],[120.967214,11.135565],[120.958669,11.132758],[120.9463,11.135688]]]}},{"type":"Feature","properties":{},"geometry":{"type":"Polygon","coordinates":[[[119.374766,11.208889],[119.376638,11.206081],[119.379731,11.195461],[119.372244,11.199897],[119.365164,11.20189],[119.358002,11.208157],[119.348806,11.20775],[119.34197,11.213446],[119.338878,11.218451],[119.338552,11.225084],[119.341563,11.224189],[119.3449,11.227281],[119.344656,11.22956],[119.343272,11.233873],[119.343923,11.236721],[119.34311,11.244696],[119.349864,11.246568],[119.352712,11.239976],[119.353852,11.228827],[119.362885,11.22012],[119.367686,11.219835],[119.37322,11.227281],[119.375987,11.223538],[119.374115,11.213568],[119.374766,11.208889]]]}},{"type":"Feature","properties":{},"geometry":{"type":"Polygon","coordinates":[[[123.161306,11.26199],[123.159028,11.259304],[123.151866,11.249091],[123.148692,11.2508],[123.147065,11.262519],[123.148774,11.271145],[123.15683,11.284532],[123.154796,11.290513],[123.152924,11.299425],[123.152354,11.30508],[123.153656,11.310777],[123.15683,11.313218],[123.163666,11.313218],[123.16977,11.30329],[123.176687,11.301907],[123.182465,11.306098],[123.185151,11.302395],[123.192231,11.296007],[123.18922,11.290717],[123.185476,11.288153],[123.18214,11.281114],[123.176687,11.279446],[123.176199,11.275539],[123.168142,11.269436],[123.166759,11.256212],[123.162771,11.255642],[123.161632,11.259914],[123.161306,11.26199]]]}},{"type":"Feature","properties":{},"geometry":{"type":"Polygon","coordinates":[[[120.677257,11.294827],[120.678233,11.300401],[120.680186,11.30268],[120.675548,11.304796],[120.672374,11.303127],[120.669688,11.305772],[120.671397,11.311306],[120.681326,11.320461],[120.689138,11.320665],[120.694591,11.318793],[120.694021,11.309475],[120.696544,11.303046],[120.694916,11.295396],[120.690603,11.294501],[120.682872,11.289537],[120.677257,11.294827]]]}},{"type":"Feature","properties":{},"geometry":{"type":"Polygon","coordinates":[[[119.676931,11.281277],[119.67449,11.263414],[119.661632,11.272528],[119.659841,11.279731],[119.657563,11.283393],[119.655447,11.29385],[119.656423,11.308092],[119.66448,11.312445],[119.672944,11.310899],[119.678803,11.316921],[119.679454,11.322496],[119.687673,11.327541],[119.691905,11.326402],[119.693044,11.317857],[119.692882,11.309963],[119.688731,11.298],[119.685069,11.292792],[119.683116,11.287665],[119.676931,11.281277]]]}},{"type":"Feature","properties":{},"geometry":{"type":"Polygon","coordinates":[[[123.885671,11.348456],[123.897472,11.353095],[123.899425,11.333116],[123.89975,11.320665],[123.894379,11.312445],[123.893158,11.291409],[123.879487,11.283922],[123.875499,11.30622],[123.877533,11.326402],[123.885671,11.348456]]]}},{"type":"Feature","properties":{},"geometry":{"type":"Polygon","coordinates":[[[120.097911,11.385484],[120.102387,11.387356],[120.110932,11.381578],[120.109386,11.372707],[120.106619,11.363634],[120.089692,11.366604],[120.087738,11.377387],[120.092052,11.383653],[120.088715,11.385972],[120.080903,11.38581],[120.07838,11.385972],[120.076834,11.389838],[120.088959,11.390611],[120.097911,11.385484]]]}},{"type":"Feature","properties":{},"geometry":{"type":"Polygon","coordinates":[[[120.822113,11.443712],[120.826182,11.44774],[120.831065,11.449571],[120.831716,11.444648],[120.835785,11.44245],[120.843516,11.435167],[120.84197,11.425198],[120.834809,11.418484],[120.825043,11.433783],[120.822113,11.443712]]]}},{"type":"Feature","properties":{},"geometry":{"type":"Polygon","coordinates":[[[120.180837,11.44774],[120.176606,11.441352],[120.173025,11.436876],[120.167166,11.434068],[120.174897,11.457994],[120.185883,11.463813],[120.191661,11.457099],[120.196625,11.449286],[120.184906,11.448798],[120.180837,11.44774]]]}},{"type":"Feature","properties":{},"geometry":{"type":"Polygon","coordinates":[[[123.235118,11.490017],[123.234467,11.482408],[123.235118,11.478095],[123.226899,11.468044],[123.208995,11.462226],[123.199067,11.467515],[123.195893,11.472317],[123.19044,11.472642],[123.183442,11.475694],[123.180675,11.483059],[123.183523,11.487779],[123.199311,11.49254],[123.20045,11.500067],[123.206798,11.50849],[123.217784,11.508043],[123.223237,11.504462],[123.225271,11.505439],[123.228363,11.511949],[123.228038,11.515408],[123.229177,11.516343],[123.235118,11.490017]]]}},{"type":"Feature","properties":{},"geometry":{"type":"Polygon","coordinates":[[[123.328298,11.583848],[123.320242,11.590196],[123.326834,11.59866],[123.342865,11.596666],[123.352224,11.596666],[123.353933,11.60163],[123.357595,11.596584],[123.356293,11.586778],[123.353852,11.584621],[123.350597,11.588813],[123.342621,11.584133],[123.33017,11.572374],[123.328543,11.573717],[123.328217,11.579495],[123.328298,11.583848]]]}},{"type":"Feature","properties":{},"geometry":{"type":"Polygon","coordinates":[[[124.8838,11.681912],[124.889252,11.67654],[124.891775,11.668728],[124.889252,11.664903],[124.871267,11.652493],[124.877045,11.636501],[124.876475,11.628648],[124.873709,11.624864],[124.858165,11.619859],[124.855886,11.623684],[124.850597,11.628607],[124.843679,11.631212],[124.837657,11.630845],[124.833181,11.632636],[124.835297,11.646796],[124.830903,11.657294],[124.831554,11.663642],[124.833425,11.668036],[124.820486,11.685614],[124.822927,11.694607],[124.820404,11.707668],[124.823497,11.709377],[124.826345,11.704698],[124.828298,11.699123],[124.830658,11.695095],[124.833751,11.692939],[124.846853,11.68773],[124.854015,11.689765],[124.860444,11.68891],[124.866384,11.680935],[124.875011,11.67947],[124.8838,11.681912]]]}},{"type":"Feature","properties":{},"geometry":{"type":"Polygon","coordinates":[[[120.183523,11.750271],[120.176117,11.746161],[120.169444,11.744045],[120.149994,11.752265],[120.141856,11.752143],[120.138927,11.756252],[120.134125,11.76968],[120.133637,11.775417],[120.13559,11.778062],[120.143484,11.768907],[120.151134,11.770128],[120.154877,11.767605],[120.15797,11.767605],[120.161794,11.768459],[120.167654,11.762274],[120.174978,11.762885],[120.178233,11.763943],[120.176117,11.771877],[120.170258,11.780748],[120.169444,11.783433],[120.177745,11.782864],[120.182628,11.78144],[120.189138,11.777126],[120.195811,11.76203],[120.196462,11.754584],[120.191987,11.752672],[120.188162,11.752427],[120.183523,11.750271]]]}},{"type":"Feature","properties":{},"geometry":{"type":"Polygon","coordinates":[[[124.347179,11.801256],[124.345714,11.781521],[124.336192,11.767442],[124.324962,11.762274],[124.310557,11.766669],[124.300548,11.774807],[124.291596,11.788804],[124.293468,11.800605],[124.30364,11.810248],[124.313243,11.815904],[124.325369,11.81745],[124.337413,11.814643],[124.347179,11.801256]]]}},{"type":"Feature","properties":{},"geometry":{"type":"Polygon","coordinates":[[[123.121104,11.859809],[123.134207,11.86286],[123.138276,11.858059],[123.131684,11.843044],[123.120779,11.835191],[123.121104,11.859809]]]}},{"type":"Feature","properties":{},"geometry":{"type":"Polygon","coordinates":[[[123.6692,11.904446],[123.673025,11.902777],[123.675304,11.888739],[123.671479,11.870632],[123.658214,11.880032],[123.656261,11.88878],[123.658295,11.902899],[123.664968,11.904975],[123.665212,11.904975],[123.6692,11.904446]]]}},{"type":"Feature","properties":{},"geometry":{"type":"Polygon","coordinates":[[[124.459809,11.912746],[124.462576,11.890896],[124.454275,11.884101],[124.444835,11.882148],[124.423188,11.889635],[124.416515,11.893622],[124.414154,11.90176],[124.416596,11.911566],[124.421804,11.920559],[124.433604,11.929877],[124.445323,11.931301],[124.451752,11.928778],[124.455089,11.925157],[124.459809,11.912746]]]}},{"type":"Feature","properties":{},"geometry":{"type":"Polygon","coordinates":[[[124.302745,11.899644],[124.293468,11.897447],[124.290538,11.899685],[124.284109,11.900946],[124.278005,11.911729],[124.274506,11.915066],[124.277599,11.918524],[124.278412,11.923367],[124.281342,11.927639],[124.293793,11.935085],[124.296235,11.937608],[124.297455,11.941596],[124.307709,11.954372],[124.313324,11.954413],[124.31894,11.957343],[124.331147,11.959459],[124.332612,11.954454],[124.335134,11.949246],[124.333669,11.941677],[124.315929,11.917711],[124.311941,11.907497],[124.302745,11.899644]]]}},{"type":"Feature","properties":{},"geometry":{"type":"Polygon","coordinates":[[[121.562104,11.957831],[121.572683,11.946194],[121.576182,11.935329],[121.575776,11.928697],[121.581065,11.914089],[121.580089,11.898871],[121.569591,11.893134],[121.549734,11.889187],[121.541677,11.895046],[121.536713,11.902289],[121.536632,11.908596],[121.544851,11.933987],[121.540294,11.947577],[121.540701,11.958279],[121.551036,11.962307],[121.554779,11.96247],[121.562104,11.957831]]]}},{"type":"Feature","properties":{},"geometry":{"type":"Polygon","coordinates":[[[119.826996,11.943712],[119.823009,11.939317],[119.819509,11.937934],[119.821951,11.945461],[119.824636,11.954739],[119.835378,11.966335],[119.849539,11.981553],[119.862641,11.982367],[119.86964,11.977362],[119.859793,11.973293],[119.855235,11.973497],[119.849864,11.970893],[119.839447,11.952297],[119.830251,11.945299],[119.826996,11.943712]]]}},{"type":"Feature","properties":{},"geometry":{"type":"Polygon","coordinates":[[[124.42335,11.959621],[124.419607,11.960842],[124.41269,11.961168],[124.404145,11.965928],[124.40268,11.974351],[124.405691,11.987535],[124.416189,11.992092],[124.425955,11.988634],[124.433604,11.979844],[124.434255,11.971666],[124.429373,11.963162],[124.42335,11.959621]]]}},{"type":"Feature","properties":{},"geometry":{"type":"Polygon","coordinates":[[[121.942231,11.945176],[121.939789,11.940416],[121.931895,11.940416],[121.929698,11.947333],[121.914724,11.971015],[121.903005,11.990017],[121.912771,11.998196],[121.923757,11.99258],[121.924246,11.985948],[121.926606,11.982937],[121.929128,11.979804],[121.926117,11.969753],[121.927989,11.964789],[121.93336,11.960313],[121.934093,11.958279],[121.938162,11.957058],[121.942556,11.956732],[121.941905,11.955797],[121.945893,11.954779],[121.945323,11.950426],[121.946625,11.948554],[121.942231,11.945176]]]}},{"type":"Feature","properties":{},"geometry":{"type":"Polygon","coordinates":[[[121.910737,12.08218],[121.917735,12.089097],[121.928396,12.094875],[121.941742,12.09398],[121.950287,12.083604],[121.957449,12.064521],[121.957774,12.046658],[121.959076,12.04149],[121.954682,12.035142],[121.934988,12.038601],[121.916433,12.049384],[121.910085,12.065212],[121.910737,12.08218]]]}},{"type":"Feature","properties":{},"geometry":{"type":"Polygon","coordinates":[[[121.020193,12.190741],[121.01352,12.197333],[121.01059,12.197699],[121.008881,12.200751],[121.011974,12.203559],[121.016775,12.203925],[121.01238,12.207668],[121.004242,12.205308],[121.00115,12.214911],[121.008962,12.236518],[121.018484,12.233507],[121.024994,12.21955],[121.028087,12.215033],[121.034841,12.200181],[121.025076,12.204901],[121.018565,12.197699],[121.02475,12.18594],[121.020193,12.190741]]]}},{"type":"Feature","properties":{},"geometry":{"type":"Polygon","coordinates":[[[124.096772,12.258124],[124.095714,12.25906],[124.095714,12.268663],[124.094493,12.277452],[124.088145,12.280178],[124.093272,12.290554],[124.108735,12.284573],[124.096772,12.258124]]]}},{"type":"Feature","properties":{},"geometry":{"type":"Polygon","coordinates":[[[124.279796,12.375881],[124.274099,12.366238],[124.26238,12.374172],[124.248871,12.402981],[124.239187,12.44302],[124.240245,12.453437],[124.245453,12.460639],[124.255219,12.45303],[124.264659,12.440619],[124.278819,12.405951],[124.280772,12.391018],[124.279796,12.375881]]]}},{"type":"Feature","properties":{},"geometry":{"type":"Polygon","coordinates":[[[121.802257,14.29206],[121.804373,14.299587],[121.82488,14.308051],[121.82724,14.305528],[121.844168,14.299628],[121.845551,14.291897],[121.830251,14.268337],[121.828868,14.263617],[121.826589,14.259345],[121.821137,14.253892],[121.816498,14.255561],[121.813894,14.265001],[121.808604,14.271186],[121.804047,14.279486],[121.802257,14.29206]]]}},{"type":"Feature","properties":{},"geometry":{"type":"Polygon","coordinates":[[[120.584402,14.390286],[120.59254,14.393744],[120.608409,14.390896],[120.607351,14.390611],[120.600841,14.389106],[120.586111,14.384426],[120.578217,14.374783],[120.564626,14.377468],[120.561453,14.380764],[120.563487,14.390937],[120.57073,14.393988],[120.584402,14.390286]]]}},{"type":"Feature","properties":{},"geometry":{"type":"Polygon","coordinates":[[[122.039561,14.437934],[122.040131,14.429551],[122.043875,14.423367],[122.038666,14.41706],[122.036225,14.408149],[122.03183,14.400214],[122.030284,14.418647],[122.025564,14.433295],[122.025076,14.444119],[122.028494,14.446926],[122.0324,14.443345],[122.039561,14.437934]]]}},{"type":"Feature","properties":{},"geometry":{"type":"Polygon","coordinates":[[[122.956879,14.495714],[122.953868,14.486599],[122.946951,14.4772],[122.95102,14.474433],[122.955251,14.473497],[122.954112,14.468166],[122.946788,14.467475],[122.940278,14.463202],[122.941498,14.457343],[122.941987,14.453396],[122.934011,14.449286],[122.930349,14.451158],[122.931326,14.456204],[122.928396,14.454942],[122.919037,14.456326],[122.915945,14.45128],[122.909434,14.44774],[122.906423,14.445054],[122.896495,14.451199],[122.898692,14.456081],[122.90268,14.460679],[122.903494,14.461615],[122.906749,14.465399],[122.912527,14.466295],[122.918549,14.466986],[122.919281,14.474311],[122.921397,14.473293],[122.924408,14.471869],[122.927745,14.47248],[122.936046,14.480943],[122.938243,14.489],[122.944509,14.493638],[122.947765,14.496934],[122.95045,14.495592],[122.956879,14.495714]]]}},{"type":"Feature","properties":{},"geometry":{"type":"Polygon","coordinates":[[[122.073416,14.849311],[122.06308,14.844387],[122.044119,14.845282],[122.039399,14.844062],[122.033621,14.847195],[122.025971,14.849026],[122.021088,14.851345],[122.021007,14.855292],[122.011567,14.874213],[122.014659,14.878119],[122.019949,14.879665],[122.025157,14.877387],[122.042166,14.874579],[122.059906,14.864936],[122.073416,14.849311]]]}},{"type":"Feature","properties":{},"geometry":{"type":"Polygon","coordinates":[[[117.753887,15.154369],[117.755692,15.151887],[117.753887,15.150082],[117.751856,15.151887],[117.753887,15.154369]]]}},{"type":"Feature","properties":{},"geometry":{"type":"Polygon","coordinates":[[[109.116791,15.390733],[109.129812,15.390204],[109.140473,15.385688],[109.144216,15.378892],[109.139415,15.375393],[109.130707,15.371609],[109.118826,15.370673],[109.105154,15.374457],[109.097341,15.379462],[109.097992,15.383857],[109.104828,15.389919],[109.116791,15.390733]]]}},{"type":"Feature","properties":{},"geometry":{"type":"Polygon","coordinates":[[[108.538748,15.953518],[108.541677,15.943874],[108.541677,15.925279],[108.540457,15.920559],[108.536794,15.921983],[108.531179,15.929796],[108.512787,15.942491],[108.511648,15.944973],[108.511241,15.950873],[108.50587,15.955715],[108.498953,15.956163],[108.492361,15.958767],[108.48821,15.963935],[108.490245,15.966946],[108.501475,15.974921],[108.508474,15.975816],[108.538748,15.953518]]]}},{"type":"Feature","properties":{},"geometry":{"type":"Polygon","coordinates":[[[119.930349,16.38052],[119.926117,16.386542],[119.917247,16.389919],[119.909923,16.390937],[119.908295,16.396552],[119.907074,16.412258],[119.909841,16.421373],[119.918305,16.426907],[119.927745,16.427476],[119.934906,16.425523],[119.95696,16.397691],[119.959809,16.388983],[119.960297,16.376451],[119.955903,16.372382],[119.943696,16.379299],[119.930349,16.38052]]]}},{"type":"Feature","properties":{},"geometry":{"type":"Polygon","coordinates":[[[111.508149,16.442043],[111.506928,16.443549],[111.51002,16.444729],[111.508149,16.442043]]]}},{"type":"Feature","properties":{},"geometry":{"type":"Polygon","coordinates":[[[111.71225,16.447414],[111.710948,16.450344],[111.713715,16.449449],[111.71225,16.447414]]]}},{"type":"Feature","properties":{},"geometry":{"type":"Polygon","coordinates":[[[111.70281,16.450914],[111.701427,16.453884],[111.704194,16.452948],[111.70281,16.450914]]]}},{"type":"Feature","properties":{},"geometry":{"type":"Polygon","coordinates":[[[111.742849,16.457139],[111.741547,16.460069],[111.744314,16.459133],[111.742849,16.457139]]]}},{"type":"Feature","properties":{},"geometry":{"type":"Polygon","coordinates":[[[111.659516,16.543606],[111.658214,16.546536],[111.660981,16.5456],[111.659516,16.543606]]]}},{"type":"Feature","properties":{},"geometry":{"type":"Polygon","coordinates":[[[111.713959,16.543687],[111.712576,16.546617],[111.715343,16.545722],[111.713959,16.543687]]]}},{"type":"Feature","properties":{},"geometry":{"type":"Polygon","coordinates":[[[111.673432,16.569932],[111.672048,16.572903],[111.674897,16.571967],[111.673432,16.569932]]]}},{"type":"Feature","properties":{},"geometry":{"type":"Polygon","coordinates":[[[111.703949,16.573188],[111.70281,16.5751],[111.705903,16.575181],[111.703949,16.573188]]]}},{"type":"Feature","properties":{},"geometry":{"type":"Polygon","coordinates":[[[111.680268,16.578152],[111.678884,16.581122],[111.681651,16.580186],[111.680268,16.578152]]]}},{"type":"Feature","properties":{},"geometry":{"type":"Polygon","coordinates":[[[112.326915,16.942369],[112.324229,16.941718],[112.325043,16.944322],[112.326915,16.942369]]]}},{"type":"Feature","properties":{},"geometry":{"type":"Polygon","coordinates":[[[112.314301,16.951687],[112.31422,16.953843],[112.316091,16.952541],[112.314301,16.951687]]]}},{"type":"Feature","properties":{},"geometry":{"type":"Polygon","coordinates":[[[112.200206,16.97427],[112.197032,16.972357],[112.198741,16.975653],[112.200206,16.97427]]]}},{"type":"Feature","properties":{},"geometry":{"type":"Polygon","coordinates":[[[122.149669,18.578192],[122.153819,18.57156],[122.154633,18.567125],[122.154145,18.550849],[122.146332,18.536648],[122.146821,18.526435],[122.140961,18.521226],[122.112559,18.506985],[122.114919,18.536038],[122.117849,18.542792],[122.108897,18.554836],[122.109548,18.561143],[122.115245,18.571275],[122.118012,18.573269],[122.125092,18.575751],[122.131684,18.580227],[122.137462,18.582546],[122.144705,18.581407],[122.149669,18.578192]]]}},{"type":"Feature","properties":{},"geometry":{"type":"Polygon","coordinates":[[[105.93214,19.382351],[105.935557,19.381863],[105.940359,19.377305],[105.941498,19.37169],[105.93922,19.366156],[105.935069,19.360541],[105.929047,19.359076],[105.925059,19.363105],[105.92099,19.369045],[105.920502,19.376288],[105.924164,19.37991],[105.928477,19.380357],[105.93214,19.382351]]]}},{"type":"Feature","properties":{},"geometry":{"type":"Polygon","coordinates":[[[121.506928,19.451077],[121.514008,19.43712],[121.515717,19.431749],[121.51352,19.424669],[121.510671,19.424547],[121.504568,19.431789],[121.503184,19.438178],[121.506928,19.451077]]]}},{"type":"Feature","properties":{},"geometry":{"type":"Polygon","coordinates":[[[107.731944,20.133897],[107.739838,20.138617],[107.745616,20.139716],[107.744965,20.133775],[107.742279,20.127468],[107.739594,20.124132],[107.735769,20.124376],[107.730479,20.126003],[107.72755,20.129014],[107.731944,20.133897]]]}},{"type":"Feature","properties":{},"geometry":{"type":"Polygon","coordinates":[[[121.797211,20.319851],[121.808442,20.338243],[121.815847,20.317369],[121.810232,20.308987],[121.808767,20.301866],[121.804047,20.30032],[121.796641,20.307766],[121.797211,20.319851]]]}},{"type":"Feature","properties":{},"geometry":{"type":"Polygon","coordinates":[[[107.467947,20.73253],[107.471121,20.737698],[107.474376,20.734687],[107.473888,20.730048],[107.466319,20.720404],[107.452647,20.714464],[107.46339,20.726264],[107.46339,20.729438],[107.467947,20.73253]]]}},{"type":"Feature","properties":{},"geometry":{"type":"Polygon","coordinates":[[[107.145844,20.751899],[107.145193,20.745917],[107.146332,20.743109],[107.146821,20.740587],[107.142263,20.738227],[107.137218,20.738267],[107.132498,20.743232],[107.129893,20.748318],[107.131521,20.751532],[107.135102,20.755439],[107.13852,20.761461],[107.144054,20.765652],[107.147472,20.762926],[107.145844,20.751899]]]}},{"type":"Feature","properties":{},"geometry":{"type":"Polygon","coordinates":[[[107.482351,20.769436],[107.49171,20.774197],[107.494802,20.77676],[107.49114,20.762722],[107.481863,20.755601],[107.475841,20.762112],[107.480886,20.765815],[107.482351,20.769436]]]}},{"type":"Feature","properties":{},"geometry":{"type":"Polygon","coordinates":[[[107.13323,20.77497],[107.1338,20.772528],[107.128998,20.768541],[107.126394,20.769192],[107.119884,20.783271],[107.118744,20.788072],[107.119721,20.793687],[107.11907,20.797716],[107.117198,20.800767],[107.116547,20.804307],[107.118826,20.805569],[107.122895,20.803331],[107.125499,20.801011],[107.126964,20.803331],[107.128998,20.80508],[107.131358,20.802069],[107.131521,20.796576],[107.133556,20.795925],[107.137706,20.792304],[107.139008,20.785875],[107.138276,20.784084],[107.134044,20.782864],[107.1338,20.781602],[107.135183,20.779812],[107.132335,20.776557],[107.13323,20.77497]]]}},{"type":"Feature","properties":{},"geometry":{"type":"Polygon","coordinates":[[[107.416759,20.773139],[107.41391,20.768297],[107.411957,20.7685],[107.409109,20.772895],[107.405772,20.775133],[107.403901,20.77794],[107.401947,20.788886],[107.402273,20.796169],[107.40561,20.803453],[107.410818,20.806016],[107.417572,20.796617],[107.420909,20.783637],[107.419281,20.777248],[107.416759,20.773139]]]}},{"type":"Feature","properties":{},"geometry":{"type":"Polygon","coordinates":[[[106.807872,20.817613],[106.812429,20.818508],[106.814952,20.814276],[106.807058,20.807969],[106.794932,20.806016],[106.786713,20.807318],[106.780284,20.811265],[106.765798,20.824978],[106.76238,20.831814],[106.761485,20.841702],[106.766124,20.846055],[106.787527,20.823961],[106.800466,20.817247],[106.807872,20.817613]]]}},{"type":"Feature","properties":{},"geometry":{"type":"Polygon","coordinates":[[[107.289887,20.847764],[107.294119,20.846218],[107.299408,20.844062],[107.294444,20.838935],[107.287608,20.839097],[107.285899,20.835476],[107.278331,20.833726],[107.273367,20.831651],[107.272309,20.832587],[107.274832,20.836493],[107.277924,20.837226],[107.27825,20.83983],[107.279877,20.841579],[107.275564,20.839423],[107.271169,20.839423],[107.271983,20.841864],[107.278656,20.843411],[107.285167,20.846544],[107.282563,20.85045],[107.286713,20.855333],[107.289887,20.854682],[107.28948,20.852525],[107.289887,20.847764]]]}},{"type":"Feature","properties":{},"geometry":{"type":"Polygon","coordinates":[[[107.107839,20.835883],[107.11321,20.830878],[107.112641,20.827012],[107.1067,20.82746],[107.097667,20.838039],[107.093354,20.836046],[107.09018,20.83572],[107.087006,20.838324],[107.085785,20.842475],[107.087657,20.845201],[107.090424,20.846584],[107.09254,20.850206],[107.095225,20.853176],[107.098155,20.855333],[107.101899,20.856513],[107.103445,20.853013],[107.101817,20.84809],[107.102224,20.845323],[107.105642,20.841254],[107.107839,20.835883]]]}},{"type":"Feature","properties":{},"geometry":{"type":"Polygon","coordinates":[[[106.902761,20.84748],[106.897065,20.847764],[106.895844,20.846015],[106.89796,20.840644],[106.897065,20.840318],[106.881521,20.847154],[106.881358,20.852932],[106.888031,20.853135],[106.887787,20.854478],[106.885916,20.856553],[106.889008,20.85871],[106.889171,20.861518],[106.889089,20.865139],[106.893158,20.863389],[106.892589,20.865953],[106.891775,20.873114],[106.900401,20.864325],[106.901296,20.854071],[106.902761,20.84748]]]}},{"type":"Feature","properties":{},"geometry":{"type":"Polygon","coordinates":[[[106.765961,20.847764],[106.764985,20.847764],[106.753835,20.850857],[106.748871,20.859036],[106.749034,20.862331],[106.747732,20.861518],[106.742361,20.86164],[106.737071,20.863267],[106.734711,20.865749],[106.731293,20.866604],[106.727712,20.869045],[106.727712,20.872789],[106.72519,20.872667],[106.725515,20.874783],[106.728282,20.876817],[106.732921,20.881781],[106.74114,20.875149],[106.747,20.87401],[106.753266,20.871283],[106.761404,20.857489],[106.765961,20.847764]]]}},{"type":"Feature","properties":{},"geometry":{"type":"Polygon","coordinates":[[[107.210053,20.865139],[107.207693,20.865098],[107.205903,20.868557],[107.202973,20.870673],[107.200369,20.870958],[107.188813,20.879706],[107.190684,20.882188],[107.195486,20.88406],[107.19988,20.882595],[107.210053,20.875718],[107.212087,20.871609],[107.210053,20.865139]]]}},{"type":"Feature","properties":{},"geometry":{"type":"Polygon","coordinates":[[[107.302908,20.900377],[107.314301,20.889512],[107.324392,20.870307],[107.315929,20.877427],[107.308767,20.883938],[107.300385,20.895209],[107.293712,20.905015],[107.295746,20.906724],[107.302908,20.900377]]]}},{"type":"Feature","properties":{},"geometry":{"type":"Polygon","coordinates":[[[107.319591,20.903469],[107.32309,20.892076],[107.326345,20.880845],[107.324311,20.882066],[107.314789,20.892524],[107.311371,20.905382],[107.309744,20.905219],[107.31186,20.90884],[107.315278,20.911363],[107.319591,20.903469]]]}},{"type":"Feature","properties":{},"geometry":{"type":"Polygon","coordinates":[[[106.977224,20.931383],[106.991059,20.936916],[106.997244,20.936916],[106.997244,20.929226],[106.994721,20.923774],[106.992279,20.917589],[106.991059,20.916978],[106.989757,20.917914],[106.985444,20.920966],[106.982026,20.922919],[106.977224,20.931383]]]}},{"type":"Feature","properties":{},"geometry":{"type":"Polygon","coordinates":[[[106.932221,20.939032],[106.93686,20.952053],[106.955089,20.939236],[106.94866,20.931912],[106.932221,20.939032]]]}},{"type":"Feature","properties":{},"geometry":{"type":"Polygon","coordinates":[[[107.34962,20.924343],[107.326589,20.929104],[107.318044,20.934394],[107.316091,20.939927],[107.32602,20.940416],[107.334158,20.94302],[107.339447,20.943468],[107.347016,20.935981],[107.347911,20.934312],[107.351492,20.940009],[107.355968,20.941799],[107.364513,20.943061],[107.376313,20.955634],[107.380138,20.956285],[107.380789,20.952704],[107.38266,20.953355],[107.384695,20.958808],[107.387869,20.961046],[107.39031,20.959377],[107.390066,20.956529],[107.387055,20.947699],[107.366791,20.929307],[107.354747,20.924791],[107.34962,20.924343]]]}},{"type":"Feature","properties":{},"geometry":{"type":"Polygon","coordinates":[[[107.37322,20.909125],[107.406098,20.918118],[107.41391,20.92239],[107.420584,20.931993],[107.42335,20.942369],[107.425955,20.94595],[107.432791,20.950303],[107.439301,20.957628],[107.44809,20.964138],[107.454275,20.960028],[107.444753,20.941311],[107.43336,20.928249],[107.428722,20.925442],[107.420421,20.917426],[107.381847,20.903103],[107.353282,20.901435],[107.350759,20.904731],[107.37322,20.909125]]]}},{"type":"Feature","properties":{},"geometry":{"type":"Polygon","coordinates":[[[107.058197,20.966051],[107.061615,20.961859],[107.062185,20.958116],[107.052745,20.952501],[107.038341,20.947537],[107.029959,20.948065],[107.022878,20.950426],[107.019379,20.95421],[107.031261,20.974351],[107.037039,20.974555],[107.038666,20.976508],[107.043793,20.978258],[107.051199,20.976589],[107.058197,20.966051]]]}},{"type":"Feature","properties":{},"geometry":{"type":"Polygon","coordinates":[[[106.738536,20.950344],[106.727794,20.953437],[106.71339,20.952541],[106.702322,20.954942],[106.693289,20.960679],[106.685639,20.974189],[106.68686,20.981879],[106.692556,20.985256],[106.698822,20.981635],[106.702566,20.976549],[106.70989,20.972846],[106.72698,20.968655],[106.733084,20.972398],[106.728119,20.980658],[106.728282,20.987209],[106.733084,20.992987],[106.739268,20.996243],[106.744477,20.995144],[106.753591,20.988918],[106.762787,20.979071],[106.763845,20.972683],[106.758962,20.973131],[106.757498,20.972968],[106.759532,20.970771],[106.763764,20.96894],[106.76531,20.964057],[106.765636,20.959621],[106.764659,20.952704],[106.760102,20.947008],[106.738536,20.950344]]]}},{"type":"Feature","properties":{},"geometry":{"type":"Polygon","coordinates":[[[107.517996,21.045233],[107.513276,21.043769],[107.507253,21.039089],[107.500255,21.037584],[107.496918,21.039049],[107.506114,21.048489],[107.514659,21.052965],[107.521821,21.058987],[107.530203,21.070705],[107.533376,21.069729],[107.533702,21.066596],[107.535004,21.066107],[107.537771,21.068549],[107.538748,21.071641],[107.53061,21.07685],[107.530203,21.081],[107.532156,21.083645],[107.53712,21.087795],[107.537934,21.090806],[107.540863,21.095404],[107.546072,21.09984],[107.553152,21.113756],[107.557709,21.115465],[107.561209,21.113756],[107.563569,21.111802],[107.567312,21.111925],[107.576427,21.117377],[107.581798,21.11758],[107.582286,21.110582],[107.581147,21.102322],[107.572683,21.084133],[107.566417,21.082424],[107.562429,21.079495],[107.561615,21.073065],[107.551117,21.068101],[107.535899,21.056912],[107.53476,21.05211],[107.517996,21.045233]]]}},{"type":"Feature","properties":{},"geometry":{"type":"Polygon","coordinates":[[[107.5713,21.13467],[107.576996,21.135769],[107.583507,21.137478],[107.581716,21.129299],[107.565929,21.116848],[107.563487,21.117621],[107.559174,21.122911],[107.560313,21.127427],[107.563487,21.131659],[107.567068,21.134955],[107.5713,21.13467]]]}},{"type":"Feature","properties":{},"geometry":{"type":"Polygon","coordinates":[[[107.66977,21.197496],[107.674083,21.206],[107.679454,21.210924],[107.680186,21.207139],[107.663829,21.145209],[107.658295,21.139431],[107.657563,21.148057],[107.66977,21.197496]]]}},{"type":"Feature","properties":{},"geometry":{"type":"Polygon","coordinates":[[[107.968842,21.24433],[107.974946,21.24494],[107.980968,21.242214],[107.982595,21.2355],[107.979666,21.229438],[107.973318,21.22781],[107.961843,21.228868],[107.953624,21.233629],[107.9546,21.239569],[107.968842,21.24433]]]}},{"type":"Feature","properties":{},"geometry":{"type":"Polygon","coordinates":[[[107.638601,21.255805],[107.639496,21.25259],[107.63852,21.249172],[107.615245,21.232978],[107.611176,21.232978],[107.599457,21.237779],[107.603933,21.242458],[107.638031,21.258612],[107.638601,21.255805]]]}},{"type":"Feature","properties":{},"geometry":{"type":"Polygon","coordinates":[[[107.542084,21.259019],[107.544119,21.265611],[107.557465,21.272203],[107.572765,21.273179],[107.583344,21.26789],[107.587901,21.261501],[107.58489,21.258572],[107.5796,21.256415],[107.566824,21.255154],[107.561046,21.252183],[107.555349,21.257351],[107.548025,21.256456],[107.542084,21.259019]]]}},{"type":"Feature","properties":{},"geometry":{"type":"Polygon","coordinates":[[[107.539887,21.266547],[107.5324,21.263983],[107.525238,21.274726],[107.530528,21.281317],[107.533132,21.285386],[107.539643,21.28384],[107.546397,21.281317],[107.549653,21.281033],[107.557058,21.281562],[107.553884,21.275539],[107.546723,21.27143],[107.539887,21.266547]]]}},{"type":"Feature","properties":{},"geometry":{"type":"Polygon","coordinates":[[[107.781423,21.295071],[107.791026,21.296129],[107.796967,21.293036],[107.793549,21.291246],[107.780854,21.291246],[107.772634,21.289415],[107.759858,21.281317],[107.757335,21.281317],[107.75408,21.283718],[107.759369,21.290839],[107.771169,21.294176],[107.775808,21.294338],[107.781423,21.295071]]]}},{"type":"Feature","properties":{},"geometry":{"type":"Polygon","coordinates":[[[107.694753,21.296902],[107.700531,21.296739],[107.69988,21.291775],[107.660248,21.266832],[107.659841,21.268215],[107.676443,21.287502],[107.694753,21.296902]]]}},{"type":"Feature","properties":{},"geometry":{"type":"Polygon","coordinates":[[[108.160004,21.544176],[108.172781,21.546169],[108.181814,21.54149],[108.182709,21.53498],[108.177013,21.530056],[108.128835,21.518704],[108.126557,21.520413],[108.129568,21.523708],[108.142263,21.529283],[108.160004,21.544176]]]}},{"type":"Feature","properties":{},"geometry":{"type":"Polygon","coordinates":[[[108.569672,21.765774],[108.569509,21.769477],[108.565522,21.77383],[108.570893,21.777533],[108.574229,21.775295],[108.577403,21.771145],[108.577403,21.76321],[108.576345,21.759101],[108.572602,21.759426],[108.569672,21.765774]]]}},{"type":"Feature","properties":{},"geometry":{"type":"Polygon","coordinates":[[[113.175873,21.862128],[113.18157,21.866848],[113.187673,21.869045],[113.190929,21.863349],[113.187999,21.856635],[113.180024,21.850328],[113.173269,21.849148],[113.165538,21.853339],[113.148692,21.842597],[113.131196,21.850369],[113.135671,21.864976],[113.146332,21.862454],[113.151052,21.868964],[113.155935,21.872748],[113.160655,21.870429],[113.167166,21.864488],[113.175873,21.862128]]]}},{"type":"Feature","properties":{},"geometry":{"type":"Polygon","coordinates":[[[113.010916,21.876207],[113.024669,21.880845],[113.03533,21.878445],[113.038829,21.865627],[113.034516,21.855292],[113.020518,21.854844],[113.017345,21.849514],[113.012462,21.852607],[113.003754,21.869534],[113.010916,21.876207]]]}},{"type":"Feature","properties":{},"geometry":{"type":"Polygon","coordinates":[[[121.60255,21.948798],[121.598155,21.952257],[121.601248,21.95718],[121.605724,21.953681],[121.60255,21.948798]]]}},{"type":"Feature","properties":{},"geometry":{"type":"Polygon","coordinates":[[[113.223318,22.000556],[113.201589,21.988756],[113.198253,21.980048],[113.200206,21.975328],[113.196137,21.96719],[113.188162,21.959988],[113.182791,21.960476],[113.180349,21.964423],[113.180024,21.970771],[113.192393,22.033759],[113.200043,22.038438],[113.239513,22.038072],[113.243988,22.039293],[113.249115,22.038357],[113.249197,22.03384],[113.239513,22.023301],[113.242117,22.018175],[113.246349,22.013292],[113.248709,22.008124],[113.249034,22.004747],[113.237641,22.002468],[113.231781,22.002956],[113.223318,22.000556]]]}},{"type":"Feature","properties":{},"geometry":{"type":"Polygon","coordinates":[[[113.903331,22.158433],[113.897146,22.158433],[113.899587,22.163031],[113.910574,22.166164],[113.910574,22.158433],[113.903331,22.158433]]]}},{"type":"Feature","properties":{},"geometry":{"type":"Polygon","coordinates":[[[114.264089,22.16234],[114.256114,22.154568],[114.250662,22.16234],[114.256114,22.171658],[114.266368,22.178697],[114.26946,22.171658],[114.26946,22.164578],[114.264089,22.16234]]]}},{"type":"Feature","properties":{},"geometry":{"type":"Polygon","coordinates":[[[113.910574,22.178697],[113.910574,22.176378],[113.903331,22.178697],[113.903331,22.18651],[113.910574,22.178697]]]}},{"type":"Feature","properties":{},"geometry":{"type":"Polygon","coordinates":[[[114.249034,22.177151],[114.242849,22.175564],[114.242849,22.18419],[114.242849,22.184963],[114.248383,22.184963],[114.253754,22.18651],[114.256114,22.181871],[114.251475,22.177151],[114.249034,22.177151]]]}},{"type":"Feature","properties":{},"geometry":{"type":"Polygon","coordinates":[[[113.990733,22.191881],[113.989106,22.18651],[113.984467,22.188056],[113.97755,22.193427],[113.983735,22.198961],[113.987641,22.198961],[113.990733,22.191881]]]}},{"type":"Feature","properties":{},"geometry":{"type":"Polygon","coordinates":[[[114.022146,22.206773],[114.026785,22.205227],[114.034516,22.205227],[114.031423,22.195868],[114.026785,22.198961],[114.015798,22.191881],[114.014985,22.198188],[114.022146,22.202826],[114.022146,22.206773]]]}},{"type":"Feature","properties":{},"geometry":{"type":"Polygon","coordinates":[[[114.156342,22.231757],[114.152192,22.230984],[114.14446,22.236477],[114.142182,22.241197],[114.142182,22.241889],[114.156342,22.238837],[114.156342,22.231757]]]}},{"type":"Feature","properties":{},"geometry":{"type":"Polygon","coordinates":[[[114.29599,22.254421],[114.29599,22.248114],[114.298513,22.242662],[114.295177,22.23725],[114.288259,22.23253],[114.285167,22.238023],[114.281342,22.238837],[114.282888,22.249742],[114.282888,22.248887],[114.29599,22.254421]]]}},{"type":"Feature","properties":{},"geometry":{"type":"Polygon","coordinates":[[[114.042979,22.241197],[114.038341,22.241197],[114.031423,22.249742],[114.020518,22.255194],[114.023692,22.255968],[114.042247,22.255968],[114.042979,22.241197]]]}},{"type":"Feature","properties":{},"geometry":{"type":"Polygon","coordinates":[[[114.047862,22.256741],[114.042979,22.256741],[114.045339,22.262152],[114.050222,22.262152],[114.051768,22.261379],[114.047862,22.256741]]]}},{"type":"Feature","properties":{},"geometry":{"type":"Polygon","coordinates":[[[114.349946,22.264594],[114.34669,22.25906],[114.344412,22.263048],[114.34669,22.269192],[114.349946,22.264594]]]}},{"type":"Feature","properties":{},"geometry":{"type":"Polygon","coordinates":[[[114.272553,22.27619],[114.264822,22.269965],[114.265636,22.279364],[114.272553,22.27619]]]}},{"type":"Feature","properties":{},"geometry":{"type":"Polygon","coordinates":[[[114.073497,22.280137],[114.069672,22.280137],[114.069672,22.285631],[114.071951,22.285631],[114.074392,22.284084],[114.073497,22.280137]]]}},{"type":"Feature","properties":{},"geometry":{"type":"Polygon","coordinates":[[[114.040701,22.291083],[114.038341,22.285631],[114.042979,22.285631],[114.042979,22.281684],[114.034516,22.279364],[114.034516,22.288723],[114.035248,22.288723],[114.040701,22.291083]]]}},{"type":"Feature","properties":{},"geometry":{"type":"Polygon","coordinates":[[[114.370209,22.305162],[114.368663,22.305162],[114.363943,22.312893],[114.366303,22.318427],[114.370209,22.311347],[114.370209,22.305162]]]}},{"type":"Feature","properties":{},"geometry":{"type":"Polygon","coordinates":[[[114.134369,22.319932],[114.141368,22.315985],[114.145356,22.316799],[114.146821,22.313666],[114.141368,22.310574],[114.136729,22.313666],[114.129812,22.315212],[114.12908,22.315985],[114.134369,22.319932]]]}},{"type":"Feature","properties":{},"geometry":{"type":"Polygon","coordinates":[[[113.942556,22.322252],[113.939464,22.312893],[113.936127,22.309801],[113.933767,22.300401],[113.931488,22.292711],[113.929942,22.292711],[113.929942,22.301174],[113.923676,22.311347],[113.923676,22.312893],[113.923676,22.313666],[113.929942,22.315985],[113.933035,22.322252],[113.936127,22.318427],[113.942556,22.322252]]]}},{"type":"Feature","properties":{},"geometry":{"type":"Polygon","coordinates":[[[114.352306,22.312893],[114.34669,22.309801],[114.353038,22.322252],[114.356049,22.322252],[114.352306,22.312893]]]}},{"type":"Feature","properties":{},"geometry":{"type":"Polygon","coordinates":[[[114.331228,22.326117],[114.319509,22.323798],[114.316335,22.33633],[114.323497,22.339464],[114.328868,22.337144],[114.331228,22.326117]]]}},{"type":"Feature","properties":{},"geometry":{"type":"Polygon","coordinates":[[[114.061778,22.339464],[114.056407,22.339464],[114.054861,22.347276],[114.057953,22.351915],[114.065766,22.348822],[114.062673,22.345771],[114.061778,22.339464]]]}},{"type":"Feature","properties":{},"geometry":{"type":"Polygon","coordinates":[[[120.348155,22.32095],[120.345063,22.331814],[120.350271,22.341132],[120.35019,22.341417],[120.360769,22.353827],[120.368582,22.353827],[120.371104,22.355496],[120.372325,22.353827],[120.373057,22.353827],[120.373871,22.351874],[120.378917,22.345038],[120.377126,22.343492],[120.377696,22.341742],[120.367442,22.335313],[120.36614,22.334215],[120.359793,22.329535],[120.348318,22.320339],[120.348237,22.321072],[120.348155,22.32095]]]}},{"type":"Feature","properties":{},"geometry":{"type":"Polygon","coordinates":[[[114.104828,22.326117],[114.089041,22.322252],[114.086843,22.339464],[114.079112,22.349636],[114.079112,22.35578],[114.085297,22.358995],[114.093761,22.35578],[114.10255,22.353461],[114.105642,22.347276],[114.108735,22.340237],[114.104828,22.326117]]]}},{"type":"Feature","properties":{},"geometry":{"type":"Polygon","coordinates":[[[114.29599,22.362087],[114.29599,22.348822],[114.289724,22.353461],[114.288992,22.36522],[114.288992,22.369086],[114.292817,22.371405],[114.29599,22.362087]]]}},{"type":"Feature","properties":{},"geometry":{"type":"Polygon","coordinates":[[[114.328868,22.342556],[114.307791,22.342556],[114.305431,22.345771],[114.304698,22.358995],[114.303152,22.36522],[114.310883,22.376125],[114.316335,22.376125],[114.319509,22.358995],[114.328868,22.350369],[114.328868,22.342556]]]}},{"type":"Feature","properties":{},"geometry":{"type":"Polygon","coordinates":[[[113.883962,22.379218],[113.879893,22.369859],[113.876069,22.383897],[113.883962,22.379218]]]}},{"type":"Feature","properties":{},"geometry":{"type":"Polygon","coordinates":[[[114.365408,22.474433],[114.359141,22.465806],[114.353038,22.480658],[114.358328,22.486884],[114.363129,22.486111],[114.365408,22.474433]]]}},{"type":"Feature","properties":{},"geometry":{"type":"Polygon","coordinates":[[[114.317068,22.518175],[114.312429,22.512803],[114.300059,22.506415],[114.29363,22.512803],[114.298513,22.515855],[114.303152,22.514268],[114.308523,22.526028],[114.317068,22.518175]]]}},{"type":"Feature","properties":{},"geometry":{"type":"Polygon","coordinates":[[[114.425629,22.551703],[114.427908,22.548611],[114.43336,22.543891],[114.422537,22.543891],[114.425629,22.551703]]]}},{"type":"Feature","properties":{},"geometry":{"type":"Polygon","coordinates":[[[114.288992,22.556383],[114.297699,22.550198],[114.308523,22.554063],[114.316335,22.551744],[114.303884,22.547838],[114.298513,22.547838],[114.295177,22.547838],[114.300792,22.535264],[114.288992,22.540798],[114.285981,22.547065],[114.288992,22.556383]]]}},{"type":"Feature","properties":{},"geometry":{"type":"Polygon","coordinates":[[[120.037852,23.060045],[120.046072,23.052273],[120.045584,23.048896],[120.043224,23.044582],[120.034679,23.051703],[120.02825,23.066189],[120.029307,23.070705],[120.031993,23.070787],[120.03533,23.066555],[120.037852,23.060045]]]}},{"type":"Feature","properties":{},"geometry":{"type":"Polygon","coordinates":[[[120.048513,23.149604],[120.047618,23.145413],[120.03655,23.120958],[120.036306,23.121446],[120.051443,23.168158],[120.052257,23.16767],[120.053722,23.167548],[120.048513,23.149604]]]}},{"type":"Feature","properties":{},"geometry":{"type":"Polygon","coordinates":[[[119.42571,23.222357],[119.436046,23.219713],[119.436697,23.212388],[119.435639,23.206692],[119.431082,23.202786],[119.424978,23.194932],[119.418305,23.191799],[119.413341,23.196967],[119.407644,23.213446],[119.411306,23.21776],[119.42571,23.222357]]]}},{"type":"Feature","properties":{},"geometry":{"type":"Polygon","coordinates":[[[120.060639,23.190212],[120.060395,23.190212],[120.074148,23.224595],[120.076182,23.22484],[120.076834,23.218533],[120.060639,23.190212]]]}},{"type":"Feature","properties":{},"geometry":{"type":"Polygon","coordinates":[[[119.414154,23.225979],[119.405691,23.228298],[119.39796,23.236762],[119.396983,23.24551],[119.401541,23.249376],[119.413748,23.247585],[119.420665,23.236802],[119.414154,23.225979]]]}},{"type":"Feature","properties":{},"geometry":{"type":"Polygon","coordinates":[[[119.612478,23.253201],[119.611664,23.251817],[119.613943,23.248765],[119.609548,23.248358],[119.609386,23.248033],[119.606375,23.248033],[119.604666,23.247829],[119.604503,23.247992],[119.604421,23.247992],[119.60434,23.248155],[119.600271,23.252794],[119.601899,23.253404],[119.601329,23.25495],[119.607514,23.255479],[119.608653,23.255886],[119.610688,23.255723],[119.612478,23.253201]]]}},{"type":"Feature","properties":{},"geometry":{"type":"Polygon","coordinates":[[[119.61085,23.256496],[119.609386,23.256496],[119.610118,23.258979],[119.611176,23.257148],[119.61085,23.256496]]]}},{"type":"Feature","properties":{},"geometry":{"type":"Polygon","coordinates":[[[119.660655,23.263332],[119.669281,23.263332],[119.667817,23.25967],[119.669281,23.258857],[119.665212,23.25373],[119.662364,23.247219],[119.662283,23.247301],[119.662283,23.247219],[119.660167,23.252468],[119.658132,23.256985],[119.658865,23.263332],[119.65919,23.263332],[119.659272,23.264065],[119.660655,23.263332]]]}},{"type":"Feature","properties":{},"geometry":{"type":"Polygon","coordinates":[[[119.652273,23.265937],[119.651622,23.263332],[119.652517,23.263332],[119.652517,23.261461],[119.650564,23.262193],[119.648529,23.262397],[119.648936,23.262763],[119.647716,23.263251],[119.649425,23.263292],[119.652273,23.265937]]]}},{"type":"Feature","properties":{},"geometry":{"type":"Polygon","coordinates":[[[119.497406,23.268378],[119.501882,23.274604],[119.504242,23.271186],[119.497406,23.268378]]]}},{"type":"Feature","properties":{},"geometry":{"type":"Polygon","coordinates":[[[120.08489,23.268663],[120.083669,23.260037],[120.083263,23.260403],[120.085623,23.297268],[120.087576,23.296658],[120.08489,23.268663]]]}},{"type":"Feature","properties":{},"geometry":{"type":"Polygon","coordinates":[[[119.328054,23.319403],[119.329194,23.319159],[119.329519,23.317369],[119.328298,23.316759],[119.32781,23.317328],[119.327729,23.317288],[119.326671,23.318793],[119.328054,23.319403]]]}},{"type":"Feature","properties":{},"geometry":{"type":"Polygon","coordinates":[[[119.313894,23.325141],[119.314382,23.324612],[119.314708,23.322862],[119.313487,23.322252],[119.312999,23.32274],[119.311941,23.324246],[119.313894,23.325141]]]}},{"type":"Feature","properties":{},"geometry":{"type":"Polygon","coordinates":[[[119.329438,23.31981],[119.328054,23.319932],[119.326671,23.325263],[119.329682,23.323391],[119.329438,23.31981]]]}},{"type":"Feature","properties":{},"geometry":{"type":"Polygon","coordinates":[[[120.105479,23.311184],[120.098725,23.306545],[120.097341,23.31037],[120.106293,23.321194],[120.109874,23.329291],[120.113862,23.334621],[120.116303,23.33275],[120.11671,23.328966],[120.111257,23.322252],[120.105479,23.311184]]]}},{"type":"Feature","properties":{},"geometry":{"type":"Polygon","coordinates":[[[120.120453,23.36579],[120.114106,23.355373],[120.110444,23.351426],[120.111257,23.357774],[120.118907,23.370917],[120.122325,23.372219],[120.120453,23.36579]]]}},{"type":"Feature","properties":{},"geometry":{"type":"Polygon","coordinates":[[[119.521088,23.37405],[119.527029,23.37523],[119.532725,23.372016],[119.531912,23.367621],[119.528575,23.366889],[119.525564,23.367011],[119.514171,23.360989],[119.512706,23.362209],[119.514171,23.366929],[119.51824,23.372097],[119.521088,23.37405]]]}},{"type":"Feature","properties":{},"geometry":{"type":"Polygon","coordinates":[[[120.132742,23.386827],[120.132416,23.386746],[120.132416,23.402167],[120.134207,23.400702],[120.134451,23.390652],[120.132742,23.386827]]]}},{"type":"Feature","properties":{},"geometry":{"type":"Polygon","coordinates":[[[119.505219,23.375271],[119.507823,23.372911],[119.5053,23.367499],[119.500987,23.36343],[119.501313,23.360216],[119.503103,23.356676],[119.497569,23.354682],[119.485525,23.35574],[119.479584,23.35814],[119.485037,23.368964],[119.48406,23.383572],[119.480724,23.381415],[119.473155,23.37934],[119.470958,23.387397],[119.478689,23.405097],[119.484955,23.406317],[119.495291,23.393541],[119.497732,23.393012],[119.499929,23.390855],[119.500336,23.382676],[119.502208,23.377265],[119.505219,23.375271]]]}},{"type":"Feature","properties":{},"geometry":{"type":"Polygon","coordinates":[[[119.310557,23.397895],[119.309418,23.399563],[119.309418,23.39997],[119.306488,23.401719],[119.310395,23.409491],[119.311046,23.409573],[119.31186,23.410915],[119.314464,23.410102],[119.315766,23.410305],[119.32073,23.408637],[119.319672,23.406806],[119.320893,23.403022],[119.318614,23.399807],[119.310557,23.397895]]]}},{"type":"Feature","properties":{},"geometry":{"type":"Polygon","coordinates":[[[120.13559,23.416002],[120.135102,23.414944],[120.133149,23.421983],[120.137625,23.420844],[120.137543,23.420722],[120.137869,23.42064],[120.135916,23.414781],[120.13559,23.416002]]]}},{"type":"Feature","properties":{},"geometry":{"type":"Polygon","coordinates":[[[120.12615,23.444525],[120.132416,23.443061],[120.132172,23.442206],[120.132986,23.441921],[120.131033,23.43712],[120.127126,23.443061],[120.12615,23.444525]]]}},{"type":"Feature","properties":{},"geometry":{"type":"Polygon","coordinates":[[[119.533865,23.497423],[119.533621,23.497341],[119.534434,23.49726],[119.524832,23.491319],[119.523367,23.490912],[119.522146,23.489895],[119.519542,23.489691],[119.514334,23.487942],[119.505626,23.483832],[119.504649,23.485297],[119.504568,23.485256],[119.500987,23.485745],[119.499685,23.492051],[119.500255,23.492458],[119.500011,23.492784],[119.500336,23.49258],[119.502289,23.494127],[119.509288,23.492214],[119.51059,23.493191],[119.514496,23.494737],[119.515636,23.495144],[119.515798,23.495307],[119.524425,23.499172],[119.533865,23.497423]]]}},{"type":"Feature","properties":{},"geometry":{"type":"Polygon","coordinates":[[[116.929454,23.539537],[116.923757,23.543443],[116.919526,23.548489],[116.918875,23.554999],[116.924978,23.560696],[116.937104,23.566352],[116.945974,23.57449],[116.946056,23.582017],[116.948985,23.591051],[116.953705,23.59573],[116.96697,23.600816],[116.970795,23.59984],[116.971202,23.594184],[116.968923,23.585761],[116.960623,23.574123],[116.960785,23.554714],[116.958263,23.547349],[116.952485,23.543769],[116.942556,23.543565],[116.929454,23.539537]]]}},{"type":"Feature","properties":{},"geometry":{"type":"Polygon","coordinates":[[[119.612804,23.749823],[119.611257,23.743557],[119.602712,23.739122],[119.595307,23.73078],[119.594086,23.727484],[119.593679,23.72899],[119.593435,23.728746],[119.589203,23.738023],[119.59018,23.739569],[119.588471,23.742987],[119.594981,23.74787],[119.59905,23.755235],[119.601329,23.758328],[119.602875,23.756008],[119.603201,23.754788],[119.612804,23.749823]]]}},{"type":"Feature","properties":{},"geometry":{"type":"Polygon","coordinates":[[[123.781749,24.039089],[123.76002,24.045111],[123.75766,24.053819],[123.766856,24.06037],[123.783458,24.062405],[123.802908,24.060614],[123.807465,24.050767],[123.795095,24.040758],[123.781749,24.039089]]]}},{"type":"Feature","properties":{},"geometry":{"type":"Polygon","coordinates":[[[123.994477,24.235704],[123.997081,24.246772],[124.006196,24.245958],[124.013113,24.241929],[124.021332,24.241034],[124.028738,24.234361],[124.024587,24.221381],[124.01352,24.213772],[124.004324,24.215155],[123.998139,24.222439],[123.994477,24.235704]]]}},{"type":"Feature","properties":{},"geometry":{"type":"Polygon","coordinates":[[[124.097341,24.309231],[124.08961,24.304877],[124.081879,24.310045],[124.078868,24.319403],[124.082693,24.328233],[124.09197,24.328559],[124.100678,24.320014],[124.102224,24.314683],[124.097341,24.309231]]]}},{"type":"Feature","properties":{},"geometry":{"type":"Polygon","coordinates":[[[123.966482,24.326158],[123.958263,24.326931],[123.954031,24.328843],[123.963959,24.334215],[123.965668,24.341376],[123.968761,24.346829],[123.981212,24.347195],[123.997651,24.329983],[123.999278,24.321763],[123.991547,24.319607],[123.985769,24.323228],[123.979666,24.324652],[123.972097,24.32453],[123.966482,24.326158]]]}},{"type":"Feature","properties":{},"geometry":{"type":"Polygon","coordinates":[[[118.256358,24.448106],[118.262706,24.441799],[118.262543,24.430976],[118.257335,24.423774],[118.251231,24.423367],[118.247,24.419298],[118.244802,24.415147],[118.240164,24.412828],[118.220225,24.407538],[118.208995,24.411607],[118.228038,24.446031],[118.233084,24.450751],[118.241059,24.452623],[118.249034,24.452826],[118.256358,24.448106]]]}},{"type":"Feature","properties":{},"geometry":{"type":"Polygon","coordinates":[[[118.326508,24.54324],[118.30128,24.55744],[118.297699,24.561428],[118.300955,24.565212],[118.306895,24.567491],[118.323985,24.569159],[118.333832,24.563544],[118.33546,24.555569],[118.332693,24.547838],[118.326508,24.54324]]]}},{"type":"Feature","properties":{},"geometry":{"type":"Polygon","coordinates":[[[124.705089,24.669257],[124.7199,24.661241],[124.725841,24.646552],[124.717133,24.635037],[124.708263,24.630723],[124.701752,24.62991],[124.691335,24.63109],[124.678559,24.636542],[124.67628,24.651964],[124.689382,24.666897],[124.705089,24.669257]]]}},{"type":"Feature","properties":{},"geometry":{"type":"Polygon","coordinates":[[[124.696137,24.754503],[124.70045,24.750149],[124.704112,24.748318],[124.707856,24.737128],[124.697358,24.741482],[124.68865,24.744574],[124.687429,24.755113],[124.696137,24.754503]]]}},{"type":"Feature","properties":{},"geometry":{"type":"Polygon","coordinates":[[[121.953949,24.846381],[121.956391,24.844224],[121.953624,24.836168],[121.939057,24.836615],[121.93393,24.83926],[121.932465,24.841376],[121.93214,24.841417],[121.927257,24.848578],[121.931,24.847439],[121.94044,24.852362],[121.94101,24.853095],[121.941661,24.853013],[121.942068,24.853217],[121.942963,24.85281],[121.950287,24.851671],[121.953949,24.846381]]]}},{"type":"Feature","properties":{},"geometry":{"type":"Polygon","coordinates":[[[125.245779,24.935899],[125.25294,24.929104],[125.257416,24.918443],[125.252615,24.919338],[125.250987,24.919257],[125.25058,24.91531],[125.237559,24.934027],[125.245779,24.935899]]]}},{"type":"Feature","properties":{},"geometry":{"type":"Polygon","coordinates":[[[119.469493,24.995754],[119.476085,24.9949],[119.476899,24.988308],[119.473643,24.980862],[119.462901,24.975898],[119.457937,24.980048],[119.460378,24.99079],[119.469493,24.995754]]]}},{"type":"Feature","properties":{},"geometry":{"type":"Polygon","coordinates":[[[124.427745,12.551378],[124.414236,12.55744],[124.409679,12.56151],[124.417817,12.573961],[124.425466,12.579942],[124.429861,12.574164],[124.43393,12.563218],[124.438487,12.560289],[124.443696,12.56155],[124.45281,12.557929],[124.454275,12.550686],[124.453461,12.546047],[124.451996,12.54328],[124.44337,12.545152],[124.433442,12.548855],[124.427745,12.551378]]]}},{"type":"Feature","properties":{},"geometry":{"type":"Polygon","coordinates":[[[124.514822,12.55272],[124.499278,12.54092],[124.490408,12.558417],[124.484711,12.564358],[124.476654,12.575303],[124.480317,12.58511],[124.490245,12.582709],[124.499278,12.572089],[124.50408,12.566921],[124.506765,12.565212],[124.508067,12.559353],[124.514822,12.55272]]]}},{"type":"Feature","properties":{},"geometry":{"type":"Polygon","coordinates":[[[124.384044,12.611843],[124.39031,12.60281],[124.396495,12.591986],[124.388438,12.579576],[124.383311,12.583075],[124.377452,12.594021],[124.374522,12.588121],[124.367035,12.589342],[124.362966,12.59573],[124.361013,12.599799],[124.363455,12.606513],[124.364431,12.61107],[124.36142,12.613756],[124.36435,12.618354],[124.374115,12.618801],[124.384044,12.611843]]]}},{"type":"Feature","properties":{},"geometry":{"type":"Polygon","coordinates":[[[125.064301,12.57335],[125.061778,12.568345],[125.056082,12.561754],[125.046886,12.556789],[125.035004,12.555569],[125.028331,12.556586],[125.015961,12.568915],[125.009939,12.570299],[125.004731,12.576239],[124.989757,12.616929],[124.987315,12.640123],[124.997081,12.636868],[125.00823,12.6258],[125.010997,12.6164],[125.010671,12.605089],[125.015147,12.599473],[125.034679,12.587877],[125.050629,12.588324],[125.058116,12.585191],[125.064301,12.57335]]]}},{"type":"Feature","properties":{},"geometry":{"type":"Polygon","coordinates":[[[125.073416,12.634833],[125.077973,12.621609],[125.084483,12.618801],[125.08725,12.61343],[125.085134,12.605658],[125.078298,12.603664],[125.05421,12.606635],[125.044363,12.611436],[125.037283,12.620998],[125.039724,12.6258],[125.045746,12.62755],[125.05185,12.632758],[125.049571,12.639757],[125.041677,12.646918],[125.033458,12.649685],[125.026378,12.654324],[125.027029,12.660549],[125.029714,12.6647],[125.028901,12.668118],[125.030284,12.674221],[125.035167,12.681871],[125.042654,12.684475],[125.053233,12.685899],[125.061697,12.683417],[125.071788,12.650987],[125.073416,12.634833]]]}},{"type":"Feature","properties":{},"geometry":{"type":"Polygon","coordinates":[[[124.366384,12.655422],[124.36142,12.661404],[124.359467,12.675157],[124.358735,12.681057],[124.353445,12.687323],[124.351899,12.695339],[124.357188,12.696601],[124.373057,12.685899],[124.377289,12.685777],[124.382416,12.686916],[124.381602,12.683824],[124.380951,12.681952],[124.382416,12.681464],[124.387869,12.673285],[124.391694,12.658922],[124.393403,12.650865],[124.391938,12.643215],[124.385916,12.639879],[124.381602,12.638088],[124.366384,12.655422]]]}},{"type":"Feature","properties":{},"geometry":{"type":"Polygon","coordinates":[[[122.060883,12.826565],[122.069184,12.828518],[122.077322,12.834581],[122.077159,12.824978],[122.069347,12.803982],[122.057628,12.790066],[122.045177,12.784329],[122.035818,12.787177],[122.029714,12.792304],[122.026541,12.796861],[122.020274,12.798082],[122.018077,12.802273],[122.026215,12.81151],[122.036957,12.818142],[122.046641,12.820136],[122.060883,12.826565]]]}},{"type":"Feature","properties":{},"geometry":{"type":"Polygon","coordinates":[[[122.066417,12.965074],[122.092459,12.960517],[122.095551,12.953966],[122.094737,12.942532],[122.090994,12.929185],[122.084239,12.916571],[122.074229,12.90941],[122.059744,12.909329],[122.049978,12.920274],[122.050141,12.923977],[122.053071,12.93183],[122.047537,12.93773],[122.03948,12.94066],[122.035981,12.942816],[122.035492,12.945909],[122.033051,12.95071],[122.034109,12.956855],[122.041189,12.961656],[122.066417,12.965074]]]}},{"type":"Feature","properties":{},"geometry":{"type":"Polygon","coordinates":[[[122.87794,13.154486],[122.892182,13.148912],[122.894054,13.146674],[122.891531,13.141995],[122.881114,13.14232],[122.877289,13.145087],[122.868988,13.146959],[122.861583,13.162543],[122.854421,13.175442],[122.864106,13.169216],[122.87794,13.154486]]]}},{"type":"Feature","properties":{},"geometry":{"type":"Polygon","coordinates":[[[122.722748,13.361355],[122.720876,13.3581],[122.720876,13.350043],[122.722748,13.332017],[122.718435,13.324571],[122.711762,13.34394],[122.713796,13.363837],[122.722748,13.361355]]]}},{"type":"Feature","properties":{},"geometry":{"type":"Polygon","coordinates":[[[122.166759,13.520901],[122.176036,13.530707],[122.179698,13.505805],[122.166759,13.520901]]]}},{"type":"Feature","properties":{},"geometry":{"type":"Polygon","coordinates":[[[122.123139,13.537218],[122.130789,13.534125],[122.133556,13.516954],[122.125824,13.522121],[122.112478,13.527696],[122.107026,13.527411],[122.10727,13.53148],[122.105805,13.53616],[122.108897,13.539293],[122.114024,13.537502],[122.123139,13.537218]]]}},{"type":"Feature","properties":{},"geometry":{"type":"Polygon","coordinates":[[[109.354666,13.609442],[109.351736,13.610989],[109.345876,13.621609],[109.343435,13.63227],[109.349213,13.630683],[109.358002,13.619696],[109.362478,13.616523],[109.365082,13.608507],[109.362966,13.606431],[109.358409,13.609849],[109.354666,13.609442]]]}},{"type":"Feature","properties":{},"geometry":{"type":"Polygon","coordinates":[[[120.363617,13.650377],[120.317393,13.670315],[120.309744,13.676907],[120.311209,13.680365],[120.370128,13.66706],[120.377452,13.661282],[120.387055,13.656684],[120.406912,13.657457],[120.409923,13.656033],[120.413015,13.652208],[120.417979,13.638129],[120.413992,13.62755],[120.404877,13.629381],[120.398692,13.632229],[120.388845,13.633205],[120.384451,13.63524],[120.376638,13.642442],[120.363617,13.650377]]]}},{"type":"Feature","properties":{},"geometry":{"type":"Polygon","coordinates":[[[120.909841,13.658922],[120.927094,13.658067],[120.936046,13.651597],[120.935069,13.63817],[120.923025,13.629421],[120.910248,13.62755],[120.875499,13.634833],[120.840831,13.655626],[120.836925,13.6612],[120.827322,13.684068],[120.826427,13.688259],[120.828461,13.690334],[120.838959,13.676947],[120.845795,13.672105],[120.882498,13.659451],[120.909841,13.658922]]]}},{"type":"Feature","properties":{},"geometry":{"type":"Polygon","coordinates":[[[120.313406,13.779853],[120.299001,13.779486],[120.280772,13.787828],[120.272309,13.794623],[120.271007,13.802924],[120.268972,13.808092],[120.264822,13.806993],[120.260265,13.808092],[120.26352,13.813381],[120.273285,13.815701],[120.281179,13.820583],[120.285818,13.837388],[120.296641,13.833645],[120.305837,13.827663],[120.310802,13.825954],[120.316173,13.82689],[120.318451,13.825792],[120.323822,13.813747],[120.329031,13.807522],[120.331228,13.80211],[120.330089,13.797675],[120.313406,13.779853]]]}},{"type":"Feature","properties":{},"geometry":{"type":"Polygon","coordinates":[[[120.025483,13.899766],[120.045746,13.892971],[120.056163,13.877021],[120.044363,13.868313],[120.033865,13.873928],[120.024587,13.879503],[120.0171,13.88463],[120.017426,13.894192],[120.018728,13.896348],[120.025483,13.899766]]]}},{"type":"Feature","properties":{},"geometry":{"type":"Polygon","coordinates":[[[121.787527,13.913398],[121.794688,13.905056],[121.793712,13.887926],[121.78419,13.879503],[121.780772,13.883816],[121.782481,13.898464],[121.775727,13.902248],[121.756928,13.889553],[121.749278,13.887681],[121.742768,13.900092],[121.739268,13.919257],[121.743907,13.922919],[121.749278,13.925442],[121.750499,13.929755],[121.74586,13.940131],[121.750173,13.943712],[121.758474,13.942939],[121.782074,13.934516],[121.78891,13.925442],[121.786713,13.916897],[121.787527,13.913398]]]}},{"type":"Feature","properties":{},"geometry":{"type":"Polygon","coordinates":[[[123.806977,13.94835],[123.815278,13.951768],[123.813487,13.965399],[123.815115,13.974636],[123.818696,13.977891],[123.834809,13.976711],[123.837738,13.969224],[123.832042,13.964464],[123.832693,13.959825],[123.835867,13.949897],[123.832042,13.938585],[123.834646,13.919582],[123.836192,13.910305],[123.839692,13.901923],[123.834809,13.894192],[123.83017,13.891384],[123.821625,13.910142],[123.820323,13.912502],[123.817149,13.911851],[123.812348,13.911973],[123.810557,13.918728],[123.810883,13.924791],[123.808279,13.92768],[123.812185,13.933458],[123.81186,13.936998],[123.808767,13.943427],[123.806977,13.94835]]]}},{"type":"Feature","properties":{},"geometry":{"type":"Polygon","coordinates":[[[123.663829,13.964789],[123.669281,13.964016],[123.674734,13.951972],[123.668224,13.939439],[123.620128,13.908922],[123.615733,13.912014],[123.613129,13.91531],[123.609955,13.916327],[123.60727,13.916002],[123.603201,13.916612],[123.600434,13.924221],[123.599539,13.933987],[123.596365,13.941596],[123.595307,13.947211],[123.602631,13.959784],[123.605642,13.961208],[123.606293,13.955186],[123.608409,13.952338],[123.612641,13.953111],[123.616384,13.95067],[123.619233,13.946438],[123.620209,13.948472],[123.620779,13.956122],[123.624929,13.959621],[123.631033,13.95954],[123.635916,13.962633],[123.641043,13.962673],[123.6456,13.959825],[123.648123,13.957343],[123.650238,13.952826],[123.65268,13.953111],[123.652354,13.95897],[123.651052,13.962633],[123.644542,13.972113],[123.642914,13.970811],[123.639415,13.970689],[123.637055,13.975124],[123.638276,13.981147],[123.642263,13.982082],[123.652354,13.976223],[123.658946,13.967922],[123.663829,13.964789]]]}},{"type":"Feature","properties":{},"geometry":{"type":"Polygon","coordinates":[[[124.311697,13.957872],[124.307628,13.967841],[124.314301,13.976345],[124.322927,13.976345],[124.323741,13.978542],[124.322439,13.983262],[124.326182,13.982489],[124.351085,13.954332],[124.350922,13.950263],[124.347585,13.949205],[124.336436,13.941881],[124.326915,13.944078],[124.311697,13.957872]]]}},{"type":"Feature","properties":{},"geometry":{"type":"Polygon","coordinates":[[[123.307302,14.109687],[123.299001,14.115627],[123.288422,14.125556],[123.301768,14.13052],[123.319916,14.118394],[123.320567,14.113145],[123.325206,14.114407],[123.325206,14.107327],[123.32016,14.099962],[123.318858,14.099229],[123.31837,14.094387],[123.314626,14.091905],[123.309255,14.10342],[123.307302,14.109687]]]}}]}
